"Name","TeamAbbreviation","Minutes","OffPoss","Points","FG2M","FG2A","Fg2Pct","FG3M","FG3A","Fg3Pct","NonHeaveFg3Pct","FtPoints","PtsAssisted2s","PtsUnassisted2s","PtsAssisted3s","PtsUnassisted3s","Assisted2sPct","NonPutbacksAssisted2sPct","Assisted3sPct","FG3APct","ShotQualityAvg","EfgPct","TsPct","PtsPutbacks","Fg2aBlocked","FG2APctBlocked","Fg3aBlocked","FG3APctBlocked","Usage"
"Dyson Daniels","ATL",746,1615,253,102,176,0.5795454545454546,8,39,0.20512820512820512,0.20512820512820512,25,126,78,24,0,0.6176470588235294,0.6702127659574468,1,0.1813953488372093,0.5721934883720929,0.5302325581395348,0.55,16,11,0.0625,0,0,14.939360529217199
"Mikal Bridges","NYK",736,1472,364,98,160,0.6125,48,110,0.43636363636363634,0.43636363636363634,24,158,38,144,0,0.8061224489795918,0.8315789473684211,1,0.4074074074074074,0.5688503703703706,0.6296296296296297,0.6453900709219859,6,8,0.05,0,0,17.904191616766468
"Donte DiVincenzo","MIN",727,1503,290,22,47,0.46808510638297873,74,199,0.37185929648241206,0.37185929648241206,24,28,16,204,18,0.6363636363636364,0.7,0.918918918918919,0.8089430894308943,0.5638662601626018,0.540650406504065,0.562015503875969,4,2,0.0425531914893617,0,0,17.759237187127532
"Julius Randle","MIN",727,1503,430,110,207,0.5314009661835749,56,141,0.3971631205673759,0.3971631205673759,42,90,130,144,24,0.4090909090909091,0.4368932038834951,0.8571428571428571,0.4051724137931034,0.5354794540229887,0.5574712643678161,0.5779569892473119,14,8,0.03864734299516908,0,0,25.446960667461262
"Jalen Johnson","ATL",721,1566,441,131,242,0.5413223140495868,33,102,0.3235294117647059,0.3235294117647059,80,138,124,90,9,0.5267175572519084,0.575,0.9090909090909091,0.29651162790697677,0.5448411337209301,0.5247093023255814,0.5697674418604651,22,21,0.08677685950413223,1,0.00980392156862745,25.61044860874503
"Rudy Gobert","MIN",703,1451,243,98,140,0.7,0,0,0,0,47,134,62,0,0,0.6836734693877551,0.9436619718309859,0,0,0.6622478571428569,0.7,0.675,54,16,0.11428571428571428,0,0,12.915129151291511
"Nickeil Alexander-Walker","ATL",703,1521,415,74,130,0.5692307692307692,72,168,0.42857142857142855,0.42857142857142855,51,80,68,210,6,0.5405405405405406,0.5405405405405406,0.9722222222222222,0.5637583892617449,0.572501342281879,0.610738255033557,0.64576802507837,0,13,0.1,1,0.005952380952380952,20.32615026208503
"Karl-Anthony Towns","NYK",692,1382,400,102,177,0.576271186440678,36,88,0.4090909090909091,0.4090909090909091,88,104,100,102,6,0.5098039215686274,0.6265060240963856,0.9444444444444444,0.3320754716981132,0.5691666037735849,0.5886792452830188,0.6456310679611651,38,15,0.0847457627118644,1,0.011363636363636364,23.64563416188655
"Desmond Bane","ORL",678,1412,380,102,158,0.6455696202531646,44,96,0.4583333333333333,0.4583333333333333,44,116,88,123,9,0.5686274509803921,0.6041666666666666,0.9318181818181818,0.3779527559055118,0.5463334645669292,0.6614173228346457,0.6900369003690037,12,13,0.08227848101265822,2,0.020833333333333332,19.371391917896087
"Jalen Brunson","NYK",675,1351,404,102,211,0.4834123222748815,49,131,0.37404580152671757,0.37404580152671757,53,64,140,105,42,0.3137254901960784,0.3137254901960784,0.7142857142857143,0.3830409356725146,0.5114397660818714,0.5131578947368421,0.5447154471544715,0,9,0.04265402843601896,0,0,26.609724047306177
"DeMar DeRozan","SAC",672,1384,350,123,226,0.5442477876106194,12,34,0.35294117647058826,0.35294117647058826,68,108,138,33,3,0.43902439024390244,0.453781512605042,0.9166666666666666,0.13076923076923078,0.4713005769230769,0.5423076923076923,0.5945017182130584,8,11,0.048672566371681415,0,0,20.076481835564053
"Amen Thompson","HOU",664,1302,328,132,216,0.6111111111111112,6,27,0.2222222222222222,0.2222222222222222,46,136,128,18,0,0.5151515151515151,0.5619834710743802,1,0.1111111111111111,0.5595220164609054,0.5802469135802469,0.6096654275092936,22,18,0.08333333333333333,0,0,19.920582395764395
"Jaden McDaniels","MIN",661,1370,331,101,156,0.6474358974358975,32,68,0.47058823529411764,0.47058823529411764,33,128,74,93,3,0.6336633663366337,0.6808510638297872,0.96875,0.30357142857142855,0.5604113839285715,0.6651785714285714,0.6854166666666667,14,8,0.05128205128205128,2,0.029411764705882353,18.19371727748691
"Duncan Robinson","DET",658,1353,301,23,44,0.5227272727272727,80,162,0.49382716049382713,0.49382716049382713,15,36,10,234,6,0.782608695652174,0.8571428571428571,0.975,0.7864077669902912,0.5678310679611649,0.6941747572815534,0.7065727699530516,4,3,0.06818181818181818,0,0,13.959390862944163
"Kon Knueppel","CHA",657,1356,389,60,102,0.5882352941176471,82,155,0.5290322580645161,0.5290322580645161,23,74,46,237,9,0.6166666666666667,0.6271186440677966,0.9634146341463414,0.603112840466926,0.5605904296875,0.7120622568093385,0.7203703703703703,2,12,0.11764705882352941,0,0,19.120458891013385
"Kevin Durant","HOU",656,1291,407,114,196,0.5816326530612245,43,106,0.4056603773584906,0.4056603773584906,50,132,96,108,21,0.5789473684210527,0.5892857142857143,0.8372093023255814,0.3509933774834437,0.49793725165562913,0.5910596026490066,0.6188271604938271,4,7,0.03571428571428571,0,0,24.563758389261743
"Jamal Murray","DEN",656,1331,451,100,187,0.5347593582887701,66,151,0.4370860927152318,0.4370860927152318,53,92,108,135,63,0.46,0.46,0.6818181818181818,0.4467455621301775,0.5251825443786982,0.5887573964497042,0.6211699164345403,0,19,0.10160427807486631,1,0.006622516556291391,26.78812415654521
"Jabari Smith Jr.","HOU",648,1268,284,58,100,0.58,45,109,0.41284403669724773,0.41284403669724773,33,82,34,135,0,0.7068965517241379,0.7454545454545455,1,0.5215311004784688,0.540349043062201,0.6004784688995215,0.6288888888888889,6,8,0.08,0,0,16.937669376693766
"Wendell Carter Jr.","ORL",641,1339,262,75,122,0.6147540983606558,28,74,0.3783783783783784,0.3783783783783784,28,124,26,84,0,0.8266666666666667,0.96875,1,0.37755102040816324,0.5697528061224493,0.5969387755102041,0.6150234741784038,22,10,0.08196721311475409,0,0,16.216216216216214
"Onyeka Okongwu","ATL",632,1372,347,72,134,0.5373134328358209,56,136,0.4117647058823529,0.4117647058823529,35,104,40,168,0,0.7222222222222222,0.8,1,0.5037037037037037,0.5676983333333333,0.5777777777777777,0.6045296167247387,14,14,0.1044776119402985,0,0,20.442708333333336
"Deandre Ayton","LAL",631,1305,281,130,190,0.6842105263157895,0,0,0,0,21,238,22,0,0,0.9153846153846154,1,0,0,0.5559826315789472,0.6842105263157895,0.6820388349514563,22,5,0.02631578947368421,0,0,16.445066480055985
"Scottie Barnes","TOR",626,1269,293,105,172,0.6104651162790697,20,62,0.3225806451612903,0.3225806451612903,23,118,92,57,3,0.5619047619047619,0.5784313725490197,0.95,0.26495726495726496,0.5421230769230769,0.5769230769230769,0.5907258064516129,6,5,0.029069767441860465,0,0,19.92982456140351
"Bam Adebayo","MIA",625,1356,429,109,228,0.4780701754385965,46,129,0.35658914728682173,0.35658914728682173,73,138,80,126,12,0.6330275229357798,0.69,0.9130434782608695,0.36134453781512604,0.5388941176470586,0.49859943977591037,0.5389447236180904,18,11,0.04824561403508772,0,0,28.59947643979058
"Miles Bridges","CHA",622,1279,311,66,120,0.55,47,111,0.42342342342342343,0.42342342342342343,38,68,64,132,9,0.5151515151515151,0.5396825396825397,0.9361702127659575,0.4805194805194805,0.5553443722943722,0.5909090909090909,0.6195219123505976,6,6,0.05,0,0,18.440677966101696
"James Harden","LAC",620,1258,316,60,100,0.6,41,110,0.37272727272727274,0.37272727272727274,73,20,100,66,57,0.16666666666666666,0.16666666666666666,0.5365853658536586,0.5238095238095238,0.5299197619047619,0.5785714285714286,0.6514522821576764,0,16,0.16,3,0.02727272727272727,21.748400852878465
"Davion Mitchell","MIA",613,1320,230,63,103,0.6116504854368932,32,76,0.42105263157894735,0.42105263157894735,8,34,92,84,12,0.2698412698412698,0.27419354838709675,0.875,0.4245810055865922,0.5521712290502793,0.6201117318435754,0.6216216216216216,2,6,0.05825242718446602,0,0,14.787305874409183
"Alperen Sengun","HOU",611,1202,364,148,264,0.5606060606060606,10,25,0.4,0.4,38,146,150,24,6,0.49324324324324326,0.5407407407407407,0.8,0.08650519031141868,0.5182332179930795,0.5640138408304498,0.5852090032154341,26,14,0.05303030303030303,0,0,25.883201153568855
"Brandon Ingram","TOR",611,1238,407,125,217,0.576036866359447,37,86,0.43023255813953487,0.43023255813953487,46,116,134,108,3,0.464,0.48333333333333334,0.972972972972973,0.2838283828382838,0.5237229372937292,0.5957095709570958,0.6234567901234568,10,14,0.06451612903225806,0,0,26.346015793251976
"Ausar Thompson","DET",611,1263,220,95,193,0.49222797927461137,0,3,0,0,30,104,86,0,0,0.5473684210526316,0.6190476190476191,0,0.015306122448979591,0.5644051020408165,0.4846938775510204,0.5116279069767442,22,15,0.07772020725388601,0,0,17.27891156462585
"Derrick White","BOS",610,1214,240,48,89,0.5393258426966292,39,121,0.32231404958677684,0.32231404958677684,27,54,42,93,24,0.5625,0.574468085106383,0.7948717948717948,0.5761904761904761,0.5353507177033492,0.5071428571428571,0.5405405405405406,2,5,0.056179775280898875,0,0,18.090452261306535
"Donovan Mitchell","CLE",609,1248,462,114,187,0.6096256684491979,57,164,0.3475609756097561,0.3475609756097561,63,86,142,114,57,0.37719298245614036,0.38392857142857145,0.6666666666666666,0.4672364672364672,0.5536082621082622,0.5683760683760684,0.6055408970976254,4,13,0.06951871657754011,1,0.006097560975609756,30.09292351679771
"Myles Turner","MIL",607,1250,287,46,86,0.5348837209302325,54,138,0.391304347826087,0.391304347826087,33,60,32,162,0,0.6521739130434783,0.75,1,0.6160714285714286,0.5391178571428573,0.5669642857142857,0.5857142857142857,12,15,0.1744186046511628,1,0.007246376811594203,19.706959706959708
"OG Anunoby","NYK",606,1222,259,57,102,0.5588235294117647,39,102,0.38235294117647056,0.38235294117647056,28,88,26,108,9,0.7719298245614035,0.7857142857142857,0.9230769230769231,0.5,0.6051661764705882,0.5661764705882353,0.5967741935483871,2,8,0.0784313725490196,2,0.0196078431372549,17.583212735166423
"VJ Edgecombe","PHI",605,1233,272,63,122,0.5163934426229508,35,97,0.36082474226804123,0.36082474226804123,41,60,66,81,24,0.47619047619047616,0.4838709677419355,0.7714285714285715,0.4429223744292237,0.5552769406392694,0.5273972602739726,0.5666666666666667,2,12,0.09836065573770492,1,0.010309278350515464,19.071428571428573
"Nic Claxton","BKN",604,1209,245,100,173,0.5780346820809249,1,7,0.14285714285714285,0.14285714285714285,42,138,62,3,0,0.69,0.7666666666666667,1,0.03888888888888889,0.5699980555555554,0.5638888888888889,0.5861244019138756,20,10,0.057803468208092484,0,0,17.564575645756456
"Toumani Camara","POR",603,1267,275,36,63,0.5714285714285714,60,151,0.3973509933774834,0.3973509933774834,23,46,26,150,30,0.6388888888888888,0.7666666666666667,0.8333333333333334,0.705607476635514,0.5791731308411215,0.5887850467289719,0.6030701754385965,12,5,0.07936507936507936,0,0,17.007251153592616
"Jalen Duren","DET",599,1235,438,173,256,0.67578125,0,0,0,0,92,230,116,0,0,0.6647398843930635,0.7666666666666667,0,0,0.5738312499999999,0.67578125,0.7041800643086816,46,24,0.09375,0,0,24.164345403899723
"Paolo Banchero","ORL",596,1235,354,104,181,0.574585635359116,15,60,0.25,0.25,101,122,86,36,9,0.5865384615384616,0.6039603960396039,0.8,0.24896265560165975,0.5605885892116184,0.524896265560166,0.6040955631399317,6,20,0.11049723756906077,0,0,24.633431085043988
"Luka Dončić","LAL",596,1227,499,113,202,0.5594059405940595,62,168,0.36904761904761907,0.36904761904761907,87,50,176,99,87,0.22123893805309736,0.22935779816513763,0.532258064516129,0.4540540540540541,0.506450810810811,0.5567567567567567,0.6031553398058253,8,3,0.01485148514851485,1,0.005952380952380952,35.02235469448584
"Kris Dunn","LAC",595,1201,180,40,72,0.5555555555555556,27,60,0.45,0.45,19,34,46,81,0,0.425,0.4358974358974359,1,0.45454545454545453,0.5463583333333333,0.6098484848484849,0.6347517730496454,2,3,0.041666666666666664,1,0.016666666666666666,12.443778110944528
"Neemias Queta","BOS",590,1173,267,120,178,0.6741573033707865,0,0,0,0,27,182,58,0,0,0.7583333333333333,0.9381443298969072,0,0,0.571825842696629,0.6741573033707865,0.6881443298969072,46,16,0.0898876404494382,0,0,15.937731653076353
"CJ McCollum","ATL",584,1241,351,68,120,0.5666666666666667,57,128,0.4453125,0.4453125,44,54,82,117,54,0.39705882352941174,0.39705882352941174,0.6842105263157895,0.5161290322580645,0.5432393145161292,0.6189516129032258,0.6554307116104869,0,3,0.025,1,0.0078125,21.285714285714285
"Ryan Rollins","MIL",579,1195,283,60,112,0.5357142857142857,48,110,0.43636363636363634,0.43636363636363634,19,34,86,99,45,0.2833333333333333,0.2833333333333333,0.6875,0.4954954954954955,0.5572925675675675,0.5945945945945946,0.6077586206896551,0,12,0.10714285714285714,0,0,21.923076923076923
"Kawhi Leonard","LAC",577,1152,457,117,221,0.5294117647058824,53,127,0.41732283464566927,0.41732283464566927,64,98,136,105,54,0.4188034188034188,0.44545454545454544,0.660377358490566,0.3649425287356322,0.5087964080459769,0.5646551724137931,0.6099195710455764,14,9,0.04072398190045249,0,0,31.361867704280158
"Nikola Jokić","DEN",574,1180,390,128,188,0.6808510638297872,27,65,0.4153846153846154,0.4153846153846154,53,154,102,66,15,0.6015625,0.6936936936936937,0.8148148148148148,0.25691699604743085,0.5101324110671938,0.66600790513834,0.6914893617021277,34,8,0.0425531914893617,1,0.015384615384615385,25.58667676003028
"Trey Murphy III","NOP",573,1194,298,62,112,0.5535714285714286,49,126,0.3888888888888889,0.3888888888888889,27,100,24,117,30,0.8064516129032258,0.8620689655172413,0.7959183673469388,0.5294117647058824,0.5592088607594935,0.569327731092437,0.5896414342629482,8,6,0.05357142857142857,0,0,20.74074074074074
"De'Aaron Fox","SAS",573,1202,292,87,146,0.5958904109589042,31,85,0.36470588235294116,0.36470588235294116,25,44,130,81,12,0.25287356321839083,0.2558139534883721,0.8709677419354839,0.36796536796536794,0.5435567099567099,0.577922077922078,0.6008230452674898,2,14,0.0958904109589041,0,0,21.20754716981132
"Donovan Clingan","POR",572,1202,282,77,120,0.6416666666666667,32,89,0.3595505617977528,0.3595505617977528,32,88,66,93,3,0.5714285714285714,0.88,0.96875,0.4258373205741627,0.5896978468899521,0.5980861244019139,0.618421052631579,54,12,0.1,0,0,17.32776617954071
"Andrew Wiggins","MIA",568,1233,289,64,140,0.45714285714285713,45,102,0.4411764705882353,0.4411764705882353,26,52,76,129,6,0.40625,0.49056603773584906,0.9555555555555556,0.4214876033057851,0.5602243801652891,0.5433884297520661,0.564453125,22,19,0.1357142857142857,1,0.00980392156862745,19.84011627906977
"Matas Buzelis","CHI",568,1188,318,74,124,0.5967741935483871,41,117,0.3504273504273504,0.3504273504273504,47,82,66,123,0,0.5540540540540541,0.5694444444444444,1,0.4854771784232365,0.6100383817427387,0.5622406639004149,0.5955056179775281,4,15,0.12096774193548387,3,0.02564102564102564,23.686214775323684
"Tyrese Maxey","PHI",566,1152,300,55,133,0.41353383458646614,54,149,0.3624161073825503,0.3624161073825503,28,56,54,90,72,0.509090909090909,0.5185185185185185,0.5555555555555556,0.5283687943262412,0.5364306737588652,0.48226950354609927,0.5068259385665529,2,10,0.07518796992481203,2,0.013422818791946308,25.36287242169595
"Royce O'Neale","PHX",564,1153,175,11,19,0.5789473684210527,51,138,0.3695652173913043,0.3695652173913043,0,18,4,141,12,0.8181818181818182,0.8181818181818182,0.9215686274509803,0.8789808917197452,0.5661407643312102,0.5573248407643312,0.5573248407643312,0,1,0.05263157894736842,0,0,13.88036809815951
"Jaylen Brown","BOS",563,1121,443,133,252,0.5277777777777778,36,95,0.37894736842105264,0.37894736842105264,69,100,166,60,48,0.37593984962406013,0.3816793893129771,0.5555555555555556,0.2737752161383285,0.501621098265896,0.5389048991354467,0.5783289817232375,4,19,0.07539682539682539,0,0,33.540856031128406
"Immanuel Quickley","TOR",560,1137,287,47,86,0.5465116279069767,53,115,0.4608695652173913,0.4608695652173913,34,48,46,150,9,0.5106382978723404,0.5333333333333333,0.9433962264150944,0.572139303482587,0.5412263681592041,0.6293532338308457,0.6651162790697674,4,11,0.12790697674418605,1,0.008695652173913044,18.60828772478499
"Saddiq Bey","NOP",560,1173,306,64,142,0.4507042253521127,44,112,0.39285714285714285,0.39285714285714285,46,54,74,126,6,0.421875,0.47368421052631576,0.9545454545454546,0.4409448818897638,0.5528293307086614,0.5118110236220472,0.5565693430656934,14,12,0.08450704225352113,0,0,22.054380664652566
"Anthony Edwards","MIN",558,1154,403,86,164,0.524390243902439,54,137,0.39416058394160586,0.39416058394160586,69,72,100,96,66,0.4186046511627907,0.4235294117647059,0.5925925925925926,0.45514950166112955,0.5438036544850499,0.5548172757475083,0.5970149253731343,2,6,0.036585365853658534,0,0,29.79876160990712
"Chet Holmgren","OKC",557,1162,368,105,157,0.6687898089171974,34,86,0.3953488372093023,0.3953488372093023,56,134,76,99,3,0.638095238095238,0.7362637362637363,0.9705882352941176,0.35390946502057613,0.5685368312757203,0.6419753086419753,0.673992673992674,28,7,0.044585987261146494,3,0.03488372093023256,23.374613003095977
"LaMelo Ball","CHA",555,1148,439,59,117,0.5042735042735043,94,212,0.44339622641509435,0.44339622641509435,39,42,76,177,105,0.3559322033898305,0.38181818181818183,0.6276595744680851,0.6443768996960486,0.5420148936170212,0.60790273556231,0.6278735632183908,8,11,0.09401709401709402,2,0.009433962264150943,28.624813153961135
"Noah Clowney","BKN",552,1107,239,29,78,0.3717948717948718,47,138,0.34057971014492755,0.34057971014492755,40,40,18,141,0,0.6896551724137931,0.6896551724137931,1,0.6388888888888888,0.5483148148148148,0.46064814814814814,0.5021097046413502,0,13,0.16666666666666666,0,0,21.405492730210014
"Stephon Castle","SAS",551,1159,279,76,135,0.562962962962963,19,55,0.34545454545454546,0.34545454545454546,70,60,92,57,0,0.39473684210526316,0.410958904109589,1,0.2894736842105263,0.5877650000000001,0.55,0.6172566371681416,6,15,0.1111111111111111,1,0.01818181818181818,22.28303362001564
"AJ Green","MIL",546,1119,195,5,12,0.4166666666666667,60,143,0.4195804195804196,0.4195804195804196,5,10,0,168,12,1,1,0.9333333333333333,0.9225806451612903,0.5585983870967742,0.6129032258064516,0.6185897435897436,0,2,0.16666666666666666,3,0.02097902097902098,14.29731925264013
"Julian Champagnie","SAS",543,1130,234,29,46,0.6304347826086957,51,126,0.40476190476190477,0.40476190476190477,23,40,18,150,3,0.6896551724137931,0.7692307692307693,0.9803921568627451,0.7325581395348837,0.5895642441860465,0.6133720930232558,0.6428571428571429,6,4,0.08695652173913043,0,0,15.755627009646302
"Cade Cunningham","DET",542,1116,338,88,187,0.47058823529411764,34,82,0.4146341463414634,0.4146341463414634,60,66,110,54,48,0.375,0.3793103448275862,0.5294117647058824,0.3048327137546468,0.5320189591078066,0.516728624535316,0.5570469798657718,2,14,0.0748663101604278,1,0.012195121951219513,27.174749807544263
"Tobias Harris","DET",539,1116,242,69,133,0.518796992481203,26,93,0.27956989247311825,0.27956989247311825,26,82,56,69,9,0.5942028985507246,0.640625,0.8846153846153846,0.41150442477876104,0.5319926991150442,0.4778761061946903,0.5084388185654009,10,12,0.09022556390977443,1,0.010752688172043012,20.153846153846153
"Luguentz Dort","OKC",538,1125,175,22,47,0.46808510638297873,41,105,0.3904761904761905,0.3904761904761905,8,32,12,120,3,0.7272727272727273,0.7272727272727273,0.975609756097561,0.6907894736842105,0.5701529605263157,0.5493421052631579,0.5573248407643312,0,2,0.0425531914893617,1,0.009523809523809525,13.89776357827476
"LeBron James","LAL",537,1102,318,110,168,0.6547619047619048,26,63,0.4126984126984127,0.4126984126984127,20,136,84,57,21,0.6181818181818182,0.6181818181818182,0.7307692307692307,0.2727272727272727,0.5499818181818181,0.645021645021645,0.654320987654321,0,7,0.041666666666666664,0,0,22.88557213930348
"Shai Gilgeous-Alexander","OKC",537,1125,368,118,211,0.5592417061611374,20,58,0.3448275862068966,0.3448275862068966,72,38,198,18,42,0.16101694915254236,0.1623931623931624,0.3,0.21561338289962825,0.5247741635687733,0.550185873605948,0.606312292358804,2,8,0.037914691943127965,0,0,27.309236947791167
"Devin Vassell","SAS",532,1127,277,47,92,0.5108695652173914,55,116,0.47413793103448276,0.47413793103448276,18,60,34,165,0,0.6382978723404256,0.6521739130434783,1,0.5576923076923077,0.5414935096153847,0.6225961538461539,0.641860465116279,2,5,0.05434782608695652,0,0,18.086816720257236
"Evan Mobley","CLE",532,1084,324,116,170,0.6823529411764706,22,58,0.3793103448275862,0.3793103448275862,26,126,106,66,0,0.5431034482758621,0.5833333333333334,1,0.2543859649122807,0.5720203947368422,0.6535087719298246,0.6639344262295082,16,9,0.052941176470588235,1,0.017241379310344827,22.085385878489326
"Devin Booker","PHX",525,1082,337,95,187,0.5080213903743316,26,86,0.3023255813953488,0.3023255813953488,69,74,116,63,15,0.3894736842105263,0.39361702127659576,0.8076923076923077,0.315018315018315,0.5213987179487181,0.4908424908424908,0.5439739413680782,2,6,0.03208556149732621,0,0,28.30188679245283
"Russell Westbrook","SAC",518,1076,265,65,126,0.5158730158730159,37,125,0.296,0.296,24,28,102,90,21,0.2153846153846154,0.2222222222222222,0.8108108108108109,0.49800796812749004,0.5236458167330678,0.4800796812749004,0.4944029850746269,4,14,0.1111111111111111,0,0,27.272727272727273
"Brandon Miller","CHA",513,1049,335,64,119,0.5378151260504201,60,144,0.4166666666666667,0.4166666666666667,27,78,50,159,21,0.609375,0.6290322580645161,0.8833333333333333,0.5475285171102662,0.5438039923954373,0.5855513307984791,0.605072463768116,4,8,0.06722689075630252,1,0.006944444444444444,25.509372453137736
"John Collins","LAC",507,1009,253,83,115,0.7217391304347827,21,62,0.3387096774193548,0.3387096774193548,24,102,64,63,0,0.6144578313253012,0.7727272727272727,1,0.3502824858757062,0.5659505649717512,0.6468926553672316,0.6728723404255319,34,9,0.0782608695652174,0,0,18.538324420677363
"Jaylen Wells","MEM",505,1049,225,41,86,0.47674418604651164,35,90,0.3888888888888889,0.3888888888888889,38,60,22,96,9,0.7317073170731707,0.7894736842105263,0.9142857142857143,0.5113636363636364,0.5381508522727275,0.53125,0.5773195876288659,6,9,0.10465116279069768,0,0,18.052057094878254
"Ace Bailey","UTA",505,1070,280,75,149,0.5033557046979866,38,110,0.34545454545454546,0.34545454545454546,16,112,38,105,9,0.7466666666666667,0.8115942028985508,0.9210526315789473,0.4247104247104247,0.5356185328185328,0.5096525096525096,0.5223880597014925,12,5,0.03355704697986577,0,0,24.029727497935593
"Dominick Barlow","PHI",505,1028,176,66,101,0.6534653465346535,7,27,0.25925925925925924,0.25925925925925924,23,80,52,21,0,0.6060606060606061,0.8,1,0.2109375,0.632916015625,0.59765625,0.6285714285714286,32,7,0.06930693069306931,0,0,13.036020583190394
"Cooper Flagg","DAL",500,1027,261,100,195,0.5128205128205128,12,46,0.2608695652173913,0.2608695652173913,25,84,116,27,9,0.42,0.45652173913043476,0.75,0.1908713692946058,0.5169917012448133,0.4896265560165975,0.5158102766798419,16,12,0.06153846153846154,1,0.021739130434782608,25
"Josh Hart","NYK",500,999,181,50,88,0.5681818181818182,20,52,0.38461538461538464,0.38461538461538464,21,76,24,39,21,0.76,0.8085106382978723,0.65,0.37142857142857144,0.5704075000000001,0.5714285714285714,0.5953947368421053,6,12,0.13636363636363635,0,0,16.262353998203054
"Collin Gillespie","PHX",493,1011,177,10,28,0.35714285714285715,50,112,0.44642857142857145,0.44642857142857145,7,8,12,126,24,0.4,0.4444444444444444,0.84,0.8,0.5458364285714286,0.6071428571428571,0.6145833333333334,2,5,0.17857142857142858,1,0.008928571428571428,14.66198419666374
"Pascal Siakam","IND",492,1027,355,118,215,0.5488372093023256,20,58,0.3448275862068966,0.3448275862068966,59,124,112,51,9,0.5254237288135594,0.5688073394495413,0.85,0.21245421245421245,0.5330448717948717,0.5421245421245421,0.5781758957654723,18,11,0.05116279069767442,0,0,29.75133214920071
"Herbert Jones","NOP",489,1004,175,34,67,0.5074626865671642,31,93,0.3333333333333333,0.3333333333333333,14,30,38,87,6,0.4411764705882353,0.46875,0.9354838709677419,0.58125,0.5703903124999998,0.503125,0.5239520958083832,4,5,0.07462686567164178,0,0,16.769095697980685
"Bilal Coulibaly","WAS",488,1040,189,45,104,0.4326923076923077,22,71,0.30985915492957744,0.30985915492957744,33,26,64,57,9,0.28888888888888886,0.3023255813953488,0.8636363636363636,0.4057142857142857,0.5760831428571429,0.44571428571428573,0.4796954314720812,4,14,0.1346153846153846,0,0,19.194515852613538
"Max Christie","DAL",487,1000,225,30,57,0.5263157894736842,49,108,0.4537037037037037,0.4537037037037037,18,36,24,138,9,0.6,0.6,0.9387755102040817,0.6545454545454545,0.5392363636363635,0.6272727272727273,0.6436781609195402,0,5,0.08771929824561403,2,0.018518518518518517,17.241379310344826
"Deni Avdija","POR",487,1027,304,71,142,0.5,24,73,0.3287671232876712,0.3287671232876712,90,56,86,57,15,0.39436619718309857,0.417910447761194,0.7916666666666666,0.3395348837209302,0.5615755813953489,0.49767441860465117,0.5813953488372093,8,18,0.1267605633802817,0,0,24.59546925566343
"Draymond Green","GSW",483,1004,225,42,67,0.6268656716417911,43,124,0.3467741935483871,0.3467741935483871,12,72,12,129,0,0.8571428571428571,0.8780487804878049,1,0.6492146596858639,0.5656897905759161,0.5575916230366492,0.5739795918367347,2,2,0.029850746268656716,1,0.008064516129032258,21.53708668453977
"Marcus Smart","LAL",480,984,129,26,45,0.5777777777777777,21,73,0.2876712328767123,0.2876712328767123,14,26,26,57,6,0.5,0.52,0.9047619047619048,0.6186440677966102,0.5571898305084745,0.4872881355932203,0.5201612903225806,2,5,0.1111111111111111,0,0,13.8347260909935
"Zion Williamson","NOP",477,996,271,109,193,0.5647668393782384,0,1,0,0,53,136,82,0,0,0.6238532110091743,0.6868686868686869,0,0.005154639175257732,0.5854958762886596,0.5618556701030928,0.5917030567685589,20,26,0.13471502590673576,0,0,23.01516503122212
"Cameron Johnson","DEN",476,975,182,32,57,0.5614035087719298,36,79,0.45569620253164556,0.45569620253164556,10,46,18,102,6,0.71875,0.71875,0.9444444444444444,0.5808823529411765,0.5748139705882354,0.6323529411764706,0.6453900709219859,0,8,0.14035087719298245,1,0.012658227848101266,13.944954128440367
"Jarrett Allen","CLE",474,976,234,97,151,0.6423841059602649,0,3,0,0,40,162,32,0,0,0.8350515463917526,0.9529411764705882,0,0.01948051948051948,0.5647564935064936,0.6298701298701299,0.65,24,10,0.06622516556291391,0,0,18.115279048490393
"Keyonte George","UTA",472,996,271,65,123,0.5284552845528455,29,87,0.3333333333333333,0.3333333333333333,54,62,68,60,27,0.47692307692307695,0.484375,0.6896551724137931,0.4142857142857143,0.5196583333333333,0.5166666666666667,0.5705128205128205,2,11,0.08943089430894309,0,0,24.911971830985916
"Michael Porter Jr.","BKN",471,938,338,69,140,0.4928571428571429,48,127,0.3779527559055118,0.3779527559055118,56,82,56,120,24,0.5942028985507246,0.6507936507936508,0.8333333333333334,0.4756554307116105,0.5338449438202246,0.5280898876404494,0.578125,12,9,0.06428571428571428,2,0.015748031496062992,30.471698113207548
"Cason Wallace","OKC",471,981,186,41,75,0.5466666666666666,32,87,0.367816091954023,0.367816091954023,8,28,54,93,3,0.34146341463414637,0.35,0.96875,0.5370370370370371,0.5837376543209878,0.5493827160493827,0.5568862275449101,2,10,0.13333333333333333,1,0.011494252873563218,16.498625114573784
"Precious Achiuwa","SAC",471,966,179,68,126,0.5396825396825397,9,26,0.34615384615384615,0.34615384615384615,16,72,64,27,0,0.5294117647058824,0.6666666666666666,1,0.17105263157894737,0.5549809210526316,0.5361842105263158,0.5457317073170732,28,12,0.09523809523809523,0,0,16.409791477787852
"RJ Barrett","TOR",467,940,243,69,119,0.5798319327731093,21,80,0.2625,0.2625,42,92,46,54,9,0.6666666666666666,0.71875,0.8571428571428571,0.4020100502512563,0.581345728643216,0.5050251256281407,0.54,10,14,0.11764705882352941,1,0.0125,23.641563393708292
"Alex Sarr","WAS",463,985,276,105,210,0.5,14,45,0.3111111111111111,0.3111111111111111,24,124,86,36,6,0.5904761904761905,0.7126436781609196,0.8571428571428571,0.17647058823529413,0.5283972549019607,0.49411764705882355,0.5130111524163569,36,21,0.1,0,0,26.334841628959275
"Maxime Raynaud","SAC",460,951,228,96,154,0.6233766233766234,3,10,0.3,0.3,27,164,28,6,3,0.8541666666666666,0.9318181818181818,0.6666666666666666,0.06097560975609756,0.49114786585365877,0.6128048780487805,0.6477272727272727,16,9,0.05844155844155844,0,0,17.66355140186916
"Pelle Larsson","MIA",460,1007,215,62,99,0.6262626262626263,19,48,0.3958333333333333,0.3958333333333333,34,94,30,54,3,0.7580645161290323,0.8103448275862069,0.9473684210526315,0.32653061224489793,0.5926183673469387,0.6156462585034014,0.6515151515151515,8,3,0.030303030303030304,0,0,16.592328278322924
"Dillon Brooks","PHX",460,942,306,71,151,0.47019867549668876,42,93,0.45161290322580644,0.45161290322580644,38,38,104,99,27,0.2676056338028169,0.2835820895522388,0.7857142857142857,0.38114754098360654,0.5133002049180329,0.5491803278688525,0.575187969924812,8,7,0.046357615894039736,2,0.021505376344086023,27.621722846441948
"Isaac Okoro","CHI",456,955,171,37,69,0.5362318840579711,26,68,0.38235294117647056,0.38235294117647056,19,52,22,69,9,0.7027027027027027,0.7647058823529411,0.8846153846153846,0.49635036496350365,0.6229273722627737,0.5547445255474452,0.5738255033557047,6,6,0.08695652173913043,0,0,15.406698564593302
"Andrew Nembhard","IND",449,937,280,65,124,0.5241935483870968,36,74,0.4864864864864865,0.4864864864864865,42,48,82,69,39,0.36923076923076925,0.38095238095238093,0.6388888888888888,0.37373737373737376,0.5166873737373735,0.601010101010101,0.636986301369863,4,9,0.07258064516129033,0,0,24.8046875
"Norman Powell","MIA",448,972,299,49,108,0.4537037037037037,52,122,0.4262295081967213,0.4262295081967213,45,68,30,138,18,0.6938775510204082,0.7083333333333334,0.8846153846153846,0.5304347826086957,0.5421656521739131,0.5521739130434783,0.5885826771653543,2,13,0.12037037037037036,0,0,25.13661202185792
"Victor Wembanyama","SAS",447,937,408,120,189,0.6349206349206349,30,72,0.4166666666666667,0.4166666666666667,78,168,72,81,9,0.7,0.7368421052631579,0.9,0.27586206896551724,0.5915486590038314,0.632183908045977,0.6766666666666666,12,7,0.037037037037037035,0,0,32.716650438169424
"Jalen Suggs","ORL",445,939,232,51,78,0.6538461538461539,36,102,0.35294117647058826,0.35294117647058826,22,34,68,90,18,0.3333333333333333,0.3541666666666667,0.8333333333333334,0.5666666666666667,0.5542152777777776,0.5833333333333334,0.6137566137566137,6,7,0.08974358974358974,0,0,22.254616132167154
"Harrison Barnes","SAS",444,935,173,27,52,0.5192307692307693,34,90,0.37777777777777777,0.37777777777777777,17,34,20,93,9,0.6296296296296297,0.6538461538461539,0.9117647058823529,0.6338028169014085,0.5699295774647888,0.5492957746478874,0.565359477124183,2,5,0.09615384615384616,0,0,16.32850241545894
"Zaccharie Risacher","ATL",441,964,181,44,81,0.5432098765432098,25,80,0.3125,0.3125,18,66,22,72,3,0.75,0.8461538461538461,0.96,0.4968944099378882,0.591614906832298,0.5062111801242236,0.5261627906976745,10,10,0.12345679012345678,0,0,17.15867158671587
"Mark Williams","PHX",438,903,209,87,137,0.635036496350365,1,1,1,1,32,134,40,3,0,0.7701149425287356,0.9436619718309859,1,0.007246376811594203,0.5843887681159421,0.6413043478260869,0.6698717948717948,32,7,0.051094890510948905,0,0,16.829745596868882
"Terance Mann","BKN",436,867,140,30,61,0.4918032786885246,19,48,0.3958333333333333,0.3958333333333333,23,28,32,51,6,0.4666666666666667,0.5185185185185185,0.8947368421052632,0.44036697247706424,0.5651091743119265,0.536697247706422,0.5882352941176471,6,5,0.08196721311475409,0,0,14.329580348004095
"Ivica Zubac","LAC",432,876,205,93,146,0.636986301369863,0,0,0,0,19,124,62,0,0,0.6666666666666666,0.7848101265822784,0,0,0.529827397260274,0.636986301369863,0.6528662420382165,28,8,0.0547945205479452,0,0,18.386108273748725
"Kyshawn George","WAS",427,899,205,43,82,0.524390243902439,33,78,0.4230769230769231,0.4230769230769231,20,32,54,81,18,0.37209302325581395,0.42105263157894735,0.8181818181818182,0.4875,0.538398125,0.578125,0.5994152046783626,10,6,0.07317073170731707,1,0.01282051282051282,20.65217391304348
"Austin Reaves","LAL",421,870,218,50,84,0.5952380952380952,25,78,0.32051282051282054,0.32051282051282054,43,32,68,54,21,0.32,0.32653061224489793,0.72,0.48148148148148145,0.5358212962962963,0.5401234567901234,0.5888888888888889,2,6,0.07142857142857142,1,0.01282051282051282,22.386483632523756
"Khris Middleton","WAS",416,883,188,48,93,0.5161290322580645,21,55,0.38181818181818183,0.38181818181818183,29,54,42,48,15,0.5625,0.6136363636363636,0.7619047619047619,0.3716216216216216,0.507795608108108,0.5371621621621622,0.5705521472392638,8,3,0.03225806451612903,4,0.07272727272727272,18.98989898989899
"Egor Dëmin","BKN",400,801,156,27,55,0.4909090909090909,32,86,0.37209302325581395,0.37209302325581395,6,22,32,84,12,0.4074074074074074,0.44,0.875,0.6099290780141844,0.5626166666666667,0.5319148936170213,0.541958041958042,4,6,0.10909090909090909,1,0.011627906976744186,18.31140350877193
"Payton Pritchard","BOS",397,779,185,33,61,0.5409836065573771,38,103,0.36893203883495146,0.36893203883495146,5,16,50,93,21,0.24242424242424243,0.24242424242424243,0.8157894736842105,0.6280487804878049,0.5209033536585366,0.5487804878048781,0.5508982035928144,0,2,0.03278688524590164,1,0.009708737864077669,19.52861952861953
"Tre Johnson","WAS",396,837,173,35,81,0.43209876543209874,32,85,0.3764705882352941,0.3764705882352941,7,36,34,75,21,0.5142857142857142,0.5294117647058824,0.78125,0.5120481927710844,0.5209596385542168,0.5,0.5088757396449705,2,3,0.037037037037037035,0,0,20.063694267515924
"Bub Carrington","WAS",393,834,153,27,61,0.4426229508196721,28,60,0.4666666666666667,0.4666666666666667,15,14,40,69,15,0.25925925925925924,0.25925925925925924,0.8214285714285714,0.49586776859504134,0.5125867768595043,0.5702479338842975,0.5930232558139535,0,5,0.08196721311475409,1,0.016666666666666666,17.204301075268816
"Sam Hauser","BOS",390,781,191,14,24,0.5833333333333334,54,118,0.4576271186440678,0.4576271186440678,1,24,4,162,0,0.8571428571428571,0.9230769230769231,1,0.8309859154929577,0.5592218309859156,0.6690140845070423,0.6690140845070423,2,1,0.041666666666666664,3,0.025423728813559324,16.647919010123733
"Naji Marshall","DAL",387,820,191,65,104,0.625,10,40,0.25,0.25,31,68,62,30,0,0.5230769230769231,0.5666666666666667,1,0.2777777777777778,0.5298572916666667,0.5555555555555556,0.60062893081761,10,4,0.038461538461538464,1,0.025,19.956140350877195
"P.J. Washington","DAL",385,792,191,58,109,0.5321100917431193,19,62,0.3064516129032258,0.3064516129032258,18,72,44,57,0,0.6206896551724138,0.6666666666666666,1,0.36257309941520466,0.5508415204678363,0.5058479532163743,0.5190217391304348,8,11,0.10091743119266056,1,0.016129032258064516,22.88888888888889
"Christian Braun","DEN",383,786,149,47,68,0.6911764705882353,11,46,0.2391304347826087,0.2391304347826087,22,76,18,30,3,0.8085106382978723,0.8636363636363636,0.9090909090909091,0.40350877192982454,0.5734929824561403,0.5570175438596491,0.5866141732283464,6,6,0.08823529411764706,1,0.021739130434782608,15.903890160183066
"Kyle Kuzma","MIL",382,797,174,50,96,0.5208333333333334,17,56,0.30357142857142855,0.30357142857142855,23,78,22,48,3,0.78,0.7959183673469388,0.9411764705882353,0.3684210526315789,0.5617072368421052,0.4967105263157895,0.5209580838323353,2,8,0.08333333333333333,0,0,22.3915592028136
"Moussa Diabaté","CHA",379,769,114,48,68,0.7058823529411765,0,0,0,0,18,54,42,0,0,0.5625,0.84375,0,0,0.5788411764705884,0.7058823529411765,0.7125,32,8,0.11764705882352941,0,0,10.753880266075388
"Jeremiah Fears","NOP",376,790,203,55,122,0.45081967213114754,25,60,0.4166666666666667,0.4166666666666667,18,38,72,48,27,0.34545454545454546,0.37254901960784315,0.64,0.32967032967032966,0.5665236263736263,0.5082417582417582,0.5286458333333334,8,17,0.13934426229508196,1,0.016666666666666666,23.170731707317074
"Josh Giddey","CHI",375,794,172,39,78,0.5,25,60,0.4166666666666667,0.4166666666666667,19,26,52,57,18,0.3333333333333333,0.34210526315789475,0.76,0.43478260869565216,0.5858590579710143,0.5543478260869565,0.5771812080536913,2,6,0.07692307692307693,0,0,21.38794084186576
"Derik Queen","NOP",375,795,151,55,113,0.48672566371681414,4,10,0.4,0.4,29,48,62,12,0,0.43636363636363634,0.5333333333333333,1,0.08130081300813008,0.5455853658536585,0.4959349593495935,0.5431654676258992,20,7,0.061946902654867256,0,0,19.642857142857142
"Jay Huff","IND",373,775,207,37,48,0.7708333333333334,38,98,0.3877551020408163,0.3877551020408163,19,58,16,114,0,0.7837837837837838,0.9354838709677419,1,0.6712328767123288,0.5872743150684931,0.6438356164383562,0.667741935483871,12,4,0.08333333333333333,0,0,19.22626025791325
"Nikola Vučević","BOS",371,766,185,60,100,0.6,19,52,0.36538461538461536,0.36538461538461536,8,94,26,57,0,0.7833333333333333,0.8703703703703703,1,0.34210526315789475,0.531566447368421,0.5822368421052632,0.589171974522293,12,8,0.08,0,0,20.257611241217802
"Jake LaRavia","LAL",371,768,102,20,33,0.6060606060606061,15,47,0.3191489361702128,0.3191489361702128,17,34,6,45,0,0.85,0.9444444444444444,1,0.5875,0.5804387499999999,0.53125,0.5666666666666667,4,4,0.12121212121212122,0,0,11.929824561403509
"Jrue Holiday","POR",370,779,183,40,80,0.5,33,79,0.4177215189873418,0.4177215189873418,4,28,52,63,36,0.35,0.3888888888888889,0.6363636363636364,0.4968553459119497,0.5543946540880502,0.5628930817610063,0.56875,8,9,0.1125,1,0.012658227848101266,20.192307692307693
"Moses Moody","GSW",368,775,159,25,48,0.5208333333333334,34,90,0.37777777777777777,0.37777777777777777,7,32,18,102,0,0.64,0.6956521739130435,1,0.6521739130434783,0.5551884057971015,0.5507246376811594,0.5559440559440559,4,7,0.14583333333333334,2,0.022222222222222223,17.35159817351598
"Isaiah Hartenstein","OKC",367,755,168,73,110,0.6636363636363637,0,0,0,0,22,122,24,0,0,0.8356164383561644,0.9384615384615385,0,0,0.6037754545454546,0.6636363636363637,0.7,16,6,0.05454545454545454,0,0,16.86046511627907
"Derrick Jones Jr.","LAC",365,729,121,39,68,0.5735294117647058,9,34,0.2647058823529412,0.2647058823529412,16,58,20,27,0,0.7435897435897436,0.8529411764705882,1,0.3333333333333333,0.5768563725490197,0.5147058823529411,0.555045871559633,10,4,0.058823529411764705,1,0.029411764705882353,15
"Anthony Black","ORL",364,744,197,46,83,0.5542168674698795,29,71,0.4084507042253521,0.4084507042253521,18,56,36,69,18,0.6086956521739131,0.6222222222222222,0.7931034482758621,0.461038961038961,0.5618126623376622,0.5811688311688312,0.5969696969696969,2,11,0.13253012048192772,0,0,23.03921568627451
"Svi Mykhailiuk","UTA",358,749,138,26,40,0.65,26,75,0.3466666666666667,0.3466666666666667,8,28,24,78,0,0.5384615384615384,0.56,1,0.6521739130434783,0.5425891304347827,0.5652173913043478,0.5798319327731093,2,2,0.05,0,0,16.00467289719626
"Lauri Markkanen","UTA",357,748,255,63,110,0.5727272727272728,27,79,0.34177215189873417,0.34177215189873417,48,94,32,75,6,0.746031746031746,0.7966101694915254,0.9259259259259259,0.41798941798941797,0.5259489417989417,0.5476190476190477,0.6,8,10,0.09090909090909091,3,0.0379746835443038,25.02883506343714
"Peyton Watson","DEN",354,710,163,40,79,0.5063291139240507,19,46,0.41304347826086957,0.41304347826086957,26,60,20,57,0,0.75,0.8108108108108109,1,0.368,0.56716,0.548,0.5780141843971631,6,9,0.11392405063291139,0,0,20
"Jakob Poeltl","TOR",348,714,173,82,110,0.7454545454545455,0,0,0,0,9,130,34,0,0,0.7926829268292683,0.9558823529411765,0,0,0.5874381818181819,0.7454545454545455,0.7521739130434782,28,4,0.03636363636363636,0,0,16.311166875784192
"Jaren Jackson Jr.","MEM",345,718,230,63,122,0.5163934426229508,28,54,0.5185185185185185,0.5185185185185185,20,78,48,78,6,0.6190476190476191,0.6290322580645161,0.9285714285714286,0.3068181818181818,0.5116718750000001,0.5965909090909091,0.6216216216216216,2,15,0.12295081967213115,0,0,25.4278728606357
"Cedric Coward","MEM",344,708,180,49,79,0.620253164556962,20,54,0.37037037037037035,0.37037037037037035,22,46,52,48,12,0.46938775510204084,0.5476190476190477,0.8,0.40601503759398494,0.5651225563909774,0.5939849624060151,0.6293706293706294,14,7,0.08860759493670886,1,0.018518518518518517,20.32418952618454
"Sam Merrill","CLE",342,689,162,16,28,0.5714285714285714,40,89,0.449438202247191,0.449438202247191,10,28,4,117,3,0.875,0.9333333333333333,0.975,0.7606837606837606,0.5602495726495726,0.6495726495726496,0.6639344262295082,2,2,0.07142857142857142,0,0,17.272727272727273
"Darius Garland","CLE",342,706,166,32,59,0.5423728813559322,30,74,0.40540540540540543,0.40540540540540543,12,18,46,66,24,0.28125,0.28125,0.7333333333333333,0.556390977443609,0.5438022556390977,0.5789473684210527,0.6014492753623188,0,2,0.03389830508474576,1,0.013513513513513514,21.483375959079282
"Jaylon Tyson","CLE",339,691,152,40,65,0.6153846153846154,21,53,0.39622641509433965,0.39622641509433965,9,60,20,63,0,0.75,0.8108108108108109,1,0.4491525423728814,0.6000144067796611,0.6059322033898306,0.6229508196721312,6,9,0.13846153846153847,0,0,17.263427109974423
"Aaron Nesmith","IND",339,715,143,23,53,0.4339622641509434,27,58,0.46551724137931033,0.46551724137931033,16,40,6,81,0,0.8695652173913043,0.9090909090909091,1,0.5225225225225225,0.543309009009009,0.5720720720720721,0.597457627118644,2,8,0.1509433962264151,0,0,16.116751269035532
"Cody Williams","UTA",338,722,116,47,73,0.6438356164383562,5,16,0.3125,0.3125,7,78,16,15,0,0.8297872340425532,0.8478260869565217,1,0.1797752808988764,0.5451370786516854,0.6123595505617978,0.6170212765957447,2,6,0.0821917808219178,0,0,13.780025284450064
"Kelly Oubre Jr.","PHI",338,693,155,38,60,0.6333333333333333,19,48,0.3958333333333333,0.3958333333333333,22,34,42,57,0,0.4473684210526316,0.4722222222222222,1,0.4444444444444444,0.5660694444444444,0.6157407407407407,0.6352459016393442,4,8,0.13333333333333333,0,0,17.091836734693878
"Rui Hachimura","LAL",338,703,141,29,53,0.5471698113207547,24,44,0.5454545454545454,0.5454545454545454,11,44,14,72,0,0.7586206896551724,0.8148148148148148,1,0.4536082474226804,0.5515706185567012,0.6701030927835051,0.6844660194174758,4,2,0.03773584905660377,0,0,14.360313315926893
"Joel Embiid","PHI",337,683,280,88,147,0.5986394557823129,16,47,0.3404255319148936,0.3404255319148936,56,106,70,45,3,0.6022727272727273,0.6625,0.9375,0.2422680412371134,0.5088295336787564,0.5773195876288659,0.636986301369863,16,7,0.047619047619047616,1,0.02127659574468085,32.27513227513228
"Kyle Filipowski","UTA",334,694,167,46,77,0.5974025974025974,17,48,0.3541666666666667,0.3541666666666667,24,56,36,51,0,0.6086956521739131,0.7,1,0.384,0.5542832,0.572,0.6007194244604317,12,10,0.12987012987012986,0,0,21.694480102695763
"Shaedon Sharpe","POR",323,687,211,61,113,0.5398230088495575,19,72,0.2638888888888889,0.2638888888888889,32,58,64,36,21,0.47540983606557374,0.48333333333333334,0.631578947368421,0.3891891891891892,0.552628918918919,0.4837837837837838,0.5248756218905473,2,10,0.08849557522123894,0,0,28.295042321644498
"Spencer Jones","DEN",322,649,96,19,31,0.6129032258064516,16,46,0.34782608695652173,0.34782608695652173,10,26,12,48,0,0.6842105263157895,0.9285714285714286,1,0.5974025974025974,0.5947564935064933,0.5584415584415584,0.5581395348837209,10,6,0.1935483870967742,0,0,12.849162011173185
"Brook Lopez","LAC",320,632,121,19,44,0.4318181818181818,22,66,0.3333333333333333,0.3333333333333333,17,26,12,66,0,0.6842105263157895,0.7647058823529411,1,0.6,0.5219349999999998,0.4727272727272727,0.5170940170940171,4,6,0.13636363636363635,0,0,18.103448275862068
"Zach LaVine","SAC",316,641,146,37,63,0.5873015873015873,17,48,0.3541666666666667,0.3541666666666667,21,50,24,36,15,0.6756756756756757,0.6756756756756757,0.7058823529411765,0.43243243243243246,0.5188702702702701,0.5630630630630631,0.584,0,3,0.047619047619047616,0,0,20.140845070422536
"Kevin Porter Jr.","MIL",315,661,116,34,74,0.4594594594594595,10,24,0.4166666666666667,0.4166666666666667,18,14,54,21,9,0.20588235294117646,0.21212121212121213,0.7,0.24489795918367346,0.5518540816326531,0.5,0.5471698113207547,2,8,0.10810810810810811,0,0,18.106995884773664
"Jusuf Nurkić","UTA",314,667,134,50,89,0.5617977528089888,8,20,0.4,0.4,10,84,16,24,0,0.84,0.9333333333333333,1,0.1834862385321101,0.5002779816513762,0.5688073394495413,0.5630252100840336,10,8,0.0898876404494382,0,0,17.92207792207792
"Dean Wade","CLE",309,624,105,18,27,0.6666666666666666,22,46,0.4782608695652174,0.4782608695652174,3,26,10,66,0,0.7222222222222222,0.8666666666666667,1,0.6301369863013698,0.6091328767123287,0.6986301369863014,0.7094594594594594,6,3,0.1111111111111111,0,0,10.74964639321075
"Giannis Antetokounmpo","MIL",306,633,250,88,143,0.6153846153846154,3,12,0.25,0.25,65,92,84,9,0,0.5227272727272727,0.5679012345679012,1,0.07741935483870968,0.6083664516129031,0.5967741935483871,0.6157635467980296,14,6,0.04195804195804196,0,0,34.53757225433526
"Stephen Curry","GSW",306,651,218,36,58,0.6206896551724138,38,86,0.4418604651162791,0.4418604651162791,32,50,22,87,27,0.6944444444444444,0.7142857142857143,0.7631578947368421,0.5972222222222222,0.5375149305555555,0.6458333333333334,0.6867088607594937,2,3,0.05172413793103448,0,0,25.311203319502074
"Daniel Gafford","DAL",305,632,125,54,86,0.627906976744186,0,0,0,0,17,74,34,0,0,0.6851851851851852,0.925,0,0,0.5917627906976745,0.627906976744186,0.6648936170212766,28,12,0.13953488372093023,0,0,14.958448753462605
"Nolan Traore","BKN",305,605,102,31,75,0.41333333333333333,10,43,0.23255813953488372,0.23255813953488372,10,20,42,30,0,0.3225806451612903,0.3448275862068966,1,0.3644067796610169,0.5371199152542373,0.3898305084745763,0.408,4,11,0.14666666666666667,0,0,24.508320726172464
"Jarace Walker","IND",304,657,118,30,55,0.5454545454545454,14,51,0.27450980392156865,0.27450980392156865,16,32,28,36,6,0.5333333333333333,0.5333333333333333,0.8571428571428571,0.4811320754716981,0.5469339622641509,0.4811320754716981,0.5086206896551724,0,3,0.05454545454545454,0,0,19.610570236439496
"Tristan da Silva","ORL",302,633,119,28,45,0.6222222222222222,18,48,0.375,0.375,9,42,14,51,3,0.75,0.7777777777777778,0.9444444444444444,0.5161290322580645,0.5542241935483871,0.5913978494623656,0.6134020618556701,2,2,0.044444444444444446,2,0.041666666666666664,15.472779369627506
"Jimmy Butler III","GSW",296,621,176,59,92,0.6413043478260869,6,14,0.42857142857142855,0.42857142857142855,40,76,42,9,9,0.6440677966101694,0.6909090909090909,0.5,0.1320754716981132,0.5665438679245283,0.6415094339622641,0.7096774193548387,8,5,0.05434782608695652,0,0,19.42028985507246
"Brandin Podziemski","GSW",292,596,123,31,56,0.5535714285714286,13,53,0.24528301886792453,0.24528301886792453,22,38,24,39,0,0.6129032258064516,0.6129032258064516,1,0.48623853211009177,0.5646995412844036,0.463302752293578,0.5040983606557377,0,5,0.08928571428571429,0,0,19.910179640718564
"Paul George","PHI",289,582,160,29,63,0.4603174603174603,26,66,0.3939393939393939,0.3939393939393939,24,16,42,66,12,0.27586206896551724,0.2857142857142857,0.8461538461538461,0.5116279069767442,0.5287527131782944,0.5271317829457365,0.5673758865248227,2,4,0.06349206349206349,0,0,23.42064714946071
"Tari Eason","HOU",287,563,106,23,54,0.42592592592592593,18,47,0.3829787234042553,0.3829787234042553,6,22,24,54,0,0.4782608695652174,0.5789473684210527,1,0.46534653465346537,0.5698455445544556,0.49504950495049505,0.5047619047619047,8,8,0.14814814814814814,0,0,18.18181818181818
"Aaron Gordon","DEN",283,568,172,39,62,0.6290322580645161,20,50,0.4,0.4,34,42,36,54,6,0.5384615384615384,0.65625,0.9,0.44642857142857145,0.5715660714285714,0.6160714285714286,0.6564885496183206,14,4,0.06451612903225806,0,0,21.484992101105846
"Jerami Grant","POR",283,590,168,26,51,0.5098039215686274,30,66,0.45454545454545453,0.45454545454545453,26,24,28,87,3,0.46153846153846156,0.48,0.9666666666666667,0.5641025641025641,0.5596388888888889,0.6068376068376068,0.6461538461538462,2,8,0.1568627450980392,0,0,21.652421652421655
"Jalen Williams","OKC",278,593,156,51,91,0.5604395604395604,11,29,0.3793103448275862,0.3793103448275862,21,46,56,24,9,0.45098039215686275,0.46938775510204084,0.7272727272727273,0.24166666666666667,0.5577804166666668,0.5625,0.5954198473282443,4,7,0.07692307692307693,0,0,22.37654320987654
"Kel'el Ware","MIA",271,568,106,33,54,0.6111111111111112,11,28,0.39285714285714285,0.39285714285714285,7,44,22,33,0,0.6666666666666666,0.9166666666666666,1,0.34146341463414637,0.6008646341463415,0.6036585365853658,0.6162790697674418,18,4,0.07407407407407407,0,0,14.457831325301205
"Josh Okogie","HOU",270,523,78,21,30,0.7,11,28,0.39285714285714285,0.39285714285714285,3,24,18,33,0,0.5714285714285714,0.7058823529411765,1,0.4827586206896552,0.5933896551724137,0.646551724137931,0.6290322580645161,8,2,0.06666666666666667,0,0,11.688311688311687
"Tre Jones","CHI",263,551,145,43,71,0.6056338028169014,13,30,0.43333333333333335,0.43333333333333335,20,42,44,33,6,0.4883720930232558,0.5121951219512195,0.8461538461538461,0.297029702970297,0.5928752475247525,0.6188118811881188,0.6590909090909091,4,6,0.08450704225352113,0,0,20.59308072487644
"Tyler Herro","MIA",260,560,148,43,69,0.6231884057971014,11,45,0.24444444444444444,0.24444444444444444,29,46,40,21,12,0.5348837209302325,0.5348837209302325,0.6363636363636364,0.39473684210526316,0.5269364035087719,0.5219298245614035,0.5873015873015873,0,3,0.043478260869565216,0,0,21.88006482982172
"Ryan Kalkbrenner","CHA",254,537,108,45,56,0.8035714285714286,0,0,0,0,18,66,24,0,0,0.7333333333333333,1,0,0,0.6584464285714285,0.8035714285714286,0.8181818181818182,24,5,0.08928571428571429,0,0,12.5
"Quinten Post","GSW",251,531,130,17,36,0.4722222222222222,30,76,0.39473684210526316,0.39473684210526316,6,26,8,87,3,0.7647058823529411,0.8666666666666667,0.9666666666666667,0.6785714285714286,0.5609245535714286,0.5535714285714286,0.5652173913043478,4,4,0.1111111111111111,2,0.02631578947368421,21.283783783783782
"Franz Wagner","ORL",223,472,145,47,80,0.5875,10,24,0.4166666666666667,0.4166666666666667,21,52,42,24,6,0.5531914893617021,0.5531914893617021,0.8,0.23076923076923078,0.5367134615384616,0.5961538461538461,0.6304347826086957,0,3,0.0375,0,0,23.639774859287055
"Grayson Allen","PHX",221,448,113,17,27,0.6296296296296297,23,68,0.3382352941176471,0.3382352941176471,10,24,10,51,18,0.7058823529411765,0.7058823529411765,0.7391304347826086,0.7157894736842105,0.5475636842105263,0.5421052631578948,0.5606060606060606,0,5,0.18518518518518517,1,0.014705882352941176,21.24756335282651
"Nique Clifford","SAC",217,455,63,18,43,0.4186046511627907,8,22,0.36363636363636365,0.36363636363636365,3,26,10,24,0,0.7222222222222222,0.7647058823529411,1,0.3384615384615385,0.5277938461538462,0.46153846153846156,0.45652173913043476,2,4,0.09302325581395349,0,0,15.60693641618497
"De'Andre Hunter","CLE",214,445,111,26,40,0.65,15,49,0.30612244897959184,0.30612244897959184,14,34,18,39,6,0.6538461538461539,0.7083333333333334,0.8666666666666667,0.550561797752809,0.5582825842696629,0.5449438202247191,0.578125,4,5,0.125,0,0,20.758483033932137
"Luke Kornet","SAS",213,448,65,25,35,0.7142857142857143,0,0,0,0,15,44,6,0,0,0.88,1,0,0,0.673697142857143,0.7142857142857143,0.7738095238095238,6,3,0.08571428571428572,0,0,9.181636726546907
"Oso Ighodaro","PHX",211,426,72,33,49,0.673469387755102,0,0,0,0,6,64,2,0,0,0.9696969696969697,0.9696969696969697,0,0,0.6027591836734694,0.673469387755102,0.6923076923076923,0,4,0.08163265306122448,0,0,11.983471074380166
"Jalen Green","PHX",205,420,153,41,73,0.5616438356164384,19,51,0.37254901960784315,0.37254901960784315,14,30,52,42,15,0.36585365853658536,0.36585365853658536,0.7368421052631579,0.4112903225806452,0.5792491935483872,0.5604838709677419,0.583969465648855,0,11,0.1506849315068493,0,0,30.084745762711865
"GG Jackson","MEM",203,419,129,32,58,0.5517241379310345,16,27,0.5925925925925926,0.5925925925925926,17,34,30,42,6,0.53125,0.5862068965517241,0.875,0.3176470588235294,0.5832058823529412,0.6588235294117647,0.6861702127659575,6,9,0.15517241379310345,0,0,22.1505376344086
"Jock Landale","ATL",201,399,75,24,36,0.6666666666666666,7,21,0.3333333333333333,0.3333333333333333,6,32,16,21,0,0.6666666666666666,0.8421052631578947,1,0.3684210526315789,0.554082456140351,0.6052631578947368,0.6147540983606558,10,2,0.05555555555555555,0,0,15.686274509803923
"Drake Powell","BKN",199,392,73,13,27,0.48148148148148145,14,33,0.42424242424242425,0.42424242424242425,5,14,12,39,3,0.5384615384615384,0.5833333333333334,0.9285714285714286,0.55,0.5488008333333332,0.5666666666666667,0.5887096774193549,2,4,0.14814814814814814,0,0,15.676959619952495
"Sidy Cissoko","POR",197,414,47,11,22,0.5,6,28,0.21428571428571427,0.21428571428571427,7,12,10,18,0,0.5454545454545454,0.6,1,0.56,0.578737,0.4,0.42727272727272725,2,7,0.3181818181818182,0,0,14.25619834710744
"Gui Santos","GSW",193,388,66,17,26,0.6538461538461539,9,28,0.32142857142857145,0.32142857142857145,5,28,6,27,0,0.8235294117647058,0.8235294117647058,1,0.5185185185185185,0.5802916666666668,0.5648148148148148,0.5789473684210527,0,3,0.11538461538461539,0,0,16.241299303944317
"Coby White","CHI",193,404,118,24,35,0.6857142857142857,19,56,0.3392857142857143,0.3392857142857143,13,16,32,54,3,0.3333333333333333,0.34782608695652173,0.9473684210526315,0.6153846153846154,0.5933225274725275,0.5769230769230769,0.6157894736842106,2,2,0.05714285714285714,0,0,24.33035714285714
"Bennedict Mathurin","IND",191,389,82,16,35,0.45714285714285713,10,31,0.3225806451612903,0.3225806451612903,20,18,14,24,6,0.5625,0.5625,0.8,0.4696969696969697,0.5330977272727272,0.4696969696969697,0.5324675324675324,0,1,0.02857142857142857,0,0,21.647058823529413
"Brice Sensabaugh","UTA",189,408,90,14,30,0.4666666666666667,16,40,0.4,0.4,14,14,14,45,3,0.5,0.5384615384615384,0.9375,0.5714285714285714,0.545665,0.5428571428571428,0.577922077922078,2,1,0.03333333333333333,0,0,19.506726457399104
"Keegan Murray","SAC",189,390,89,28,50,0.56,7,27,0.25925925925925924,0.25925925925925924,12,34,22,15,6,0.6071428571428571,0.6296296296296297,0.7142857142857143,0.35064935064935066,0.5082863636363636,0.5,0.536144578313253,2,1,0.02,1,0.037037037037037035,20.08928571428571
"Ryan Nembhard","DAL",187,387,60,20,36,0.5555555555555556,6,18,0.3333333333333333,0.3333333333333333,2,8,32,18,0,0.2,0.21052631578947367,1,0.3333333333333333,0.4969342592592592,0.5370370370370371,0.5454545454545454,2,3,0.08333333333333333,0,0,16.028708133971293
"Jordan Walsh","BOS",184,365,66,12,21,0.5714285714285714,11,22,0.5,0.5,9,14,10,33,0,0.5833333333333334,0.7,1,0.5116279069767442,0.6009534883720928,0.6627906976744186,0.717391304347826,4,4,0.19047619047619047,0,0,12.705882352941176
"Gary Trent Jr.","MIL",184,370,87,9,14,0.6428571428571429,23,45,0.5111111111111111,0.5111111111111111,0,12,6,66,3,0.6666666666666666,0.6666666666666666,0.9565217391304348,0.7627118644067796,0.5461491525423728,0.7372881355932204,0.7372881355932204,0,0,0,1,0.022222222222222223,15.577889447236181
"Andre Drummond","PHI",182,375,56,15,31,0.4838709677419355,7,15,0.4666666666666667,0.4666666666666667,5,14,16,21,0,0.4666666666666667,0.7,1,0.32608695652173914,0.5942054347826087,0.5543478260869565,0.5283018867924528,10,3,0.0967741935483871,0,0,13.698630136986301
"Olivier-Maxence Prosper","MEM",175,359,114,25,33,0.7575757575757576,17,36,0.4722222222222222,0.4722222222222222,13,44,6,48,3,0.88,0.9565217391304348,0.9411764705882353,0.5217391304347826,0.6335449275362317,0.7318840579710145,0.7402597402597403,4,2,0.06060606060606061,0,0,20.75
"Kristaps Porziņģis","GSW",170,362,119,28,51,0.5490196078431373,14,36,0.3888888888888889,0.3888888888888889,21,38,18,42,0,0.6785714285714286,0.7916666666666666,1,0.41379310344827586,0.5466051724137931,0.5632183908045977,0.601010101010101,8,4,0.0784313725490196,0,0,25.183374083129586
"Baylor Scheierman","BOS",170,332,45,5,9,0.5555555555555556,11,37,0.2972972972972973,0.2972972972972973,2,10,0,33,0,1,1,1,0.8043478260869565,0.5524630434782608,0.4673913043478261,0.4787234042553192,0,0,0,0,0,13.246753246753247
"Collin Murray-Boyles","TOR",168,339,57,23,38,0.6052631578947368,1,7,0.14285714285714285,0.14285714285714285,8,40,6,3,0,0.8695652173913043,0.9090909090909091,1,0.15555555555555556,0.6409677777777779,0.5444444444444444,0.5816326530612245,2,7,0.18421052631578946,0,0,13.68421052631579
"Daniss Jenkins","DET",167,350,53,14,40,0.35,7,28,0.25,0.25,4,10,18,21,0,0.35714285714285715,0.35714285714285715,1,0.4117647058823529,0.5352411764705882,0.3602941176470588,0.37857142857142856,0,3,0.075,0,0,20.987654320987655
"Ayo Dosunmu","MIN",165,349,69,13,28,0.4642857142857143,12,23,0.5217391304347826,0.5217391304347826,7,20,6,27,9,0.7692307692307693,0.7692307692307693,0.75,0.45098039215686275,0.575693137254902,0.6078431372549019,0.6388888888888888,0,5,0.17857142857142858,0,0,16.36828644501279
"Reed Sheppard","HOU",164,333,68,9,18,0.5,16,40,0.4,0.4,2,10,8,42,6,0.5555555555555556,0.5555555555555556,0.875,0.6896551724137931,0.5468370689655172,0.5689655172413793,0.576271186440678,0,2,0.1111111111111111,0,0,17.58241758241758
"Sion James","CHA",164,332,49,6,16,0.375,11,29,0.3793103448275862,0.3793103448275862,4,8,4,33,0,0.6666666666666666,0.6666666666666666,1,0.6444444444444445,0.5975855555555556,0.5,0.532608695652174,0,3,0.1875,0,0,13.246753246753247
"Dennis Schröder","SAC",161,326,47,13,36,0.3611111111111111,5,22,0.22727272727272727,0.22727272727272727,6,8,18,15,0,0.3076923076923077,0.3076923076923077,1,0.3793103448275862,0.5280189655172415,0.35344827586206895,0.38524590163934425,0,6,0.16666666666666666,0,0,19.946091644204852
"Johnny Furphy","IND",160,330,51,12,21,0.5714285714285714,8,15,0.5333333333333333,0.5333333333333333,3,12,12,21,3,0.5,0.6,0.875,0.4166666666666667,0.5820958333333333,0.6666666666666666,0.6538461538461539,4,3,0.14285714285714285,1,0.06666666666666667,13.387978142076502
"Anthony Davis","DAL",158,322,90,38,74,0.5135135135135135,2,8,0.25,0.25,8,52,24,6,0,0.6842105263157895,0.7428571428571429,1,0.0975609756097561,0.5186262195121951,0.5,0.5294117647058824,6,1,0.013513513513513514,0,0,28.011204481792717
"Jalen Pickett","DEN",156,304,55,11,21,0.5238095238095238,11,28,0.39285714285714285,0.39285714285714285,0,14,8,21,12,0.6363636363636364,0.7,0.6363636363636364,0.5714285714285714,0.5396,0.5612244897959183,0.5612244897959183,2,2,0.09523809523809523,0,0,16.012084592145015
"Will Riley","WAS",156,326,65,19,30,0.6333333333333333,7,19,0.3684210526315789,0.3684210526315789,6,22,16,18,3,0.5789473684210527,0.5789473684210527,0.8571428571428571,0.3877551020408163,0.5311326530612245,0.6020408163265306,0.625,0,2,0.06666666666666667,0,0,15.426997245179065
"Ben Sheppard","IND",156,329,53,8,11,0.7272727272727273,10,22,0.45454545454545453,0.45454545454545453,7,14,2,30,0,0.875,0.875,1,0.6666666666666666,0.5784712121212121,0.696969696969697,0.7162162162162162,0,2,0.18181818181818182,0,0,11.634349030470915
"Quentin Grimes","PHI",154,322,64,16,29,0.5517241379310345,9,30,0.3,0.3,5,18,14,21,6,0.5625,0.5625,0.7777777777777778,0.5084745762711864,0.5614542372881356,0.5,0.5161290322580645,0,2,0.06896551724137931,1,0.03333333333333333,19.88795518207283
"Aaron Wiggins","OKC",154,318,70,13,30,0.43333333333333335,11,30,0.36666666666666664,0.36666666666666664,11,14,12,30,3,0.5384615384615384,0.6363636363636364,0.9090909090909091,0.5,0.5714541666666666,0.49166666666666664,0.5303030303030303,4,6,0.2,0,0,21.34831460674157
"Isaiah Collier","UTA",153,320,58,19,39,0.48717948717948717,1,11,0.09090909090909091,0.09090909090909091,17,8,30,3,0,0.21052631578947367,0.2222222222222222,1,0.22,0.5167080000000002,0.41,0.4915254237288136,2,4,0.10256410256410256,0,0,20.72829131652661
"Will Richard","GSW",153,316,58,11,13,0.8461538461538461,11,30,0.36666666666666664,0.36666666666666664,3,18,4,30,3,0.8181818181818182,0.9,0.9090909090909091,0.6976744186046512,0.6109116279069767,0.6395348837209303,0.6444444444444445,2,1,0.07692307692307693,0,0,13.390313390313391
"Cam Spencer","MEM",153,307,50,6,14,0.42857142857142855,11,26,0.4230769230769231,0.4230769230769231,5,4,8,27,6,0.3333333333333333,0.3333333333333333,0.8181818181818182,0.65,0.5449712499999999,0.5625,0.5833333333333334,0,1,0.07142857142857142,0,0,13.333333333333332
"Jalen Smith","CHI",152,316,90,15,20,0.75,18,33,0.5454545454545454,0.5454545454545454,6,26,4,54,0,0.8666666666666667,0.9285714285714286,1,0.6226415094339622,0.5924,0.7924528301886793,0.8035714285714286,2,2,0.1,0,0,17.816091954022987
"Justin Champagnie","WAS",148,314,52,14,29,0.4827586206896552,6,13,0.46153846153846156,0.46153846153846156,6,22,6,18,0,0.7857142857142857,1,1,0.30952380952380953,0.5846809523809524,0.5476190476190477,0.5777777777777777,6,5,0.1724137931034483,1,0.07692307692307693,13.597733711048159
"Ja Morant","MEM",145,308,84,27,57,0.47368421052631576,5,22,0.22727272727272727,0.22727272727272727,15,14,40,12,3,0.25925925925925924,0.25925925925925924,0.8,0.27848101265822783,0.5264480769230769,0.43670886075949367,0.4883720930232558,0,5,0.08771929824561403,0,0,28.448275862068964
"Domantas Sabonis","SAC",144,295,79,35,64,0.546875,0,8,0,0,9,44,26,0,0,0.6285714285714286,0.7857142857142857,0,0.1111111111111111,0.5467958333333334,0.4861111111111111,0.5064102564102564,14,7,0.109375,0,0,26.023391812865498
"De'Anthony Melton","GSW",142,286,68,13,22,0.5909090909090909,11,34,0.3235294117647059,0.3235294117647059,9,6,20,24,9,0.23076923076923078,0.2727272727272727,0.7272727272727273,0.6071428571428571,0.5622098214285713,0.5267857142857143,0.5666666666666667,4,1,0.045454545454545456,0,0,20.679012345679013
"Ja'Kobe Walter","TOR",142,286,54,7,14,0.5,11,29,0.3793103448275862,0.3793103448275862,7,8,6,33,0,0.5714285714285714,0.6666666666666666,1,0.6744186046511628,0.6032860465116279,0.5465116279069767,0.574468085106383,2,3,0.21428571428571427,1,0.034482758620689655,15.723270440251572
"Kobe Sanders","LAC",142,290,59,12,18,0.6666666666666666,11,23,0.4782608695652174,0.4782608695652174,2,12,12,30,3,0.5,0.6,0.9090909090909091,0.5609756097560976,0.5403719512195122,0.6951219512195121,0.7023809523809523,4,0,0,0,0,15.838509316770185
"Ousmane Dieng","MIL",141,292,42,8,24,0.3333333333333333,8,22,0.36363636363636365,0.36363636363636365,2,6,10,21,3,0.375,0.375,0.875,0.4782608695652174,0.5340673913043478,0.43478260869565216,0.44680851063829785,0,2,0.08333333333333333,0,0,18.095238095238095
"Adem Bona","PHI",139,285,38,16,29,0.5517241379310345,0,2,0,0,6,18,14,0,0,0.5625,0.9,0,0.06451612903225806,0.6135080645161289,0.5161290322580645,0.5588235294117647,12,2,0.06896551724137931,0,0,11.585365853658537
"Collin Sexton","CHA",137,300,81,26,38,0.6842105263157895,5,23,0.21739130434782608,0.21739130434782608,14,28,24,9,6,0.5384615384615384,0.5384615384615384,0.6,0.3770491803278688,0.5657393442622951,0.5491803278688525,0.5955882352941176,0,3,0.07894736842105263,0,0,23.92638036809816
"Guerschon Yabusele","CHI",137,291,39,8,16,0.5,6,30,0.2,0.2,5,6,10,18,0,0.375,0.375,1,0.6521739130434783,0.5777902173913043,0.3695652173913043,0.39,0,3,0.1875,1,0.03333333333333333,18.670886075949365
"Danny Wolf","BKN",134,260,50,11,22,0.5,7,22,0.3181818181818182,0.3181818181818182,7,14,8,21,0,0.6363636363636364,0.7,1,0.5,0.5601568181818181,0.48863636363636365,0.5102040816326531,2,1,0.045454545454545456,0,0,20.070422535211268
"Dejounte Murray","NOP",132,270,86,24,32,0.75,9,23,0.391304347826087,0.391304347826087,11,12,36,21,6,0.25,0.25,0.7777777777777778,0.41818181818181815,0.5338799999999999,0.6818181818181818,0.7166666666666667,0,1,0.03125,0,0,23.841059602649008
"Taylor Hendricks","UTA",131,266,24,7,15,0.4666666666666667,2,14,0.14285714285714285,0.14285714285714285,4,10,4,6,0,0.7142857142857143,0.8333333333333334,1,0.4827586206896552,0.6072775862068965,0.3448275862068966,0.375,2,2,0.13333333333333333,0,0,12.871287128712872
"Miles McBride","NYK",130,248,59,3,10,0.3,17,38,0.4473684210526316,0.4473684210526316,2,2,4,45,6,0.3333333333333333,0.3333333333333333,0.8823529411764706,0.7916666666666666,0.5633041666666667,0.59375,0.6020408163265306,0,0,0,1,0.02631578947368421,17.406143344709896
"Jonathan Kuminga","GSW",130,268,66,18,34,0.5294117647058824,6,15,0.4,0.4,12,16,20,18,0,0.4444444444444444,0.4444444444444444,1,0.30612244897959184,0.5400448979591836,0.5510204081632653,0.5789473684210527,0,4,0.11764705882352941,0,0,22.945205479452056
"Mike Conley","MIN",130,268,47,3,4,0.75,12,24,0.5,0.5,5,4,2,30,6,0.6666666666666666,0.6666666666666666,0.8333333333333334,0.8571428571428571,0.5666946428571429,0.75,0.7833333333333333,0,0,0,0,0,11.683848797250858
"Trae Young","ATL",127,275,84,22,35,0.6285714285714286,8,17,0.47058823529411764,0.47058823529411764,16,26,18,12,12,0.5909090909090909,0.5909090909090909,0.5,0.3269230769230769,0.5194461538461539,0.6538461538461539,0.7280701754385965,0,1,0.02857142857142857,0,0,23.7012987012987
"Jericho Sims","MIL",125,251,38,17,23,0.7391304347826086,0,0,0,0,4,30,4,0,0,0.8823529411764706,0.9375,0,0,0.6892391304347826,0.7391304347826086,0.7307692307692307,2,3,0.13043478260869565,0,0,12.367491166077738
"Quenton Jackson","IND",124,267,42,11,21,0.5238095238095238,6,14,0.42857142857142855,0.42857142857142855,2,14,8,18,0,0.6363636363636364,0.6363636363636364,1,0.4,0.5851342857142856,0.5714285714285714,0.5833333333333334,0,5,0.23809523809523808,0,0,15.15151515151515
"Kevin Huerter","DET",123,256,64,21,25,0.84,6,23,0.2608695652173913,0.2608695652173913,4,40,2,18,0,0.9523809523809523,0.9523809523809523,1,0.4791666666666667,0.5724364583333333,0.625,0.64,0,0,0,0,0,19.71830985915493
"Jayson Tatum","BOS",123,255,86,23,36,0.6388888888888888,11,30,0.36666666666666664,0.36666666666666664,7,22,24,18,15,0.4782608695652174,0.5,0.5454545454545454,0.45454545454545453,0.5346325757575756,0.5984848484848485,0.6231884057971014,2,2,0.05555555555555555,0,0,27.24137931034483
"Ty Jerome","MEM",122,245,100,22,38,0.5789473684210527,14,36,0.3888888888888889,0.3888888888888889,14,12,32,15,27,0.2727272727272727,0.3,0.35714285714285715,0.4864864864864865,0.5126993243243244,0.581081081081081,0.6265822784810127,4,2,0.05263157894736842,1,0.027777777777777776,30.545454545454547
"Landry Shamet","NYK",121,241,37,5,10,0.5,8,27,0.2962962962962963,0.2962962962962963,3,8,2,24,0,0.8,1,1,0.7297297297297297,0.5590243243243244,0.4594594594594595,0.4868421052631579,2,2,0.2,0,0,13.829787234042554
"Yves Missi","NOP",118,243,26,12,21,0.5714285714285714,0,0,0,0,2,18,6,0,0,0.75,0.8181818181818182,0,0,0.5600714285714286,0.5714285714285714,0.5652173913043478,2,1,0.047619047619047616,0,0,11.231884057971016
"Kris Murray","POR",118,245,36,11,17,0.6470588235294118,4,15,0.26666666666666666,0.26666666666666666,2,10,12,12,0,0.45454545454545453,0.5555555555555556,1,0.46875,0.6150546874999999,0.53125,0.5454545454545454,4,2,0.11764705882352941,0,0,12.5
"Bryce McGowens","NOP",116,246,35,8,20,0.4,5,12,0.4166666666666667,0.4166666666666667,4,10,6,15,0,0.625,0.625,1,0.375,0.5549484374999999,0.484375,0.5147058823529411,0,4,0.2,0,0,12.544802867383513
"Isaiah Stewart","DET",114,231,44,13,21,0.6190476190476191,4,18,0.2222222222222222,0.2222222222222222,6,16,10,12,0,0.6153846153846154,1,1,0.46153846153846156,0.5642858974358975,0.48717948717948717,0.5238095238095238,10,1,0.047619047619047616,0,0,17.24137931034483
"Ziaire Williams","BKN",114,230,60,12,18,0.6666666666666666,11,21,0.5238095238095238,0.5238095238095238,3,14,10,33,0,0.5833333333333334,0.5833333333333334,1,0.5384615384615384,0.5851217948717948,0.7307692307692307,0.7317073170731707,0,1,0.05555555555555555,0,0,18.548387096774192
"Brandon Williams","DAL",112,236,59,16,36,0.4444444444444444,5,11,0.45454545454545453,0.45454545454545453,12,12,20,15,0,0.375,0.375,1,0.23404255319148937,0.5550308510638299,0.5,0.5566037735849056,0,5,0.1388888888888889,0,0,24.43609022556391
"Ryan Dunn","PHX",112,225,41,12,18,0.6666666666666666,5,16,0.3125,0.3125,2,14,10,15,0,0.5833333333333334,1,1,0.47058823529411764,0.5850558823529411,0.5735294117647058,0.5694444444444444,10,1,0.05555555555555555,0,0,14.84375
"Ajay Mitchell","OKC",107,221,55,19,31,0.6129032258064516,4,10,0.4,0.4,5,10,28,12,0,0.2631578947368421,0.2631578947368421,1,0.24390243902439024,0.5411621951219513,0.6097560975609756,0.625,0,0,0,0,0,19.10569105691057
"Sandro Mamukelashvili","TOR",105,208,44,6,12,0.5,10,19,0.5263157894736842,0.5263157894736842,2,8,4,30,0,0.6666666666666666,0.8,1,0.6129032258064516,0.5756032258064515,0.6774193548387096,0.6470588235294118,2,0,0,0,0,15.06276150627615
"Mitchell Robinson","NYK",105,204,30,15,28,0.5357142857142857,0,0,0,0,0,14,16,0,0,0.4666666666666667,1,0,0,0.6534821428571428,0.5357142857142857,0.5357142857142857,16,2,0.07142857142857142,0,0,13.306451612903226
"Isaiah Jackson","IND",99,210,28,10,22,0.45454545454545453,0,0,0,0,8,12,8,0,0,0.6,0.6666666666666666,0,0,0.5772500000000002,0.45454545454545453,0.5185185185185185,2,2,0.09090909090909091,0,0,13.596491228070176
"Kasparas Jakučionis","MIA",98,224,35,3,8,0.375,8,17,0.47058823529411764,0.47058823529411764,5,6,0,24,0,1,1,1,0.68,0.577494,0.6,0.625,0,2,0.25,1,0.058823529411764705,12.64822134387352
"Kentavious Caldwell-Pope","MEM",98,195,30,7,21,0.3333333333333333,5,11,0.45454545454545453,0.45454545454545453,1,10,4,15,0,0.7142857142857143,0.7142857142857143,1,0.34375,0.5066437500000001,0.453125,0.45454545454545453,0,0,0,0,0,17.647058823529413
"Caleb Martin","DAL",98,210,27,8,17,0.47058823529411764,2,8,0.25,0.25,5,10,6,6,0,0.625,0.625,1,0.32,0.5840420000000001,0.44,0.45,0,2,0.11764705882352941,0,0,14.830508474576272
"Ochai Agbaji","TOR",97,195,38,12,19,0.631578947368421,3,11,0.2727272727272727,0.2727272727272727,5,16,8,9,0,0.6666666666666666,1,1,0.36666666666666664,0.5912000000000001,0.55,0.59375,8,4,0.21052631578947367,0,0,15.137614678899082
"Keon Ellis","CLE",95,198,41,7,12,0.5833333333333334,9,14,0.6428571428571429,0.6428571428571429,0,10,4,27,0,0.7142857142857143,0.8333333333333334,1,0.5384615384615384,0.5716019230769229,0.7884615384615384,0.7884615384615384,2,2,0.16666666666666666,0,0,13.698630136986301
"Tristan Vukcevic","WAS",94,204,85,20,33,0.6060606060606061,11,23,0.4782608695652174,0.4782608695652174,12,26,14,27,6,0.65,0.6842105263157895,0.8181818181818182,0.4107142857142857,0.5465633928571428,0.6517857142857143,0.6854838709677419,2,2,0.06060606060606061,0,0,28.508771929824565
"Al Horford","GSW",93,193,52,9,13,0.6923076923076923,10,28,0.35714285714285715,0.35714285714285715,4,12,6,30,0,0.6666666666666666,0.8571428571428571,1,0.6829268292682927,0.5521585365853658,0.5853658536585366,0.6046511627906976,4,0,0,0,0,20.833333333333332
"Julian Strawther","DEN",93,194,46,10,13,0.7692307692307693,8,19,0.42105263157894735,0.42105263157894735,2,16,4,24,0,0.8,0.8,1,0.59375,0.5719765625,0.6875,0.71875,0,0,0,0,0,16.19047619047619
"Dwight Powell","DAL",92,194,16,5,9,0.5555555555555556,0,0,0,0,6,8,2,0,0,0.8,1,0,0,0.6276,0.5555555555555556,0.5714285714285714,2,3,0.3333333333333333,0,0,9.134615384615385
"Vince Williams Jr.","MEM",91,184,20,7,18,0.3888888888888889,2,16,0.125,0.125,0,2,12,6,0,0.14285714285714285,0.16666666666666666,1,0.47058823529411764,0.5212338235294117,0.29411764705882354,0.29411764705882354,2,1,0.05555555555555555,0,0,18.867924528301884
"Pat Spencer","GSW",91,188,45,9,16,0.5625,8,16,0.5,0.5,3,8,10,15,9,0.4444444444444444,0.5,0.625,0.5,0.5535015624999999,0.65625,0.6617647058823529,2,2,0.125,1,0.0625,16.74418604651163
"Marvin Bagley III","DAL",90,180,49,21,32,0.65625,1,1,1,1,4,30,12,3,0,0.7142857142857143,0.9375,1,0.030303030303030304,0.5744318181818181,0.6818181818181818,0.6805555555555556,10,2,0.0625,0,0,20.895522388059703
"Santi Aldama","MEM",90,192,55,16,26,0.6153846153846154,6,16,0.375,0.375,5,26,6,18,0,0.8125,0.8666666666666667,1,0.38095238095238093,0.5275952380952381,0.5952380952380952,0.6111111111111112,2,0,0,0,0,23.008849557522126
"Corey Kispert","ATL",89,197,56,13,23,0.5652173913043478,8,20,0.4,0.4,6,22,4,24,0,0.8461538461538461,0.8461538461538461,1,0.46511627906976744,0.5826127906976745,0.5813953488372093,0.6222222222222222,0,1,0.043478260869565216,0,0,23.041474654377883
"Paul Reed","DET",86,174,50,19,28,0.6785714285714286,3,8,0.375,0.375,3,30,8,9,0,0.7894736842105263,0.8333333333333334,1,0.2222222222222222,0.5561833333333333,0.6527777777777778,0.6578947368421053,2,1,0.03571428571428571,1,0.125,21.07843137254902
"Jaylin Williams","OKC",85,175,39,5,9,0.5555555555555556,9,28,0.32142857142857145,0.32142857142857145,2,10,0,27,0,1,1,1,0.7567567567567568,0.5383081081081081,0.5,0.5,0,0,0,0,0,21.693121693121693
"Javon Small","MEM",85,174,43,5,10,0.5,9,13,0.6923076923076923,0.6923076923076923,6,4,6,12,15,0.4,0.4,0.4444444444444444,0.5652173913043478,0.5772956521739129,0.8043478260869565,0.8269230769230769,0,2,0.2,0,0,19.270833333333336
"Drew Eubanks","SAC",84,173,25,12,21,0.5714285714285714,0,0,0,0,1,18,6,0,0,0.75,1,0,0,0.49437619047619047,0.5714285714285714,0.5434782608695652,6,2,0.09523809523809523,0,0,13.989637305699482
"Justin Edwards","PHI",83,179,54,10,15,0.6666666666666666,11,18,0.6111111111111112,0.6111111111111112,1,10,10,24,9,0.5,0.5,0.7272727272727273,0.5454545454545454,0.5292181818181818,0.803030303030303,0.8181818181818182,0,0,0,0,0,18.7192118226601
"Vít Krejčí","ATL",82,174,11,1,4,0.25,2,16,0.125,0.125,3,2,0,6,0,1,1,1,0.8,0.5646824999999999,0.2,0.25,0,0,0,0,0,13.297872340425533
"Zach Edey","MEM",81,167,47,20,29,0.6896551724137931,1,1,1,1,4,32,8,3,0,0.8,0.8888888888888888,1,0.03333333333333333,0.6043066666666665,0.7166666666666667,0.734375,4,0,0,0,0,20.942408376963353
"Simone Fontecchio","MIA",80,172,41,4,7,0.5714285714285714,9,18,0.5,0.5,6,6,2,27,0,0.75,1,1,0.72,0.578512,0.7,0.7592592592592593,2,0,0,1,0.05555555555555555,14.57286432160804
"Jaxson Hayes","LAL",78,159,38,15,19,0.7894736842105263,1,1,1,1,5,28,2,3,0,0.9333333333333333,1,1,0.05,0.65526,0.825,0.7916666666666666,2,0,0,0,0,14.367816091954023
"Josh Minott","BKN",76,149,28,9,13,0.6923076923076923,2,8,0.25,0.25,4,12,6,6,0,0.6666666666666666,0.6666666666666666,1,0.38095238095238093,0.5891404761904762,0.5714285714285714,0.6086956521739131,0,2,0.15384615384615385,0,0,14.285714285714286
"Elijah Harkless","UTA",75,163,10,3,7,0.42857142857142855,0,7,0,0,4,6,0,0,0,1,1,0,0.5,0.5695428571428571,0.21428571428571427,0.29411764705882354,0,1,0.14285714285714285,0,0,10.112359550561798
"Jamal Shead","TOR",75,150,17,6,11,0.5454545454545454,1,9,0.1111111111111111,0.1111111111111111,2,6,6,3,0,0.5,0.5,1,0.45,0.5292475,0.375,0.40476190476190477,0,0,0,0,0,13.450292397660819
"Ethan Thompson","IND",75,153,25,3,7,0.42857142857142855,5,12,0.4166666666666667,0.4166666666666667,4,6,0,12,3,1,1,0.8,0.631578947368421,0.56745,0.5526315789473685,0.5952380952380952,0,1,0.14285714285714285,0,0,12.209302325581396
"Tyus Jones","ORL",74,154,15,2,8,0.25,3,7,0.42857142857142855,0.42857142857142855,2,4,0,9,0,1,1,1,0.4666666666666667,0.5474766666666666,0.43333333333333335,0.46875,0,0,0,0,0,9.63855421686747
"Bobby Portis","MIL",74,151,42,13,22,0.5909090909090909,5,10,0.5,0.5,1,16,10,15,0,0.6153846153846154,0.6666666666666666,1,0.3125,0.5058984375,0.640625,0.65625,2,2,0.09090909090909091,0,0,19.767441860465116
"Myron Gardner","MIA",73,157,25,6,13,0.46153846153846156,4,8,0.5,0.5,1,6,6,12,0,0.5,0.75,1,0.38095238095238093,0.6020928571428572,0.5714285714285714,0.5952380952380952,4,3,0.23076923076923078,0,0,12.087912087912088
"Jordan Goodwin","PHX",70,135,18,3,5,0.6,4,14,0.2857142857142857,0.2857142857142857,0,2,4,12,0,0.3333333333333333,1,1,0.7368421052631579,0.5604894736842105,0.47368421052631576,0.47368421052631576,4,1,0.2,0,0,14.285714285714285
"Day'Ron Sharpe","BKN",69,137,27,10,14,0.7142857142857143,0,1,0,0,7,8,12,0,0,0.4,0.5714285714285714,0,0.06666666666666667,0.5666033333333332,0.6666666666666666,0.675,6,0,0,0,0,17.880794701986755
"Devin Carter","SAC",69,139,30,7,13,0.5384615384615384,5,13,0.38461538461538464,0.38461538461538464,1,2,12,9,6,0.14285714285714285,0.16666666666666666,0.6,0.5,0.58865,0.5576923076923077,0.5769230769230769,2,0,0,0,0,18.633540372670808
"Gabe Vincent","LAL",67,139,14,1,2,0.5,3,13,0.23076923076923078,0.23076923076923078,3,0,2,6,3,0,0,0.6666666666666666,0.8666666666666667,0.5669166666666665,0.36666666666666664,0.4375,0,0,0,2,0.15384615384615385,12
"Steven Adams","HOU",65,124,13,4,7,0.5714285714285714,0,0,0,0,5,2,6,0,0,0.25,0.5,0,0,0.4924428571428572,0.5714285714285714,0.5,4,0,0,0,0,11.258278145695364
"John Konchar","UTA",64,136,11,3,5,0.6,1,5,0.2,0.2,2,2,4,0,3,0.3333333333333333,0.5,0,0.5,0.56594,0.45,0.5,2,0,0,0,0,7.894736842105263
"DeAndre Jordan","NOP",63,127,12,5,8,0.625,0,0,0,0,2,8,2,0,0,0.8,1,0,0,0.5998375,0.625,0.6666666666666666,2,2,0.25,0,0,9.090909090909092
"Isaiah Joe","OKC",62,130,28,2,3,0.6666666666666666,6,13,0.46153846153846156,0.46153846153846156,6,2,2,18,0,0.5,0.5,1,0.8125,0.552775,0.6875,0.7368421052631579,0,0,0,0,0,13.47517730496454
"Mouhamed Gueye","ATL",62,128,35,7,12,0.5833333333333334,6,10,0.6,0.6,3,14,0,18,0,1,1,1,0.45454545454545453,0.6224431818181818,0.7272727272727273,0.7608695652173914,0,1,0.08333333333333333,0,0,17.687074829931973
"Bradley Beal","LAC",61,124,19,4,13,0.3076923076923077,3,9,0.3333333333333333,0.3333333333333333,2,6,2,9,0,0.75,0.75,1,0.4090909090909091,0.5121749999999999,0.38636363636363635,0.41304347826086957,0,1,0.07692307692307693,0,0,22.22222222222222
"Tim Hardaway Jr.","DEN",59,122,34,4,6,0.6666666666666666,7,18,0.3888888888888889,0.3888888888888889,5,8,0,21,0,1,1,1,0.75,0.5450208333333333,0.6041666666666666,0.6538461538461539,0,0,0,0,0,19.28571428571429
"Kevon Looney","NOP",58,120,9,3,11,0.2727272727272727,1,4,0.25,0.25,0,4,2,3,0,0.6666666666666666,1,1,0.26666666666666666,0.5371766666666666,0.3,0.28125,2,2,0.18181818181818182,0,0,12.142857142857144
"Kobe Brown","IND",58,119,25,7,12,0.5833333333333334,3,7,0.42857142857142855,0.42857142857142855,2,10,4,9,0,0.7142857142857143,1,1,0.3684210526315789,0.6140894736842105,0.6052631578947368,0.625,4,0,0,0,0,16.666666666666664
"Trendon Watford","PHI",57,112,37,15,19,0.7894736842105263,2,4,0.5,0.5,1,18,12,6,0,0.6,0.6428571428571429,1,0.17391304347826086,0.54995,0.782608695652174,0.8043478260869565,2,0,0,0,0,21.25984251968504
"Jamir Watkins","WAS",57,118,10,4,7,0.5714285714285714,0,5,0,0,2,2,6,0,0,0.25,0.5,0,0.4166666666666667,0.5962041666666666,0.3333333333333333,0.35714285714285715,4,0,0,0,0,10.44776119402985
"Cam Thomas","BKN",57,116,27,7,18,0.3888888888888889,2,5,0.4,0.4,7,6,8,3,3,0.42857142857142855,0.5,0.5,0.21739130434782608,0.4997304347826087,0.43478260869565216,0.5,2,0,0,0,0,22.13740458015267
"Nicolas Batum","LAC",56,116,3,0,0,0,1,9,0.1111111111111111,0.1111111111111111,0,0,0,3,0,0,0,1,1,0.5868333333333333,0.16666666666666666,0.16666666666666666,0,0,0,0,0,7.317073170731708
"Kam Jones","IND",55,122,21,3,8,0.375,5,9,0.5555555555555556,0.5555555555555556,0,4,2,15,0,0.6666666666666666,0.6666666666666666,1,0.5294117647058824,0.5636911764705882,0.6176470588235294,0.6176470588235294,0,1,0.125,0,0,13.235294117647058
"Julian Reese","WAS",55,110,18,8,15,0.5333333333333333,0,0,0,0,2,10,6,0,0,0.625,0.8333333333333334,0,0,0.5218333333333333,0.5333333333333333,0.5,4,3,0.2,0,0,17.96875
"Tyrese Martin","BKN",53,108,14,3,6,0.5,2,6,0.3333333333333333,0.3333333333333333,2,6,0,6,0,1,1,1,0.5,0.5648083333333332,0.5,0.5384615384615384,0,2,0.3333333333333333,0,0,10.236220472440944
"Javonte Green","DET",51,107,19,1,4,0.25,5,8,0.625,0.625,2,0,2,15,0,0,0,1,0.6666666666666666,0.5507124999999999,0.7083333333333334,0.7307692307692307,2,0,0,0,0,10.769230769230768
"Mohamed Diawara","NYK",51,107,28,5,10,0.5,6,15,0.4,0.4,0,8,2,15,3,0.8,0.8,0.8333333333333334,0.6,0.591826,0.56,0.56,0,1,0.1,0,0,21.36752136752137
"DaRon Holmes II","DEN",50,93,18,0,1,0,6,9,0.6666666666666666,0.6666666666666666,0,0,0,18,0,0,0,1,0.9,0.5741050000000001,0.9,0.9,0,0,0,0,0,12.244897959183673
"Leonard Miller","CHI",49,104,15,2,5,0.4,3,10,0.3,0.3,2,4,0,9,0,1,1,1,0.6666666666666666,0.64286,0.43333333333333335,0.46875,0,0,0,0,0,14.782608695652176
"Ben Saraf","BKN",49,103,7,2,6,0.3333333333333333,0,4,0,0,3,2,2,0,0,0.5,0.5,0,0.4,0.5596850000000001,0.2,0.2916666666666667,0,0,0,1,0.25,15.04424778761062
"Klay Thompson","DAL",49,101,28,5,6,0.8333333333333334,5,10,0.5,0.5,3,8,2,15,0,0.8,0.8,1,0.625,0.5263249999999999,0.78125,0.7941176470588235,0,1,0.16666666666666666,0,0,17.5
"Marcus Sasser","DET",48,92,21,2,6,0.3333333333333333,5,9,0.5555555555555556,0.5555555555555556,2,2,2,15,0,0.5,0.5,1,0.6,0.55803,0.6333333333333333,0.65625,0,0,0,0,0,15.238095238095237
"Kevin Love","UTA",47,95,11,1,2,0.5,3,13,0.23076923076923078,0.23076923076923078,0,2,0,9,0,1,1,1,0.8666666666666667,0.5630533333333333,0.36666666666666664,0.36666666666666664,0,0,0,0,0,17.475728155339805
"Micah Potter","IND",46,98,25,4,6,0.6666666666666666,3,8,0.375,0.375,8,8,0,9,0,1,1,1,0.5714285714285714,0.6082535714285715,0.6071428571428571,0.6944444444444444,0,1,0.16666666666666666,0,0,18.34862385321101
"Luka Garza","BOS",44,84,18,5,5,1,1,8,0.125,0.125,5,10,0,3,0,1,1,1,0.6153846153846154,0.6018,0.5,0.6,0,0,0,0,0,16.494845360824744
"Jabari Walker","PHI",44,91,6,3,9,0.3333333333333333,0,1,0,0,0,4,2,0,0,0.6666666666666666,1,0,0.1,0.6107799999999999,0.3,0.3,2,5,0.5555555555555556,0,0,10.185185185185185
"Rayan Rupert","MEM",44,87,2,1,6,0.16666666666666666,0,0,0,0,0,2,0,0,0,1,1,0,0,0.5858499999999999,0.16666666666666666,0.16666666666666666,0,2,0.3333333333333333,0,0,6.862745098039215
"Scoot Henderson","POR",44,87,14,4,10,0.4,2,7,0.2857142857142857,0.2857142857142857,0,0,8,3,3,0,0,0.5,0.4117647058823529,0.5329382352941177,0.4117647058823529,0.4117647058823529,2,4,0.4,0,0,18.26923076923077
"Jordan Poole","NOP",44,89,23,3,8,0.375,5,10,0.5,0.5,2,2,4,15,0,0.3333333333333333,0.5,1,0.5555555555555556,0.5361666666666667,0.5833333333333334,0.5789473684210527,2,2,0.25,0,0,22.01834862385321
"Jonas Valančiūnas","DEN",43,80,29,12,20,0.6,0,2,0,0,5,10,14,0,0,0.4166666666666667,0.625,0,0.09090909090909091,0.561559090909091,0.5454545454545454,0.6041666666666666,8,3,0.15,0,0,28.26086956521739
"Leaky Black","WAS",43,88,10,2,6,0.3333333333333333,2,5,0.4,0.4,0,2,2,6,0,0.5,0.5,1,0.45454545454545453,0.5735,0.45454545454545453,0.45454545454545453,0,0,0,0,0,12.264150943396226
"Jaden Ivey","CHI",42,87,23,5,7,0.7142857142857143,3,8,0.375,0.375,4,6,4,9,0,0.6,0.75,1,0.5333333333333333,0.5396433333333334,0.6333333333333333,0.6764705882352942,2,0,0,0,0,19.791666666666668
"Ronald Holland II","DET",41,86,11,2,6,0.3333333333333333,2,9,0.2222222222222222,0.2222222222222222,1,0,4,6,0,0,0,1,0.6,0.5416633333333334,0.3333333333333333,0.34375,0,1,0.16666666666666666,0,0,18.26923076923077
"Scotty Pippen Jr.","MEM",40,86,14,4,7,0.5714285714285714,2,6,0.3333333333333333,0.3333333333333333,0,4,4,6,0,0.5,0.5,1,0.46153846153846156,0.5538346153846154,0.5384615384615384,0.5384615384615384,0,0,0,0,0,20.21276595744681
"Daeqwon Plowden","SAC",40,86,28,8,9,0.8888888888888888,3,8,0.375,0.375,3,14,2,9,0,0.875,1,1,0.47058823529411764,0.5184705882352941,0.7352941176470589,0.7777777777777778,2,1,0.1111111111111111,0,0,22.82608695652174
"Pete Nance","MIL",40,83,15,3,4,0.75,3,9,0.3333333333333333,0.3333333333333333,0,4,2,9,0,0.6666666666666666,0.6666666666666666,1,0.6923076923076923,0.5562076923076924,0.5769230769230769,0.5769230769230769,0,0,0,0,0,15.730337078651685
"Jaden Hardy","DAL",39,82,25,4,7,0.5714285714285714,5,15,0.3333333333333333,0.3333333333333333,2,4,4,15,0,0.5,0.5,1,0.6818181818181818,0.5850727272727273,0.5227272727272727,0.5434782608695652,0,1,0.14285714285714285,0,0,26.373626373626372
"Anfernee Simons","CHI",37,75,19,3,4,0.75,4,11,0.36363636363636365,0.36363636363636365,1,2,4,9,3,0.3333333333333333,0.3333333333333333,0.75,0.7333333333333333,0.5254800000000001,0.6,0.6,0,0,0,0,0,21.951219512195124
"T.J. McConnell","IND",37,77,19,8,16,0.5,1,3,0.3333333333333333,0.3333333333333333,0,0,16,3,0,0,0,1,0.15789473684210525,0.5059263157894737,0.5,0.5,0,1,0.0625,0,0,23.595505617977526
"Nick Richards","PHX",36,73,13,5,7,0.7142857142857143,1,1,1,1,0,6,4,3,0,0.6,1,1,0.125,0.663325,0.8125,0.8125,4,1,0.14285714285714285,0,0,12.987012987012987
"Walker Kessler","UTA",36,70,20,5,8,0.625,2,2,1,1,4,8,2,6,0,0.8,1,1,0.2,0.554885,0.8,0.7692307692307693,2,2,0.25,0,0,19.047619047619047
"Walter Clayton Jr.","MEM",34,73,13,1,3,0.3333333333333333,3,9,0.3333333333333333,0.3333333333333333,2,0,2,6,3,0,0,0.6666666666666666,0.75,0.5646083333333335,0.4583333333333333,0.5,0,1,0.3333333333333333,0,0,19.047619047619047
"Jahmai Mashack","MEM",33,67,7,2,4,0.5,1,2,0.5,0.5,0,4,0,3,0,1,1,1,0.3333333333333333,0.57745,0.5833333333333334,0.5833333333333334,0,0,0,0,0,11.842105263157894
"Anthony Gill","WAS",32,65,11,5,7,0.7142857142857143,0,1,0,0,1,6,4,0,0,0.6,1,0,0.125,0.47343124999999997,0.625,0.6875,4,1,0.14285714285714285,1,1,12.857142857142858
"Christian Koloko","MEM",32,66,4,1,5,0.2,0,2,0,0,2,2,0,0,0,1,1,0,0.2857142857142857,0.5988071428571429,0.14285714285714285,0.25,0,2,0.4,0,0,12.857142857142858
"Patrick Williams","CHI",31,68,18,0,2,0,6,10,0.6,0.6,0,0,0,18,0,0,0,1,0.8333333333333334,0.5297833333333334,0.75,0.75,0,1,0.5,0,0,19.178082191780824
"Goga Bitadze","ORL",31,61,11,5,5,1,0,1,0,0,1,6,4,0,0,0.6,1,0,0.16666666666666666,0.6124916666666667,0.8333333333333334,0.7857142857142857,4,0,0,0,0,10.769230769230768
"Ariel Hukporti","NYK",31,67,4,2,7,0.2857142857142857,0,0,0,0,0,4,0,0,0,1,1,0,0,0.5992714285714286,0.2857142857142857,0.2857142857142857,0,1,0.14285714285714285,0,0,10.95890410958904
"Jalen Slawson","IND",31,64,8,1,2,0.5,2,6,0.3333333333333333,0.3333333333333333,0,2,0,6,0,1,1,1,0.75,0.57524375,0.5,0.5,0,0,0,0,0,11.538461538461538
"Malik Monk","SAC",30,61,11,4,9,0.4444444444444444,1,3,0.3333333333333333,0.3333333333333333,0,2,6,0,3,0.25,0.25,0,0.25,0.5243041666666667,0.4583333333333333,0.4583333333333333,0,0,0,0,0,17.39130434782609
"Hugo González","BOS",29,61,7,2,4,0.5,1,3,0.3333333333333333,0.3333333333333333,0,2,2,3,0,0.5,1,1,0.42857142857142855,0.5574785714285714,0.5,0.4375,2,0,0,0,0,12.121212121212121
"Oscar Tshiebwe","UTA",27,56,12,6,8,0.75,0,0,0,0,0,12,0,0,0,1,1,0,0,0.61595,0.75,0.75,0,0,0,0,0,16.666666666666668
"Max Strus","CLE",27,60,9,1,3,0.3333333333333333,2,6,0.3333333333333333,0.3333333333333333,1,2,0,6,0,1,1,1,0.6666666666666666,0.5782944444444444,0.4444444444444444,0.45,0,0,0,0,0,17.46031746031746
"Taurean Prince","MIL",27,51,13,2,3,0.6666666666666666,3,8,0.375,0.375,0,2,2,9,0,0.5,0.5,1,0.7272727272727273,0.581690909090909,0.5909090909090909,0.5909090909090909,0,1,0.3333333333333333,0,0,26.41509433962264
"Killian Hayes","SAC",26,56,12,3,6,0.5,2,3,0.6666666666666666,0.6666666666666666,0,0,6,6,0,0,0,1,0.3333333333333333,0.5152611111111112,0.6666666666666666,0.6666666666666666,2,0,0,0,0,19.672131147540984
"Jarred Vanderbilt","LAL",26,57,8,4,5,0.8,0,1,0,0,0,4,4,0,0,0.5,0.5,0,0.16666666666666666,0.6981166666666666,0.6666666666666666,0.6666666666666666,0,0,0,0,0,12.307692307692307
"Dereck Lively II","DAL",26,53,6,3,6,0.5,0,0,0,0,0,4,2,0,0,0.6666666666666666,0.6666666666666666,0,0,0.7533833333333334,0.5,0.5,0,2,0.3333333333333333,0,0,15.873015873015873
"Lonzo Ball","CLE",25,54,15,0,1,0,5,9,0.5555555555555556,0.5555555555555556,0,0,0,9,6,0,0,0.6,0.9,0.57333,0.75,0.75,0,0,0,0,0,20.967741935483872
"Grant Williams","CHA",25,54,14,1,1,1,4,6,0.6666666666666666,0.6666666666666666,0,2,0,12,0,1,1,1,0.8571428571428571,0.5639857142857142,1,1,0,0,0,0,0,12.698412698412698
"Buddy Hield","GSW",24,48,7,2,4,0.5,1,5,0.2,0.2,0,4,0,3,0,1,1,1,0.5555555555555556,0.6170833333333333,0.3888888888888889,0.3888888888888889,0,0,0,0,0,17.54385964912281
"Noah Penda","ORL",23,47,11,2,3,0.6666666666666666,2,2,1,1,1,2,2,6,0,0.5,1,1,0.4,0.55923,1,1.1,2,0,0,0,0,9.09090909090909
"Keaton Wallace","ATL",23,44,0,0,1,0,0,1,0,0,0,0,0,0,0,0,0,0,0.5,0.46525,0,0,0,0,0,0,0,4.166666666666667
"Tony Bradley","IND",23,49,13,6,8,0.75,0,0,0,0,1,12,0,0,0,1,1,0,0,0.5082125,0.75,0.7222222222222222,0,0,0,0,0,16.363636363636363
"Jeremiah Robinson-Earl","IND",23,49,7,2,2,1,1,3,0.3333333333333333,0.3333333333333333,0,0,4,3,0,0,0,1,0.6,0.5858399999999999,0.7,0.7,4,0,0,0,0,10.909090909090908
"Bez Mbeng","UTA",23,47,0,0,0,0,0,1,0,0,0,0,0,0,0,0,0,0,1,0.58005,0,0,0,0,0,0,0,1.9607843137254901
"Ron Harper Jr.","BOS",22,41,5,1,3,0.3333333333333333,1,4,0.25,0.25,0,0,2,3,0,0,0,1,0.5714285714285714,0.5481214285714285,0.35714285714285715,0.35714285714285715,2,0,0,0,0,12.499999999999998
"Craig Porter Jr.","CLE",22,41,2,1,4,0.25,0,1,0,0,0,0,2,0,0,0,0,0,0.2,0.5127499999999999,0.2,0.2,0,2,0.5,0,0,12.765957446808512
"Kyle Anderson","MEM",21,43,8,3,5,0.6,0,0,0,0,2,0,6,0,0,0,0,0,0,0.4514,0.6,0.6666666666666666,0,0,0,0,0,17.02127659574468
"Amir Coffey","MIL",21,44,7,2,2,1,1,1,1,1,0,4,0,3,0,1,1,1,0.3333333333333333,0.5056999999999999,1.1666666666666667,1.1666666666666667,0,0,0,0,0,6.666666666666666
"D'Angelo Russell","DAL",21,41,6,1,3,0.3333333333333333,1,2,0.5,0.5,1,2,0,3,0,1,1,1,0.4,0.49574999999999997,0.5,0.5,0,0,0,0,0,18.181818181818183
"Clint Capela","HOU",21,38,9,4,7,0.5714285714285714,0,0,0,0,1,6,2,0,0,0.75,0.75,0,0,0.5316857142857143,0.5714285714285714,0.5625,0,1,0.14285714285714285,0,0,18.75
"Naz Reid","MIN",20,44,6,1,2,0.5,1,4,0.25,0.25,1,2,0,3,0,1,1,1,0.6666666666666666,0.5811916666666667,0.4166666666666667,0.42857142857142855,0,1,0.5,0,0,18.181818181818183
"Bogdan Bogdanović","LAC",20,38,7,2,2,1,1,4,0.25,0.25,0,4,0,3,0,1,1,1,0.6666666666666666,0.550275,0.5833333333333334,0.5833333333333334,0,0,0,0,0,13.636363636363637
"Larry Nance Jr.","CLE",19,41,8,1,1,1,2,4,0.5,0.5,0,2,0,6,0,1,1,1,0.8,0.63963,0.8,0.8,0,0,0,0,0,11.627906976744185
"Zeke Nnaji","DEN",18,39,3,0,0,0,1,3,0.3333333333333333,0.3333333333333333,0,0,0,3,0,0,0,1,1,0.57905,0.5,0.5,0,0,0,0,0,7.317073170731708
"Jose Alvarado","NYK",18,34,10,2,2,1,2,4,0.5,0.5,0,4,0,6,0,1,1,1,0.6666666666666666,0.518875,0.8333333333333334,0.8333333333333334,0,0,0,0,0,15
"Bruce Brown","DEN",18,33,7,2,3,0.6666666666666666,1,1,1,1,0,4,0,3,0,1,1,1,0.25,0.4559625,0.875,0.875,0,1,0.3333333333333333,0,0,11.76470588235294
"Bones Hyland","MIN",17,35,9,0,2,0,3,5,0.6,0.6,0,0,0,9,0,0,0,1,0.7142857142857143,0.5849857142857143,0.6428571428571429,0.6428571428571429,0,1,0.5,0,0,17.5
"Andersson Garcia","UTA",17,39,0,0,1,0,0,2,0,0,0,0,0,0,0,0,0,0,0.6666666666666666,0.5567666666666667,0,0,0,1,1,0,0,7.142857142857143
"Kenrich Williams","OKC",17,33,6,0,2,0,2,3,0.6666666666666666,0.6666666666666666,0,0,0,6,0,0,0,1,0.6,0.5179600000000001,0.6,0.6,0,0,0,0,0,18.91891891891892
"KJ Simpson","CHA",16,31,8,2,3,0.6666666666666666,1,3,0.3333333333333333,0.3333333333333333,1,2,2,0,3,0.5,0.5,0,0.5,0.5313333333333333,0.5833333333333334,0.6666666666666666,0,0,0,0,0,15.789473684210526
"Jalen Wilson","BKN",16,33,8,1,2,0.5,1,2,0.5,0.5,3,0,2,3,0,0,0,1,0.5,0.538625,0.625,0.6666666666666666,0,1,0.5,0,0,17.142857142857142
"PJ Hall","CHA",16,32,5,1,6,0.16666666666666666,1,1,1,1,0,2,0,3,0,1,1,1,0.14285714285714285,0.5612357142857143,0.35714285714285715,0.35714285714285715,0,4,0.6666666666666666,0,0,21.05263157894737
"Obi Toppin","IND",16,38,12,3,5,0.6,0,2,0,0,6,6,0,0,0,1,1,0,0.2857142857142857,0.5041142857142857,0.42857142857142855,0.6,0,1,0.2,0,0,24.390243902439025
"Mason Plumlee","CHA",16,35,5,2,4,0.5,0,0,0,0,1,4,0,0,0,1,1,0,0,0.65375,0.5,0.625,0,1,0.25,0,0,16.666666666666668
"Hunter Tyson","DEN",16,31,4,2,2,1,0,1,0,0,0,4,0,0,0,1,1,0,0.3333333333333333,0.6654666666666667,0.6666666666666666,0.6666666666666666,0,0,0,0,0,12.121212121212121
"Julian Phillips","CHI",15,34,5,1,2,0.5,1,3,0.3333333333333333,0.3333333333333333,0,2,0,3,0,1,1,1,0.6,0.5983799999999999,0.5,0.5,0,0,0,0,0,12.82051282051282
"Branden Carlson","OKC",15,32,6,0,1,0,2,3,0.6666666666666666,0.6666666666666666,0,0,0,6,0,0,0,1,0.75,0.5708375,0.75,0.75,0,0,0,0,0,15.15151515151515
"Jamison Battle","TOR",15,29,5,1,1,1,1,3,0.3333333333333333,0.3333333333333333,0,2,0,3,0,1,1,1,0.75,0.5998749999999999,0.625,0.625,0,0,0,0,0,11.428571428571429
"Karlo Matković","NOP",14,32,4,2,2,1,0,3,0,0,0,2,2,0,0,0.5,1,0,0.6,0.64622,0.4,0.4,2,0,0,0,0,16.666666666666668
"Sharife Cooper","WAS",14,29,10,5,6,0.8333333333333334,0,1,0,0,0,0,10,0,0,0,0,0,0.14285714285714285,0.5241357142857143,0.7142857142857143,0.7142857142857143,0,1,0.16666666666666666,1,1,21.875
"Nae'Qwan Tomlin","CLE",13,25,6,2,3,0.6666666666666666,0,2,0,0,2,4,0,0,0,1,1,0,0.4,0.63706,0.4,0.42857142857142855,0,0,0,0,0,25.925925925925924
"Xavier Tillman","BOS",13,27,4,2,2,1,0,1,0,0,0,0,4,0,0,0,0,0,0.3333333333333333,0.6384333333333333,0.6666666666666666,0.6666666666666666,2,0,0,0,0,11.76470588235294
"Dylan Harper","SAS",12,27,7,2,3,0.6666666666666666,1,1,1,1,0,2,2,3,0,0.5,0.5,1,0.25,0.6152624999999999,0.875,0.875,0,0,0,0,0,12.121212121212121
"Luke Kennard","LAL",12,26,3,1,2,0.5,0,2,0,0,1,2,0,0,0,1,1,0,0.5,0.506075,0.25,0.25,0,0,0,0,0,17.857142857142854
"Micah Peavy","NOP",12,26,0,0,2,0,0,2,0,0,0,0,0,0,0,0,0,0,0.5,0.502725,0,0,0,1,0.5,0,0,15.15151515151515
"Asa Newell","ATL",12,25,2,1,3,0.3333333333333333,0,1,0,0,0,2,0,0,0,1,1,0,0.25,0.56675,0.25,0.25,0,1,0.3333333333333333,0,0,20.689655172413794
"Gary Harris","MIL",11,24,4,0,0,0,1,2,0.5,0.5,1,0,0,3,0,0,0,1,1,0.5747249999999999,0.75,0.6666666666666666,0,0,0,0,0,11.538461538461538
"Thomas Bryant","CLE",11,26,7,2,3,0.6666666666666666,1,1,1,1,0,4,0,3,0,1,1,1,0.25,0.566725,0.875,0.875,0,0,0,0,0,15.384615384615383
"Jevon Carter","ORL",11,25,0,0,0,0,0,1,0,0,0,0,0,0,0,0,0,0,1,0.57045,0,0,0,0,0,0,0,3.571428571428571
"Gary Payton II","GSW",11,23,4,2,3,0.6666666666666666,0,1,0,0,0,2,2,0,0,0.5,0.5,0,0.25,0.58175,0.5,0.5,0,1,0.3333333333333333,0,0,16.666666666666668
"Kennedy Chandler","UTA",11,25,0,0,0,0,0,0,0,0,0,0,0,0,0,0,0,0,0,0,0,0,0,0,0,0,0,11.538461538461538
"Tyler Kolek","NYK",11,22,7,2,5,0.4,1,2,0.5,0.5,0,2,2,3,0,0.5,0.5,1,0.2857142857142857,0.5386857142857143,0.5,0.5,0,1,0.2,0,0,26.666666666666668
"Brandon Clarke","MEM",10,22,2,1,4,0.25,0,0,0,0,0,0,2,0,0,0,0,0,0,0.607575,0.25,0.2,2,1,0.25,0,0,18.51851851851852
"Cameron Payne","PHI",10,18,0,0,0,0,0,0,0,0,0,0,0,0,0,0,0,0,0,0,0,0,0,0,0,0,0,0
"Jaime Jaquez Jr.","MIA",10,20,6,2,4,0.5,0,2,0,0,2,2,2,0,0,0.5,0.5,0,0.3333333333333333,0.5438999999999999,0.3333333333333333,0.42857142857142855,0,1,0.25,0,0,23.333333333333336
"Jamal Cain","ORL",10,19,5,0,1,0,1,3,0.3333333333333333,0.3333333333333333,2,0,0,3,0,0,0,1,0.75,0.51805,0.375,0.5,0,0,0,0,0,22.727272727272727
"Terrence Shannon Jr.","MIN",10,19,1,0,1,0,0,1,0,0,1,0,0,0,0,0,0,0,0.5,0.6433,0,0.16666666666666666,0,0,0,0,0,12.5
"Jordan Miller","LAC",10,17,3,0,1,0,0,0,0,0,3,0,0,0,0,0,0,0,0,0.6511,0,0.5,0,0,0,0,0,16.666666666666668
"Dorian Finney-Smith","HOU",9,16,0,0,0,0,0,0,0,0,0,0,0,0,0,0,0,0,0,0,0,0,0,0,0,0,0,0
"Tyrese Proctor","CLE",9,21,6,0,1,0,2,3,0.6666666666666666,0.6666666666666666,0,0,0,3,3,0,0,0.5,0.75,0.599625,0.75,0.75,0,1,1,0,0,16.666666666666668
"Maxi Kleber","LAL",9,19,9,2,3,0.6666666666666666,1,2,0.5,0.5,2,4,0,3,0,1,1,1,0.4,0.62983,0.7,0.75,0,0,0,0,0,28.571428571428573
"Amari Williams","BOS",9,19,0,0,2,0,0,0,0,0,0,0,0,0,0,0,0,0,0,0.47075,0,0,0,0,0,0,0,15
"Tre Mann","CHA",9,20,13,3,4,0.75,1,3,0.3333333333333333,0.3333333333333333,4,2,4,3,0,0.3333333333333333,0.3333333333333333,1,0.42857142857142855,0.5678214285714286,0.6428571428571429,0.7222222222222222,0,0,0,0,0,43.47826086956522
"E.J. Liddell","BKN",8,16,6,0,0,0,2,2,1,1,0,0,0,6,0,0,0,1,1,0.601875,1.5,1.5,0,0,0,0,0,23.52941176470588
"Chaney Johnson","BKN",8,16,0,0,0,0,0,0,0,0,0,0,0,0,0,0,0,0,0,0,0,0,0,0,0,0,0,0
"Dalton Knecht","LAL",8,20,2,1,1,1,0,1,0,0,0,0,2,0,0,0,0,0,0.5,0.521025,0.5,0.5,0,0,0,0,0,9.090909090909092
"Moussa Cisse","DAL",8,17,2,1,5,0.2,0,0,0,0,0,0,2,0,0,0,0,0,0,0.64456,0.2,0.2,0,0,0,0,0,28.571428571428573
"Aaron Holiday","HOU",8,15,0,0,0,0,0,2,0,0,0,0,0,0,0,0,0,0,1,0.589125,0,0,0,0,0,0,0,8.695652173913043
"Patrick Baldwin Jr.","SAC",8,18,0,0,2,0,0,0,0,0,0,0,0,0,0,0,0,0,0,0.6231,0,0,0,0,0,0,0,15
"Nick Smith Jr.","LAL",8,16,0,0,1,0,0,0,0,0,0,0,0,0,0,0,0,0,0,0.4405,0,0,0,0,0,0,0,5.88235294117647
"Robert Williams III","POR",8,15,0,0,2,0,0,1,0,0,0,0,0,0,0,0,0,0,0.3333333333333333,0.5903833333333334,0,0,0,0,0,0,0,20
"LJ Cryer","GSW",7,14,2,1,1,1,0,3,0,0,0,2,0,0,0,1,1,0,0.75,0.513225,0.25,0.25,0,0,0,0,0,28.57142857142857
"Nate Williams","GSW",7,14,0,0,1,0,0,0,0,0,0,0,0,0,0,0,0,0,0,0.4555,0,0,0,0,0,0,0,7.142857142857142
"Bronny James","LAL",7,14,0,0,0,0,0,2,0,0,0,0,0,0,0,0,0,0,1,0.583125,0,0,0,0,0,0,0,14.285714285714285
"Nikola Jović","MIA",7,18,1,0,2,0,0,0,0,0,1,0,0,0,0,0,0,0,0,0.53275,0,0.16666666666666666,0,0,0,0,0,16.666666666666668
"Lucas Williamson","MEM",7,13,6,0,0,0,2,2,1,1,0,0,0,6,0,0,0,1,1,0.585075,1.5,1.5,0,0,0,0,0,14.285714285714285
"Andre Jackson Jr.","MIL",7,14,0,0,0,0,0,0,0,0,0,0,0,0,0,0,0,0,0,0,0,0,0,0,0,0,0,0
"Malevy Leons","GSW",7,11,0,0,0,0,0,1,0,0,0,0,0,0,0,0,0,0,1,0.5613,0,0,0,0,0,0,0,8.333333333333334
"Yang Hansen","POR",6,14,0,0,1,0,0,1,0,0,0,0,0,0,0,0,0,0,0.5,0.513675,0,0,0,0,0,0,0,17.64705882352941
"Toby Okani","MEM",6,13,0,0,1,0,0,0,0,0,0,0,0,0,0,0,0,0,0,0.4345,0,0,0,1,1,0,0,12.5
"Dru Smith","MIA",6,13,2,0,2,0,0,1,0,0,2,0,0,0,0,0,0,0,0.3333333333333333,0.48741666666666666,0,0.25,0,0,0,0,0,27.77777777777778
"Jordan Clarkson","NYK",6,11,5,1,1,1,1,1,1,1,0,0,2,3,0,0,0,1,0.5,0.49195,1.25,1.25,0,0,0,0,0,18.181818181818183
"Lawson Lovering","MEM",6,15,1,0,0,0,0,0,0,0,1,0,0,0,0,0,0,0,0,0,0,0.5,0,0,0,0,0,5.2631578947368425
"Isaac Jones","SAC",6,10,0,0,0,0,0,0,0,0,0,0,0,0,0,0,0,0,0,0,0,0,0,0,0,0,0,0
"Orlando Robinson","ORL",6,12,5,1,2,0.5,1,1,1,1,0,2,0,3,0,1,1,1,0.3333333333333333,0.5082666666666666,0.8333333333333334,0.8333333333333334,0,0,0,0,0,21.428571428571427
"Blake Hinson","UTA",6,12,3,0,0,0,1,1,1,1,0,0,0,3,0,0,0,1,1,0.51915,1.5,1.5,0,0,0,0,0,6.666666666666667
"Trayce Jackson-Davis","GSW",5,9,0,0,0,0,0,0,0,0,0,0,0,0,0,0,0,0,0,0,0,0,0,0,0,0,0,0
"Dylan Cardwell","SAC",5,10,2,1,1,1,0,0,0,0,0,2,0,0,0,1,1,0,0,0.5924,1,1,0,0,0,0,0,8.333333333333334
"MarJon Beauchamp","PHI",5,10,3,0,1,0,1,2,0.5,0.5,0,0,0,3,0,0,0,1,0.6666666666666666,0.49818333333333337,0.5,0.5,0,1,1,0,0,30.769230769230766
"Gradey Dick","TOR",5,10,5,1,1,1,1,2,0.5,0.5,0,2,0,3,0,1,1,1,0.6666666666666666,0.5369166666666666,0.8333333333333334,0.8333333333333334,0,0,0,0,0,27.272727272727273
"Bismack Biyombo","SAS",4,10,4,2,2,1,0,0,0,0,0,2,2,0,0,0.5,0.5,0,0,0.7861,1,1,0,0,0,0,0,16.666666666666668
"Joan Beringer","MIN",4,8,2,1,1,1,0,0,0,0,0,2,0,0,0,1,1,0,0,0.7125,1,1,0,0,0,0,0,12.5
"Caleb Love","POR",4,8,0,0,1,0,0,0,0,0,0,0,0,0,0,0,0,0,0,0.4583,0,0,0,0,0,0,0,11.11111111111111
"Jared McCain","PHI",4,7,0,0,0,0,0,0,0,0,0,0,0,0,0,0,0,0,0,0,0,0,0,0,0,0,0,0
"Kobe Bufkin","LAL",3,6,2,1,1,1,0,1,0,0,0,0,2,0,0,0,0,0,0.5,0.477625,0.5,0.5,0,0,0,0,0,28.57142857142857
"James Wiseman","IND",3,7,0,0,0,0,0,0,0,0,0,0,0,0,0,0,0,0,0,0,0,0,0,0,0,0,0,14.285714285714285
"Garrison Mathews","IND",2,5,0,0,0,0,0,1,0,0,0,0,0,0,0,0,0,0,1,0.567,0,0,0,0,0,0,0,20