player_id,player_name,team_id,team_abbreviation,age,g,min,contested_shots,contested_shots_2pt,contested_shots_3pt,deflections,charges_drawn,screen_assists,screen_ast_pts,off_loose_balls_recovered,def_loose_balls_recovered,loose_balls_recovered,pct_loose_balls_recovered_off,pct_loose_balls_recovered_def,off_boxouts,def_boxouts,box_outs,box_out_player_team_rebs,box_out_player_rebs,pct_box_outs_off,pct_box_outs_def,pct_box_outs_team_reb,pct_box_outs_reb
1630639,A.J. Lawson,1610612742,DAL,23.0,23,11.6,1.74,1.17,0.57,0.52,0.0,0.35,0.74,0.09,0.22,0.3,0.286,0.714,0.0,0.22,0.22,0.17,0.09,0.0,1.0,0.8,0.4
1631260,AJ Green,1610612749,MIL,24.0,45,12.8,1.58,0.91,0.67,0.6,0.09,0.16,0.36,0.02,0.22,0.24,0.091,0.909,0.04,0.2,0.24,0.24,0.04,0.182,0.818,1.0,0.182
1631100,AJ Griffin,1610612737,ATL,20.0,14,10.6,1.36,0.86,0.5,0.29,0.0,0.14,0.36,0.14,0.21,0.36,0.4,0.6,0.0,0.14,0.14,0.14,0.0,0.0,1.0,1.0,0.0
203932,Aaron Gordon,1610612743,DEN,28.0,73,31.5,4.74,3.25,1.49,1.38,0.03,1.26,3.08,0.32,0.27,0.59,0.535,0.465,0.25,0.37,0.62,0.6,0.44,0.4,0.6,0.978,0.711
1628988,Aaron Holiday,1610612745,HOU,27.0,71,16.8,2.13,1.17,0.96,1.07,0.01,0.23,0.51,0.17,0.17,0.34,0.5,0.5,0.01,0.42,0.44,0.38,0.08,0.032,0.968,0.871,0.194
1630174,Aaron Nesmith,1610612754,IND,24.0,72,27.7,6.46,4.15,2.31,1.58,0.11,0.22,0.47,0.33,0.32,0.65,0.511,0.489,0.07,0.38,0.44,0.44,0.21,0.156,0.844,1.0,0.469
1630598,Aaron Wiggins,1610612760,OKC,25.0,78,15.7,3.14,1.81,1.33,1.45,0.01,0.31,0.63,0.17,0.26,0.42,0.394,0.606,0.0,0.27,0.27,0.27,0.06,0.0,1.0,1.0,0.238
1641745,Adam Flagler,1610612760,OKC,24.0,1,5.5,1.0,1.0,0.0,0.0,0.0,0.0,0.0,0.0,0.0,0.0,0.0,0.0,0.0,0.0,0.0,0.0,0.0,0.0,0.0,0.0,0.0
1641766,Adama Sanogo,1610612741,CHI,22.0,5,12.1,2.8,1.2,1.6,0.4,0.0,2.0,4.2,0.0,0.0,0.0,0.0,0.0,0.6,1.0,1.6,1.6,1.0,0.375,0.625,1.0,0.625
1629678,Admiral Schofield,1610612753,ORL,27.0,13,4.3,0.92,0.23,0.69,0.23,0.0,0.31,0.85,0.0,0.0,0.0,0.0,0.0,0.08,0.31,0.38,0.38,0.23,0.2,0.8,1.0,0.6
201143,Al Horford,1610612738,BOS,38.0,65,26.8,8.11,5.03,3.08,1.0,0.0,1.35,3.37,0.11,0.29,0.4,0.269,0.731,0.34,1.26,1.6,1.52,0.95,0.212,0.788,0.961,0.602
202692,Alec Burks,1610612752,NYK,32.0,57,19.6,2.68,1.61,1.07,0.77,0.02,0.09,0.19,0.23,0.18,0.4,0.565,0.435,0.02,0.23,0.25,0.21,0.09,0.071,0.929,0.857,0.357
1630197,Aleksej Pokusevski,1610612766,CHA,22.0,27,14.9,3.07,1.93,1.15,0.96,0.0,0.22,0.56,0.15,0.26,0.41,0.364,0.636,0.0,0.41,0.41,0.41,0.15,0.0,1.0,1.0,0.364
1627936,Alex Caruso,1610612741,CHI,30.0,70,29.1,5.07,1.94,3.13,3.79,0.17,0.54,1.17,0.49,0.56,1.04,0.466,0.534,0.03,0.39,0.41,0.4,0.13,0.069,0.931,0.966,0.31
1641788,Alex Fudge,1610612742,DAL,21.0,4,7.3,1.75,0.25,1.5,0.75,0.0,0.0,0.0,0.25,0.75,1.0,0.25,0.75,0.0,0.0,0.0,0.0,0.0,0.0,0.0,0.0,0.0
203458,Alex Len,1610612758,SAC,31.0,47,9.4,3.3,2.74,0.55,0.51,0.0,2.0,4.72,0.11,0.04,0.15,0.714,0.286,0.28,0.94,1.21,1.15,0.6,0.228,0.772,0.947,0.491
1631214,Alondes Williams,1610612748,MIA,25.0,1,1.9,1.0,1.0,0.0,0.0,0.0,0.0,0.0,0.0,0.0,0.0,0.0,0.0,0.0,0.0,0.0,0.0,0.0,0.0,0.0,0.0,0.0
1630578,Alperen Sengun,1610612745,HOU,21.0,63,32.5,9.24,7.02,2.22,2.38,0.13,4.11,9.6,0.57,0.27,0.84,0.679,0.321,0.73,1.87,2.6,2.46,1.33,0.28,0.72,0.957,0.519
1641735,Amari Bailey,1610612766,CHA,20.0,5,10.1,1.4,0.4,1.0,0.6,0.0,0.0,0.0,0.2,0.2,0.4,0.5,0.5,0.0,0.0,0.0,0.0,0.0,0.0,0.0,0.0,0.0
1641708,Amen Thompson,1610612745,HOU,21.0,61,22.6,3.7,2.41,1.3,2.25,0.02,0.54,1.39,0.26,0.38,0.64,0.41,0.59,0.33,0.2,0.52,0.51,0.43,0.625,0.375,0.969,0.813
1629599,Amir Coffey,1610612746,LAC,27.0,62,22.8,3.05,1.71,1.34,1.05,0.02,0.4,0.89,0.1,0.13,0.23,0.429,0.571,0.03,0.32,0.35,0.35,0.11,0.091,0.909,1.0,0.318
203083,Andre Drummond,1610612741,CHI,30.0,79,17.1,4.57,2.85,1.72,1.54,0.03,2.1,4.41,0.19,0.24,0.43,0.441,0.559,1.19,0.56,1.75,1.7,1.52,0.681,0.319,0.978,0.876
1641748,Andre Jackson Jr.,1610612749,MIL,22.0,47,11.7,1.66,0.98,0.68,0.79,0.02,0.43,1.11,0.3,0.21,0.51,0.583,0.417,0.13,0.4,0.53,0.49,0.11,0.24,0.76,0.92,0.2
1641847,Andrew Funk,1610612741,CHI,24.0,2,4.7,0.5,0.5,0.0,0.5,0.0,0.0,0.0,0.0,0.0,0.0,0.0,0.0,0.0,0.5,0.5,0.5,0.0,0.0,1.0,1.0,0.0
1629614,Andrew Nembhard,1610612754,IND,24.0,67,25.3,3.25,2.28,0.97,1.63,0.06,0.18,0.49,0.31,0.31,0.63,0.5,0.5,0.01,0.22,0.24,0.24,0.06,0.063,0.938,1.0,0.25
203952,Andrew Wiggins,1610612744,GSW,29.0,71,27.0,5.34,2.65,2.69,1.24,0.0,0.75,2.1,0.38,0.2,0.58,0.659,0.341,0.14,0.59,0.73,0.72,0.31,0.192,0.808,0.981,0.423
1629014,Anfernee Simons,1610612757,POR,25.0,46,34.4,3.41,1.67,1.74,0.93,0.02,0.33,0.74,0.35,0.39,0.74,0.471,0.529,0.0,0.09,0.09,0.09,0.04,0.0,1.0,1.0,0.5
1641710,Anthony Black,1610612753,ORL,20.0,60,18.9,3.52,1.85,1.67,1.3,0.03,0.27,0.57,0.23,0.23,0.47,0.5,0.5,0.08,0.17,0.25,0.23,0.05,0.333,0.667,0.933,0.2
203076,Anthony Davis,1610612747,LAL,31.0,76,35.5,11.16,7.76,3.39,2.55,0.01,4.07,9.12,0.62,0.38,1.0,0.618,0.382,0.64,1.84,2.49,2.45,1.71,0.259,0.741,0.984,0.688
1630162,Anthony Edwards,1610612750,MIN,22.0,78,35.5,3.05,1.77,1.28,2.05,0.0,0.22,0.51,0.41,0.51,0.92,0.444,0.556,0.04,0.18,0.22,0.19,0.14,0.176,0.824,0.882,0.647
1630264,Anthony Gill,1610612764,WAS,31.0,37,12.0,2.92,1.76,1.16,0.43,0.05,1.59,3.78,0.16,0.19,0.35,0.462,0.538,0.19,0.86,1.05,0.81,0.19,0.179,0.821,0.811,0.189
1629717,Armoni Brooks,1610612751,BKN,26.0,7,13.7,2.0,0.71,1.29,0.57,0.0,0.14,0.29,0.14,0.14,0.29,0.5,0.5,0.0,0.14,0.14,0.14,0.14,0.0,1.0,1.0,1.0
1630204,Ashton Hagans,1610612757,POR,24.0,18,17.4,1.5,1.06,0.44,1.56,0.0,0.22,0.44,0.33,0.39,0.72,0.462,0.538,0.11,0.39,0.5,0.5,0.22,0.222,0.778,1.0,0.444
1641709,Ausar Thompson,1610612765,DET,21.0,63,25.1,4.79,2.75,2.05,2.06,0.03,0.44,1.02,0.52,0.32,0.84,0.623,0.377,0.11,0.27,0.38,0.38,0.27,0.292,0.708,1.0,0.708
1630559,Austin Reaves,1610612747,LAL,26.0,82,32.1,5.22,3.0,2.22,1.29,0.1,0.27,0.57,0.46,0.51,0.98,0.475,0.525,0.02,0.59,0.61,0.6,0.16,0.04,0.96,0.98,0.26
1630245,Ayo Dosunmu,1610612741,CHI,24.0,76,29.1,5.05,2.86,2.2,1.33,0.0,0.13,0.28,0.33,0.47,0.8,0.41,0.59,0.01,0.24,0.25,0.25,0.08,0.053,0.947,1.0,0.316
1628389,Bam Adebayo,1610612748,MIA,26.0,71,34.0,6.7,4.45,2.25,2.21,0.03,3.44,8.07,0.46,0.42,0.89,0.524,0.476,0.31,2.79,3.1,2.87,1.44,0.1,0.9,0.976,0.488
1641767,Ben Sheppard,1610612754,IND,22.0,50,15.8,2.42,1.54,0.88,0.94,0.0,0.12,0.3,0.16,0.12,0.28,0.571,0.429,0.0,0.22,0.22,0.22,0.12,0.0,1.0,1.0,0.545
1627732,Ben Simmons,1610612751,BKN,27.0,15,23.9,3.33,1.87,1.47,2.0,0.07,2.93,6.8,0.2,0.47,0.67,0.3,0.7,0.13,0.73,0.87,0.8,0.47,0.154,0.846,0.923,0.538
1631097,Bennedict Mathurin,1610612754,IND,22.0,59,26.1,3.08,1.81,1.27,0.9,0.0,0.29,0.61,0.31,0.25,0.56,0.545,0.455,0.05,0.42,0.47,0.47,0.15,0.107,0.893,1.0,0.321
1641731,Bilal Coulibaly,1610612764,WAS,19.0,63,27.2,3.94,2.52,1.41,1.76,0.03,0.48,1.06,0.21,0.41,0.62,0.333,0.667,0.03,0.25,0.29,0.29,0.17,0.111,0.889,1.0,0.611
202687,Bismack Biyombo,1610612760,OKC,31.0,37,21.3,6.35,5.11,1.24,0.65,0.0,2.76,6.27,0.32,0.14,0.46,0.706,0.294,0.41,1.08,1.49,1.46,0.78,0.273,0.727,1.0,0.537
1631104,Blake Wesley,1610612759,SAS,21.0,54,15.7,1.78,0.72,1.06,0.98,0.02,0.11,0.26,0.13,0.13,0.26,0.5,0.5,0.0,0.13,0.13,0.13,0.0,0.0,1.0,1.0,0.0
1626246,Boban Marjanovic,1610612745,HOU,35.0,13,5.2,1.62,1.08,0.54,0.15,0.0,1.46,3.08,0.0,0.0,0.0,0.0,0.0,0.08,0.23,0.31,0.31,0.31,0.25,0.75,1.0,1.0
1626171,Bobby Portis,1610612749,MIL,29.0,82,24.5,4.87,3.24,1.62,1.65,0.0,1.4,3.23,0.24,0.3,0.55,0.444,0.556,0.59,0.63,1.22,1.17,0.89,0.48,0.52,0.96,0.73
203992,Bogdan Bogdanović,1610612737,ATL,31.0,79,30.4,6.43,2.87,3.56,2.32,0.0,0.54,1.38,0.24,0.27,0.51,0.475,0.525,0.03,0.62,0.65,0.61,0.22,0.039,0.961,0.96,0.34
202711,Bojan Bogdanovic,1610612752,NYK,35.0,57,25.9,3.16,1.65,1.51,0.74,0.0,0.3,0.65,0.3,0.21,0.51,0.586,0.414,0.0,0.42,0.42,0.37,0.09,0.0,1.0,0.955,0.227
1629626,Bol Bol,1610612756,PHX,24.0,37,12.3,2.84,1.41,1.43,0.49,0.0,0.14,0.27,0.22,0.03,0.24,0.889,0.111,0.03,0.35,0.38,0.35,0.22,0.071,0.929,0.929,0.571
1630538,Bones Hyland,1610612746,LAC,23.0,29,16.8,1.83,0.62,1.21,0.9,0.0,0.14,0.34,0.17,0.21,0.38,0.455,0.545,0.0,0.28,0.28,0.28,0.0,0.0,1.0,1.0,0.0
203078,Bradley Beal,1610612756,PHX,31.0,53,33.3,4.3,1.96,2.34,1.96,0.11,0.4,0.85,0.4,0.28,0.68,0.583,0.417,0.02,0.17,0.19,0.17,0.08,0.1,0.9,1.0,0.444
1641764,Brandin Podziemski,1610612744,GSW,21.0,72,27.2,3.29,1.75,1.54,1.63,0.53,0.83,2.15,0.29,0.4,0.69,0.42,0.58,0.07,0.61,0.68,0.64,0.19,0.102,0.898,0.939,0.286
1630527,Brandon Boston,1610612746,LAC,22.0,22,14.4,1.59,0.86,0.73,1.23,0.0,0.27,0.59,0.23,0.14,0.36,0.625,0.375,0.0,0.05,0.05,0.05,0.0,0.0,1.0,1.0,0.0
1629634,Brandon Clarke,1610612763,MEM,27.0,6,22.4,3.0,2.5,0.5,1.33,0.0,0.83,1.83,0.33,0.33,0.67,0.5,0.5,0.17,1.17,1.33,1.33,0.83,0.125,0.875,1.0,0.625
1627742,Brandon Ingram,1610612740,NOP,26.0,64,32.9,5.27,2.59,2.67,1.56,0.02,0.45,1.11,0.31,0.3,0.61,0.513,0.487,0.02,0.27,0.28,0.28,0.13,0.056,0.944,1.0,0.444
1641706,Brandon Miller,1610612766,CHA,21.0,74,32.2,5.58,2.99,2.59,1.7,0.15,0.51,1.2,0.31,0.35,0.66,0.469,0.531,0.01,0.38,0.39,0.39,0.16,0.034,0.966,1.0,0.414
1630314,Brandon Williams,1610612742,DAL,24.0,10,8.6,1.8,1.1,0.7,0.5,0.0,0.1,0.2,0.3,0.1,0.4,0.75,0.25,0.0,0.0,0.0,0.0,0.0,0.0,0.0,0.0,0.0
1630296,Braxton Key,1610612743,DEN,27.0,11,3.5,0.73,0.45,0.27,0.27,0.0,0.18,0.36,0.0,0.09,0.09,0.0,1.0,0.0,0.27,0.27,0.27,0.27,0.0,1.0,1.0,1.0
1641729,Brice Sensabaugh,1610612762,UTA,20.0,27,21.1,2.33,0.85,1.48,0.81,0.0,0.3,0.78,0.19,0.19,0.37,0.5,0.5,0.07,0.11,0.19,0.19,0.07,0.4,0.6,1.0,0.4
201572,Brook Lopez,1610612749,MIL,36.0,79,30.5,15.62,13.99,1.63,1.35,0.0,3.08,7.14,0.22,0.29,0.51,0.425,0.575,0.42,1.56,1.97,1.92,0.96,0.212,0.788,0.974,0.487
1628971,Bruce Brown,1610612761,TOR,27.0,67,27.8,4.0,1.91,2.09,1.72,0.0,0.31,0.64,0.28,0.18,0.46,0.613,0.387,0.06,0.3,0.36,0.34,0.21,0.167,0.833,1.0,0.609
1628981,Bruno Fernando,1610612737,ATL,25.0,42,16.2,3.14,2.38,0.76,0.81,0.0,2.55,5.86,0.21,0.17,0.38,0.563,0.438,0.33,1.07,1.4,1.33,0.83,0.237,0.763,0.949,0.593
1631121,Bryce McGowens,1610612766,CHA,21.0,53,16.4,2.38,1.02,1.36,0.53,0.02,0.21,0.53,0.15,0.17,0.32,0.471,0.529,0.0,0.25,0.25,0.23,0.08,0.0,1.0,0.923,0.308
1631205,Buddy Boeheim,1610612765,DET,24.0,6,12.0,1.33,1.17,0.17,0.5,0.0,0.17,0.33,0.33,0.33,0.67,0.5,0.5,0.0,0.0,0.0,0.0,0.0,0.0,0.0,0.0,0.0
1627741,Buddy Hield,1610612755,PHI,31.0,83,25.8,4.67,3.1,1.58,1.65,0.0,0.51,1.08,0.3,0.34,0.64,0.472,0.528,0.01,0.2,0.22,0.22,0.08,0.056,0.944,1.0,0.389
203468,CJ McCollum,1610612740,NOP,32.0,66,32.7,4.79,2.3,2.48,1.47,0.02,0.29,0.59,0.47,0.41,0.88,0.534,0.466,0.0,0.44,0.44,0.41,0.23,0.0,1.0,0.931,0.517
1630595,Cade Cunningham,1610612765,DET,22.0,62,33.5,5.47,2.97,2.5,1.65,0.02,0.19,0.4,0.35,0.24,0.6,0.595,0.405,0.02,0.48,0.5,0.48,0.15,0.032,0.968,0.968,0.29
1631216,Caleb Houstan,1610612753,ORL,21.0,49,15.6,2.16,1.24,0.92,0.65,0.0,0.27,0.59,0.18,0.2,0.39,0.474,0.526,0.1,0.53,0.63,0.61,0.22,0.161,0.839,0.968,0.355
1628997,Caleb Martin,1610612748,MIA,28.0,64,27.4,3.48,1.83,1.66,1.34,0.14,0.44,1.06,0.2,0.22,0.42,0.481,0.519,0.02,0.48,0.5,0.48,0.14,0.031,0.969,1.0,0.29
1629629,Cam Reddish,1610612747,LAL,24.0,48,20.5,2.73,1.5,1.23,1.77,0.02,0.06,0.17,0.27,0.42,0.69,0.394,0.606,0.0,0.33,0.33,0.33,0.17,0.0,1.0,1.0,0.5
1630560,Cam Thomas,1610612751,BKN,22.0,65,31.6,4.05,1.88,2.17,0.97,0.0,0.25,0.57,0.25,0.25,0.49,0.5,0.5,0.0,0.34,0.34,0.32,0.05,0.0,1.0,0.955,0.136
1641715,Cam Whitmore,1610612745,HOU,19.0,42,19.9,2.14,1.24,0.9,1.71,0.0,0.02,0.07,0.17,0.14,0.31,0.538,0.462,0.05,0.33,0.38,0.36,0.17,0.125,0.875,0.938,0.438
1629661,Cameron Johnson,1610612751,BKN,28.0,57,27.9,3.81,1.89,1.91,1.61,0.04,0.33,0.75,0.23,0.32,0.54,0.419,0.581,0.09,0.65,0.74,0.7,0.19,0.119,0.881,0.952,0.262
1626166,Cameron Payne,1610612755,PHI,29.0,70,17.5,1.67,0.71,0.96,1.54,0.09,0.09,0.21,0.11,0.17,0.29,0.4,0.6,0.01,0.13,0.14,0.13,0.07,0.1,0.9,0.9,0.5
1627747,Caris LeVert,1610612739,CLE,29.0,68,28.8,3.85,2.01,1.84,2.15,0.0,0.24,0.59,0.25,0.31,0.56,0.447,0.553,0.0,0.35,0.35,0.32,0.15,0.0,1.0,0.917,0.417
1641717,Cason Wallace,1610612760,OKC,20.0,82,20.6,3.71,1.67,2.04,1.96,0.0,0.52,1.21,0.17,0.32,0.49,0.35,0.65,0.01,0.2,0.21,0.2,0.06,0.059,0.941,0.941,0.294
1626224,Cedi Osman,1610612759,SAS,29.0,70,17.8,2.69,1.56,1.13,0.97,0.06,0.23,0.5,0.19,0.2,0.39,0.481,0.519,0.04,0.36,0.4,0.36,0.11,0.107,0.893,0.893,0.286
1629646,Charles Bassey,1610612759,SAS,23.0,16,12.3,3.25,2.69,0.56,1.19,0.0,1.88,4.19,0.19,0.0,0.19,1.0,0.0,0.38,0.69,1.06,0.94,0.81,0.353,0.647,0.938,0.813
1629718,Charlie Brown Jr.,1610612752,NYK,27.0,6,5.9,1.0,0.33,0.67,0.83,0.0,0.0,0.0,0.0,0.0,0.0,0.0,0.0,0.0,0.17,0.17,0.17,0.0,0.0,1.0,1.0,0.0
1631096,Chet Holmgren,1610612760,OKC,22.0,82,29.4,11.6,9.49,2.11,1.17,0.05,2.15,4.49,0.28,0.24,0.52,0.535,0.465,0.18,1.84,2.02,1.93,0.99,0.09,0.91,0.975,0.5
1629002,Chimezie Metu,1610612765,DET,27.0,48,17.6,3.58,2.25,1.33,1.56,0.02,0.6,1.33,0.13,0.02,0.15,0.857,0.143,0.13,0.48,0.6,0.56,0.25,0.207,0.793,0.931,0.414
1628449,Chris Boucher,1610612761,TOR,31.0,47,14.6,3.23,1.85,1.38,0.72,0.09,0.43,0.94,0.21,0.23,0.45,0.476,0.524,0.34,0.28,0.62,0.62,0.38,0.552,0.448,1.0,0.621
1630537,Chris Duarte,1610612758,SAC,27.0,47,14.4,3.17,1.62,1.55,0.77,0.0,0.17,0.38,0.26,0.19,0.45,0.571,0.429,0.02,0.28,0.3,0.28,0.02,0.071,0.929,1.0,0.077
1641753,Chris Livingston,1610612749,MIL,20.0,12,6.3,0.67,0.25,0.42,0.33,0.0,0.17,0.5,0.0,0.08,0.08,0.0,1.0,0.0,0.0,0.0,0.0,0.0,0.0,0.0,0.0,0.0
101108,Chris Paul,1610612744,GSW,39.0,58,26.4,2.02,0.59,1.43,1.98,0.03,0.64,1.67,0.22,0.48,0.71,0.317,0.683,0.0,0.34,0.34,0.34,0.16,0.0,1.0,1.0,0.45
1631128,Christian Braun,1610612743,DEN,23.0,82,20.2,3.38,2.15,1.23,0.79,0.04,0.24,0.57,0.23,0.26,0.49,0.475,0.525,0.1,0.32,0.41,0.41,0.22,0.235,0.765,1.0,0.529
1626174,Christian Wood,1610612747,LAL,28.0,49,17.7,5.12,3.24,1.88,0.37,0.0,0.82,1.86,0.1,0.16,0.27,0.385,0.615,0.08,0.65,0.73,0.73,0.45,0.111,0.889,1.0,0.611
1629643,Chuma Okeke,1610612753,ORL,25.0,33,12.1,2.64,1.21,1.42,0.52,0.0,0.12,0.27,0.24,0.09,0.33,0.727,0.273,0.03,0.42,0.45,0.45,0.12,0.067,0.933,1.0,0.267
203991,Clint Capela,1610612737,ATL,30.0,73,25.8,8.58,7.0,1.58,1.18,0.19,3.14,7.16,0.45,0.25,0.7,0.647,0.353,0.74,1.67,2.41,2.37,1.68,0.307,0.693,0.989,0.703
1629632,Coby White,1610612741,CHI,24.0,79,36.5,6.19,2.71,3.48,1.11,0.13,0.37,0.76,0.37,0.54,0.91,0.403,0.597,0.0,0.24,0.24,0.24,0.11,0.0,1.0,1.0,0.474
1628998,Cody Martin,1610612766,CHA,28.0,28,26.9,3.04,1.46,1.57,1.79,0.11,0.36,0.89,0.21,0.32,0.54,0.4,0.6,0.07,0.75,0.82,0.82,0.21,0.087,0.913,1.0,0.261
203469,Cody Zeller,1610612740,NOP,31.0,38,8.1,2.39,1.84,0.55,0.5,0.13,1.63,3.82,0.08,0.13,0.21,0.375,0.625,0.11,0.76,0.87,0.87,0.42,0.121,0.879,1.0,0.485
1641732,Colby Jones,1610612758,SAC,22.0,22,8.2,1.36,1.0,0.36,0.82,0.05,0.09,0.27,0.32,0.09,0.41,0.778,0.222,0.0,0.18,0.18,0.14,0.05,0.0,1.0,0.75,0.25
1630175,Cole Anthony,1610612753,ORL,24.0,78,22.9,2.65,1.4,1.26,1.6,0.01,0.15,0.36,0.32,0.33,0.65,0.49,0.51,0.03,0.12,0.14,0.14,0.05,0.182,0.818,1.0,0.364
1631306,Cole Swider,1610612748,MIA,25.0,9,7.0,1.78,1.11,0.67,0.22,0.0,0.11,0.33,0.0,0.11,0.11,0.0,1.0,0.0,0.0,0.0,0.0,0.0,0.0,0.0,0.0,0.0
1630658,Colin Castleton,1610612747,LAL,24.0,11,4.2,1.36,0.73,0.64,0.45,0.0,0.64,1.36,0.18,0.0,0.18,1.0,0.0,0.09,0.18,0.27,0.27,0.18,0.333,0.667,1.0,0.667
1631221,Collin Gillespie,1610612743,DEN,25.0,17,11.9,2.47,1.06,1.41,1.53,0.0,0.41,1.0,0.0,0.06,0.06,0.0,1.0,0.0,0.24,0.24,0.24,0.0,0.0,1.0,1.0,0.0
1629012,Collin Sexton,1610612762,UTA,25.0,78,26.6,2.17,0.96,1.21,1.67,0.01,0.56,1.41,0.46,0.32,0.78,0.59,0.41,0.01,0.08,0.09,0.09,0.01,0.143,0.857,1.0,0.143
1630557,Corey Kispert,1610612764,WAS,25.0,80,25.8,4.49,2.7,1.79,0.84,0.03,0.34,0.78,0.18,0.18,0.35,0.5,0.5,0.0,0.46,0.46,0.43,0.06,0.0,1.0,0.919,0.135
202709,Cory Joseph,1610612744,GSW,32.0,23,12.4,2.13,1.09,1.04,0.43,0.0,0.3,0.83,0.17,0.0,0.17,1.0,0.0,0.04,0.26,0.3,0.26,0.04,0.143,0.857,0.857,0.143
1641854,Craig Porter Jr.,1610612739,CLE,24.0,39,15.6,2.79,1.33,1.46,1.0,0.0,0.05,0.13,0.28,0.13,0.41,0.688,0.313,0.0,0.13,0.13,0.13,0.03,0.0,1.0,1.0,0.2
1626156,D'Angelo Russell,1610612747,LAL,28.0,74,32.8,2.91,1.26,1.65,2.24,0.03,0.46,1.08,0.22,0.34,0.55,0.39,0.61,0.0,0.46,0.46,0.46,0.15,0.0,1.0,1.0,0.324
1641793,D'Moi Hodge,1610612747,LAL,25.0,5,6.6,1.0,0.2,0.8,0.6,0.0,0.2,0.4,0.2,0.0,0.2,1.0,0.0,0.0,0.0,0.0,0.0,0.0,0.0,0.0,0.0,0.0
1630618,D.J. Carton,1610612761,TOR,23.0,4,8.9,2.0,1.0,1.0,0.25,0.0,0.0,0.0,0.25,0.5,0.75,0.333,0.667,0.0,0.0,0.0,0.0,0.0,0.0,0.0,0.0,0.0
1628391,D.J. Wilson,1610612753,ORL,28.0,2,7.7,4.5,4.0,0.5,0.0,0.0,0.0,0.0,0.0,0.0,0.0,0.0,0.0,0.0,0.5,0.5,0.5,0.0,0.0,1.0,1.0,0.0
1629610,DaQuan Jeffries,1610612752,NYK,26.0,8,3.7,1.0,0.25,0.75,0.38,0.0,0.0,0.0,0.0,0.13,0.13,0.0,1.0,0.0,0.25,0.25,0.13,0.13,0.0,1.0,1.0,1.0
1630227,Daishen Nix,1610612750,MIN,22.0,7,4.8,0.43,0.29,0.14,0.86,0.0,0.0,0.0,0.0,0.29,0.29,0.0,1.0,0.0,0.0,0.0,0.0,0.0,0.0,0.0,0.0,0.0
1630625,Dalano Banton,1610612757,POR,24.0,48,21.5,3.06,1.56,1.5,1.46,0.02,0.04,0.1,0.21,0.31,0.52,0.4,0.6,0.04,0.27,0.31,0.29,0.15,0.133,0.867,0.933,0.467
1631207,Dalen Terry,1610612741,CHI,21.0,48,13.0,2.48,1.17,1.31,1.15,0.04,0.15,0.31,0.21,0.21,0.42,0.5,0.5,0.06,0.25,0.31,0.27,0.21,0.2,0.8,0.867,0.667
1627745,Damian Jones,1610612739,CLE,29.0,30,8.2,2.6,1.83,0.77,0.3,0.0,0.73,1.77,0.2,0.03,0.23,0.857,0.143,0.1,0.4,0.5,0.47,0.23,0.2,0.8,1.0,0.5
203081,Damian Lillard,1610612749,MIL,33.0,71,35.5,2.76,0.96,1.8,2.54,0.07,0.14,0.34,0.34,0.39,0.73,0.462,0.538,0.0,0.15,0.15,0.15,0.08,0.0,1.0,1.0,0.545
1629655,Daniel Gafford,1610612742,DAL,25.0,74,24.5,8.82,7.2,1.62,1.55,0.07,3.74,8.28,0.28,0.32,0.61,0.467,0.533,0.65,1.61,2.26,2.15,1.14,0.287,0.713,0.964,0.509
1628464,Daniel Theis,1610612746,LAC,32.0,60,16.9,5.27,3.6,1.67,1.07,0.0,2.1,4.83,0.15,0.18,0.33,0.45,0.55,0.5,0.9,1.4,1.37,0.77,0.357,0.643,0.976,0.548
201568,Danilo Gallinari,1610612749,MIL,35.0,46,13.4,2.35,1.78,0.57,0.65,0.02,1.33,3.17,0.13,0.15,0.28,0.462,0.538,0.07,0.65,0.72,0.67,0.37,0.091,0.909,0.969,0.531
201980,Danny Green,1610612755,PHI,37.0,2,9.2,2.5,1.5,1.0,2.0,0.0,0.0,0.0,0.0,0.0,0.0,0.0,0.0,0.0,0.0,0.0,0.0,0.0,0.0,0.0,0.0,0.0
203957,Dante Exum,1610612742,DAL,28.0,51,20.8,2.29,1.43,0.86,0.94,0.06,0.71,1.67,0.24,0.24,0.47,0.5,0.5,0.0,0.14,0.14,0.14,0.04,0.0,1.0,1.0,0.286
1627863,Danuel House Jr.,1610612755,PHI,31.0,32,15.5,2.34,1.16,1.19,0.56,0.03,0.09,0.22,0.06,0.25,0.31,0.2,0.8,0.09,0.47,0.56,0.53,0.16,0.167,0.833,0.944,0.278
203967,Dario Saric,1610612744,GSW,30.0,62,17.6,4.95,3.65,1.31,1.31,0.03,0.92,2.19,0.34,0.05,0.39,0.875,0.125,0.24,0.89,1.13,1.1,0.53,0.214,0.786,1.0,0.485
1641727,Dariq Whitehead,1610612751,BKN,19.0,2,12.0,1.0,0.5,0.5,0.0,0.0,0.0,0.0,0.0,0.0,0.0,0.0,0.0,0.0,0.0,0.0,0.0,0.0,0.0,0.0,0.0,0.0
1629647,Darius Bazley,1610612762,UTA,24.0,7,20.9,5.71,3.43,2.29,1.14,0.0,1.0,2.14,0.29,0.29,0.57,0.5,0.5,0.14,0.29,0.43,0.43,0.29,0.333,0.667,1.0,0.667
1629636,Darius Garland,1610612739,CLE,24.0,57,33.3,2.67,1.25,1.42,2.0,0.05,0.25,0.63,0.37,0.42,0.79,0.467,0.533,0.0,0.26,0.26,0.25,0.0,0.0,1.0,0.933,0.0
1630561,David Duke Jr.,1610612759,SAS,24.0,3,16.0,1.33,1.0,0.33,0.67,0.0,0.33,1.0,0.0,0.0,0.0,0.0,0.0,0.0,0.0,0.0,0.0,0.0,0.0,0.0,0.0,0.0
1631223,David Roddy,1610612756,PHX,23.0,55,20.9,2.65,1.4,1.25,1.04,0.0,0.24,0.56,0.22,0.18,0.4,0.545,0.455,0.15,0.36,0.51,0.47,0.24,0.286,0.714,0.963,0.481
1630558,Davion Mitchell,1610612758,SAC,25.0,61,16.8,2.16,0.82,1.34,0.67,0.08,0.15,0.38,0.15,0.21,0.36,0.409,0.591,0.0,0.2,0.2,0.2,0.05,0.0,1.0,1.0,0.25
202722,Davis Bertans,1610612766,CHA,31.0,38,17.6,2.74,1.34,1.39,1.16,0.08,0.37,0.82,0.05,0.08,0.13,0.4,0.6,0.0,0.39,0.39,0.37,0.08,0.0,1.0,0.933,0.2
1630549,Day'Ron Sharpe,1610612751,BKN,22.0,61,15.1,4.44,3.38,1.07,1.02,0.02,2.34,5.11,0.34,0.15,0.49,0.7,0.3,0.93,1.02,1.95,1.9,1.41,0.479,0.521,0.975,0.723
1628368,De'Aaron Fox,1610612758,SAC,26.0,74,35.9,4.14,1.47,2.66,3.65,0.04,0.38,0.96,0.43,0.51,0.95,0.457,0.543,0.0,0.2,0.2,0.2,0.11,0.0,1.0,1.0,0.533
1629631,De'Andre Hunter,1610612737,ATL,26.0,57,29.5,4.7,2.05,2.65,1.35,0.05,0.63,1.53,0.26,0.14,0.4,0.652,0.348,0.04,0.46,0.49,0.46,0.11,0.071,0.929,0.929,0.214
1629001,De'Anthony Melton,1610612755,PHI,26.0,38,26.9,2.66,1.39,1.26,3.11,0.0,0.29,0.66,0.42,0.45,0.87,0.485,0.515,0.08,0.34,0.42,0.42,0.13,0.188,0.813,1.0,0.313
201599,DeAndre Jordan,1610612743,DEN,35.0,35,11.2,2.51,1.91,0.6,0.34,0.0,2.2,5.23,0.09,0.06,0.14,0.6,0.4,0.49,0.71,1.2,1.2,0.86,0.405,0.595,1.0,0.714
1630610,DeJon Jarreau,1610612763,MEM,26.0,9,16.6,1.78,1.0,0.78,1.11,0.0,0.0,0.0,0.0,0.0,0.0,0.0,0.0,0.0,0.11,0.11,0.11,0.11,0.0,1.0,1.0,1.0
201942,DeMar DeRozan,1610612741,CHI,34.0,78,38.0,4.1,1.65,2.45,1.76,0.06,0.19,0.42,0.33,0.29,0.63,0.531,0.469,0.0,0.64,0.64,0.63,0.14,0.0,1.0,1.0,0.224
1629731,Dean Wade,1610612739,CLE,27.0,52,21.0,4.21,3.04,1.17,1.56,0.02,0.42,1.06,0.13,0.21,0.35,0.389,0.611,0.04,0.92,0.96,0.87,0.27,0.04,0.96,0.938,0.292
1629028,Deandre Ayton,1610612757,POR,25.0,55,32.4,8.65,6.25,2.4,1.58,0.0,3.82,8.6,0.44,0.38,0.82,0.533,0.467,0.47,0.84,1.31,1.27,0.93,0.361,0.639,0.972,0.708
1627749,Dejounte Murray,1610612737,ATL,27.0,78,35.7,3.59,1.73,1.86,3.01,0.0,0.15,0.38,0.33,0.42,0.76,0.441,0.559,0.0,0.24,0.24,0.24,0.12,0.0,1.0,1.0,0.474
1626153,Delon Wright,1610612748,MIA,32.0,43,16.6,1.88,1.0,0.88,1.88,0.02,0.23,0.53,0.19,0.28,0.47,0.4,0.6,0.0,0.16,0.16,0.14,0.02,0.0,1.0,0.857,0.143
1630166,Deni Avdija,1610612764,WAS,23.0,75,30.1,6.25,4.05,2.2,1.28,0.0,0.27,0.64,0.33,0.28,0.61,0.543,0.457,0.09,0.45,0.55,0.55,0.31,0.171,0.829,1.0,0.561
203471,Dennis Schröder,1610612751,BKN,30.0,79,31.2,3.38,1.73,1.65,1.35,0.04,0.32,0.71,0.35,0.49,0.85,0.418,0.582,0.01,0.27,0.28,0.24,0.0,0.045,0.955,0.95,0.0
1628372,Dennis Smith Jr.,1610612751,BKN,26.0,54,19.3,2.61,1.3,1.31,2.44,0.04,0.35,0.87,0.41,0.31,0.72,0.564,0.436,0.0,0.15,0.15,0.15,0.04,0.0,1.0,1.0,0.25
1641726,Dereck Lively II,1610612742,DAL,20.0,55,23.5,9.55,7.13,2.42,1.24,0.0,2.82,6.45,0.29,0.24,0.53,0.552,0.448,0.55,0.91,1.45,1.42,1.0,0.375,0.625,0.975,0.688
1631220,Dereon Seabron,1610612740,NOP,24.0,6,9.2,1.67,1.0,0.67,0.33,0.0,0.0,0.0,0.17,0.0,0.17,1.0,0.0,0.0,0.17,0.17,0.17,0.0,0.0,1.0,1.0,0.0
1627884,Derrick Jones Jr.,1610612742,DAL,27.0,76,23.5,3.55,2.07,1.49,1.61,0.01,0.66,1.55,0.39,0.2,0.59,0.667,0.333,0.04,0.39,0.43,0.41,0.16,0.091,0.909,0.969,0.375
201565,Derrick Rose,1610612763,MEM,35.0,23,17.0,1.7,0.91,0.78,0.65,0.22,0.04,0.09,0.22,0.43,0.65,0.333,0.667,0.0,0.13,0.13,0.13,0.04,0.0,1.0,1.0,0.333
1628401,Derrick White,1610612738,BOS,29.0,73,32.6,6.58,4.11,2.47,2.1,0.1,0.56,1.37,0.19,0.33,0.52,0.368,0.632,0.03,0.29,0.32,0.29,0.07,0.087,0.913,0.955,0.227
1630217,Desmond Bane,1610612763,MEM,26.0,42,34.4,5.52,2.57,2.95,1.86,0.14,0.38,0.83,0.48,0.48,0.95,0.5,0.5,0.05,0.36,0.4,0.38,0.17,0.118,0.882,0.941,0.412
1626164,Devin Booker,1610612756,PHX,27.0,68,36.0,4.24,2.41,1.82,1.53,0.01,0.25,0.54,0.51,0.5,1.01,0.507,0.493,0.03,0.46,0.49,0.46,0.13,0.061,0.939,0.939,0.273
1630170,Devin Vassell,1610612759,SAS,23.0,68,33.1,2.85,1.57,1.28,2.09,0.0,0.21,0.54,0.21,0.37,0.57,0.359,0.641,0.01,0.26,0.28,0.26,0.16,0.053,0.947,0.947,0.579
1628984,Devonte' Graham,1610612759,SAS,29.0,17,15.6,0.71,0.35,0.35,0.71,0.0,0.06,0.12,0.12,0.41,0.53,0.222,0.778,0.0,0.06,0.06,0.06,0.0,0.0,1.0,1.0,0.0
1641926,Dexter Dennis,1610612742,DAL,25.0,3,9.0,1.67,1.0,0.67,0.0,0.0,0.0,0.0,0.0,0.0,0.0,0.0,0.0,0.0,0.0,0.0,0.0,0.0,0.0,0.0,0.0,0.0
1628415,Dillon Brooks,1610612745,HOU,28.0,72,30.9,4.71,2.06,2.65,1.43,0.0,0.46,1.14,0.17,0.24,0.4,0.414,0.586,0.07,0.49,0.56,0.49,0.21,0.125,0.875,0.946,0.405
1631376,Dmytro Skapintsev,1610612752,NYK,26.0,1,1.1,1.0,1.0,0.0,0.0,0.0,0.0,0.0,0.0,0.0,0.0,0.0,0.0,0.0,0.0,0.0,0.0,0.0,0.0,0.0,0.0,0.0
1627734,Domantas Sabonis,1610612758,SAC,28.0,82,35.7,7.84,6.06,1.78,1.94,0.02,5.95,14.11,0.52,0.35,0.88,0.597,0.403,1.04,1.63,2.67,2.62,1.95,0.388,0.612,0.982,0.731
1631230,Dominick Barlow,1610612759,SAS,21.0,30,13.8,5.3,3.97,1.33,0.8,0.0,2.0,4.3,0.17,0.27,0.43,0.385,0.615,0.1,1.0,1.1,1.07,0.27,0.091,0.909,0.97,0.242
1628378,Donovan Mitchell,1610612739,CLE,27.0,54,35.2,3.02,1.2,1.81,3.11,0.0,0.09,0.2,0.46,0.57,1.04,0.446,0.554,0.0,0.46,0.46,0.43,0.24,0.0,1.0,0.92,0.52
1628978,Donte DiVincenzo,1610612752,NYK,27.0,80,29.3,3.3,1.41,1.89,3.01,0.01,0.23,0.54,0.3,0.4,0.7,0.429,0.571,0.01,0.21,0.23,0.23,0.13,0.056,0.944,1.0,0.556
1627827,Dorian Finney-Smith,1610612751,BKN,31.0,68,28.5,5.21,3.4,1.81,1.63,0.0,0.91,2.1,0.24,0.31,0.54,0.432,0.568,0.16,0.66,0.82,0.79,0.32,0.196,0.804,0.982,0.4
203926,Doug McDermott,1610612754,IND,32.0,57,14.5,2.37,0.95,1.42,0.26,0.0,0.19,0.4,0.05,0.07,0.12,0.429,0.571,0.0,0.32,0.32,0.28,0.11,0.0,1.0,0.889,0.333
203110,Draymond Green,1610612744,GSW,34.0,55,27.1,8.42,5.29,3.13,2.09,0.38,2.53,6.45,0.4,0.25,0.65,0.611,0.389,0.24,1.56,1.8,1.73,0.85,0.131,0.869,0.969,0.48
1629234,Drew Eubanks,1610612756,PHX,27.0,75,15.6,3.79,2.87,0.92,1.09,0.05,2.05,4.57,0.12,0.11,0.23,0.529,0.471,0.39,0.79,1.17,1.05,0.6,0.33,0.67,0.952,0.542
1641809,Drew Peterson,1610612738,BOS,24.0,3,7.6,0.67,0.0,0.67,0.67,0.0,0.33,0.67,0.0,0.33,0.33,0.0,1.0,0.0,0.0,0.0,0.0,0.0,0.0,0.0,0.0,0.0
1630696,Dru Smith,1610612748,MIA,26.0,8,16.2,3.25,1.5,1.75,3.0,0.0,0.0,0.0,0.13,0.0,0.13,1.0,0.0,0.0,0.13,0.13,0.0,0.0,0.0,1.0,0.0,0.0
1629130,Duncan Robinson,1610612748,MIA,30.0,67,28.4,3.33,1.72,1.61,1.4,0.04,0.52,1.1,0.15,0.28,0.43,0.345,0.655,0.0,0.42,0.42,0.36,0.07,0.0,1.0,0.889,0.185
1641871,Duop Reath,1610612757,POR,28.0,66,18.2,5.12,3.68,1.44,0.97,0.06,1.62,3.64,0.18,0.08,0.26,0.706,0.294,0.14,0.89,1.03,0.92,0.36,0.132,0.868,0.91,0.358
203939,Dwight Powell,1610612742,DAL,32.0,60,13.9,5.25,4.07,1.18,0.97,0.05,2.28,5.33,0.23,0.17,0.4,0.583,0.417,0.28,0.92,1.2,1.15,0.55,0.236,0.764,0.972,0.465
1629685,Dylan Windler,1610612737,ATL,27.0,9,10.0,2.0,1.11,0.89,1.22,0.0,0.0,0.0,0.0,0.0,0.0,0.0,0.0,0.0,0.11,0.11,0.11,0.0,0.0,1.0,1.0,0.0
1630700,Dyson Daniels,1610612740,NOP,21.0,61,22.3,5.05,2.95,2.1,2.8,0.0,0.31,0.7,0.26,0.33,0.59,0.444,0.556,0.05,0.18,0.23,0.21,0.07,0.214,0.786,0.929,0.286
1630604,E.J. Liddell,1610612740,NOP,23.0,5,3.1,1.2,0.4,0.8,0.2,0.0,0.0,0.0,0.0,0.0,0.0,0.0,0.0,0.0,0.2,0.2,0.2,0.2,0.0,1.0,1.0,1.0
1641734,Emoni Bates,1610612739,CLE,20.0,13,10.0,1.46,0.46,1.0,0.38,0.0,0.0,0.0,0.0,0.08,0.08,0.0,1.0,0.0,0.08,0.08,0.08,0.08,0.0,1.0,1.0,1.0
201569,Eric Gordon,1610612756,PHX,35.0,68,27.8,1.94,0.96,0.99,1.46,0.0,0.22,0.49,0.19,0.32,0.51,0.371,0.629,0.0,0.22,0.22,0.22,0.07,0.0,1.0,1.0,0.333
1630647,Eugene Omoruyi,1610612764,WAS,27.0,37,10.3,2.19,1.22,0.97,1.14,0.11,1.14,2.59,0.16,0.14,0.3,0.545,0.455,0.3,0.3,0.59,0.59,0.32,0.5,0.5,1.0,0.545
203095,Evan Fournier,1610612765,DET,31.0,30,19.1,1.57,0.57,1.0,2.27,0.03,0.1,0.23,0.17,0.27,0.43,0.385,0.615,0.0,0.37,0.37,0.37,0.13,0.0,1.0,1.0,0.364
1630596,Evan Mobley,1610612739,CLE,23.0,50,30.6,10.3,7.34,2.96,2.22,0.0,2.1,4.94,0.32,0.36,0.68,0.471,0.529,0.22,1.5,1.72,1.66,1.12,0.128,0.872,0.988,0.667
1630196,Filip Petrusev,1610612755,PHI,24.0,2,4.6,1.5,0.5,1.0,0.0,0.0,0.5,1.0,0.0,0.0,0.0,0.0,0.0,0.0,0.5,0.5,0.5,0.0,0.0,1.0,1.0,0.0
1628373,Frank Ntilikina,1610612766,CHA,25.0,4,9.9,0.75,0.0,0.75,0.5,0.0,0.25,0.5,0.0,0.0,0.0,0.0,0.0,0.0,0.25,0.25,0.25,0.25,0.0,1.0,1.0,1.0
1630532,Franz Wagner,1610612753,ORL,22.0,72,32.5,4.81,2.58,2.22,1.99,0.06,0.24,0.54,0.36,0.42,0.78,0.464,0.536,0.0,0.51,0.51,0.51,0.17,0.0,1.0,1.0,0.324
1627832,Fred VanVleet,1610612745,HOU,30.0,73,36.8,3.86,1.66,2.21,3.07,0.0,0.75,1.81,0.25,0.4,0.64,0.383,0.617,0.0,0.62,0.62,0.6,0.14,0.0,1.0,0.978,0.222
1627788,Furkan Korkmaz,1610612755,PHI,26.0,20,12.4,0.85,0.5,0.35,1.3,0.05,0.05,0.1,0.05,0.15,0.2,0.25,0.75,0.0,0.25,0.25,0.25,0.05,0.0,1.0,1.0,0.2
1641713,GG Jackson,1610612763,MEM,19.0,46,26.8,3.43,2.17,1.26,0.91,0.0,0.3,0.74,0.22,0.2,0.41,0.526,0.474,0.07,0.37,0.43,0.41,0.17,0.15,0.85,0.95,0.4
1629216,Gabe Vincent,1610612747,LAL,28.0,11,19.8,2.0,0.82,1.18,1.64,0.0,0.36,0.91,0.55,0.27,0.82,0.667,0.333,0.0,0.0,0.0,0.0,0.0,0.0,0.0,0.0,0.0
202066,Garrett Temple,1610612761,TOR,38.0,22,12.3,2.14,1.05,1.09,1.27,0.05,0.5,1.27,0.09,0.23,0.32,0.286,0.714,0.0,0.09,0.09,0.09,0.0,0.0,1.0,1.0,0.0
1629726,Garrison Mathews,1610612737,ATL,27.0,60,15.8,2.12,0.82,1.3,0.45,0.25,0.2,0.43,0.08,0.07,0.15,0.556,0.444,0.02,0.22,0.23,0.2,0.05,0.071,0.929,0.857,0.214
203914,Gary Harris,1610612753,ORL,29.0,53,24.3,1.51,0.66,0.85,1.68,0.0,0.3,0.68,0.13,0.28,0.42,0.318,0.682,0.0,0.19,0.19,0.19,0.04,0.0,1.0,1.0,0.2
1627780,Gary Payton II,1610612744,GSW,31.0,43,15.6,2.33,1.26,1.07,2.07,0.0,0.91,2.26,0.23,0.3,0.53,0.435,0.565,0.12,0.16,0.28,0.26,0.16,0.417,0.583,0.917,0.583
1629018,Gary Trent Jr.,1610612761,TOR,25.0,69,28.3,1.54,0.57,0.97,2.12,0.01,0.16,0.33,0.23,0.38,0.61,0.381,0.619,0.0,0.2,0.2,0.2,0.07,0.0,1.0,1.0,0.357
1627777,Georges Niang,1610612739,CLE,31.0,82,22.3,3.73,2.07,1.66,0.88,0.04,0.87,2.06,0.18,0.16,0.34,0.536,0.464,0.0,0.73,0.73,0.72,0.29,0.0,1.0,0.983,0.4
203507,Giannis Antetokounmpo,1610612749,MIL,29.0,73,35.2,6.47,3.6,2.86,2.18,0.01,2.05,4.99,0.51,0.34,0.85,0.597,0.403,0.45,0.51,0.96,0.9,0.68,0.471,0.529,0.943,0.714
1629048,Goga Bitadze,1610612753,ORL,24.0,56,16.9,5.13,4.05,1.07,1.32,0.02,1.96,4.39,0.2,0.18,0.38,0.524,0.476,0.8,0.71,1.52,1.45,0.75,0.529,0.471,0.953,0.494
202330,Gordon Hayward,1610612760,OKC,34.0,51,24.4,3.69,2.45,1.24,1.35,0.0,0.39,0.88,0.25,0.33,0.59,0.433,0.567,0.0,0.16,0.16,0.14,0.04,0.0,1.0,0.875,0.25
1641711,Gradey Dick,1610612761,TOR,20.0,55,22.4,2.18,1.02,1.16,1.07,0.09,0.11,0.22,0.22,0.24,0.45,0.48,0.52,0.02,0.35,0.36,0.36,0.16,0.05,0.95,1.0,0.45
1629684,Grant Williams,1610612766,CHA,25.0,76,28.0,5.04,3.26,1.78,1.01,0.16,1.89,4.38,0.3,0.17,0.47,0.639,0.361,0.37,1.64,2.01,1.83,0.72,0.183,0.817,0.933,0.369
1628960,Grayson Allen,1610612756,PHX,28.0,75,33.5,5.21,2.88,2.33,2.11,0.01,0.69,1.52,0.35,0.45,0.8,0.433,0.567,0.0,0.36,0.36,0.33,0.13,0.0,1.0,0.962,0.385
1630535,Greg Brown III,1610612742,DAL,22.0,4,9.3,3.5,2.5,1.0,0.0,0.0,0.5,1.0,0.25,0.25,0.5,0.5,0.5,0.0,0.25,0.25,0.25,0.0,0.0,1.0,1.0,0.0
1630611,Gui Santos,1610612744,GSW,22.0,18,9.3,2.28,1.22,1.06,0.39,0.0,0.11,0.33,0.22,0.11,0.33,0.667,0.333,0.06,0.39,0.44,0.44,0.17,0.125,0.875,1.0,0.375
1628977,Hamidou Diallo,1610612764,WAS,25.0,1,3.7,0.0,0.0,0.0,2.0,0.0,0.0,0.0,0.0,0.0,0.0,0.0,0.0,0.0,0.0,0.0,0.0,0.0,0.0,0.0,0.0,0.0
203084,Harrison Barnes,1610612758,SAC,32.0,82,29.0,5.26,3.32,1.94,1.23,0.0,0.52,1.24,0.24,0.17,0.41,0.588,0.412,0.09,0.65,0.73,0.71,0.28,0.117,0.883,0.967,0.383
1628385,Harry Giles III,1610612747,LAL,26.0,18,5.3,1.56,1.06,0.5,0.28,0.0,0.39,0.94,0.06,0.0,0.06,1.0,0.0,0.22,0.17,0.39,0.33,0.33,0.571,0.429,1.0,1.0
1629312,Haywood Highsmith,1610612748,MIA,27.0,64,21.2,5.03,3.17,1.86,1.73,0.0,0.31,0.75,0.2,0.3,0.5,0.406,0.594,0.09,0.3,0.39,0.36,0.16,0.24,0.76,0.92,0.4
1630929,Henri Drell,1610612741,CHI,24.0,1,23.2,6.0,4.0,2.0,3.0,0.0,1.0,2.0,0.0,0.0,0.0,0.0,0.0,0.0,1.0,1.0,1.0,1.0,0.0,1.0,1.0,1.0
1630529,Herbert Jones,1610612740,NOP,25.0,76,30.5,6.09,2.71,3.38,2.57,0.16,0.57,1.39,0.29,0.38,0.67,0.431,0.569,0.01,0.82,0.83,0.78,0.25,0.016,0.984,0.952,0.306
1641816,Hunter Tyson,1610612743,DEN,24.0,11,3.4,0.64,0.09,0.55,0.18,0.0,0.0,0.0,0.09,0.09,0.18,0.5,0.5,0.0,0.27,0.27,0.27,0.18,0.0,1.0,1.0,0.667
1630641,Ibou Badji,1610612757,POR,21.0,20,11.2,2.85,2.1,0.75,0.5,0.05,2.0,4.35,0.15,0.1,0.25,0.6,0.4,0.0,0.55,0.55,0.45,0.15,0.0,1.0,0.818,0.273
1630193,Immanuel Quickley,1610612761,TOR,25.0,68,29.2,4.44,1.93,2.51,1.29,0.0,0.34,0.74,0.25,0.32,0.57,0.436,0.564,0.0,0.32,0.32,0.32,0.07,0.0,1.0,1.0,0.227
1630171,Isaac Okoro,1610612739,CLE,23.0,69,27.3,4.1,2.84,1.26,1.54,0.09,0.39,0.97,0.32,0.26,0.58,0.55,0.45,0.03,0.55,0.58,0.57,0.06,0.05,0.95,0.975,0.1
1628392,Isaiah Hartenstein,1610612752,NYK,26.0,75,25.3,7.37,6.15,1.23,1.95,0.0,3.52,8.31,0.37,0.37,0.75,0.5,0.5,0.91,1.52,2.43,2.33,1.6,0.374,0.626,0.978,0.67
1630543,Isaiah Jackson,1610612754,IND,22.0,54,14.1,4.89,3.78,1.11,1.37,0.0,1.87,4.17,0.28,0.17,0.44,0.625,0.375,0.46,0.46,0.93,0.85,0.63,0.5,0.5,0.958,0.708
1630198,Isaiah Joe,1610612760,OKC,24.0,78,18.5,2.67,1.24,1.42,0.87,0.24,0.4,0.83,0.17,0.22,0.38,0.433,0.567,0.01,0.31,0.32,0.31,0.06,0.04,0.96,0.96,0.2
1630587,Isaiah Livers,1610612765,DET,25.0,22,21.1,4.36,2.59,1.77,1.5,0.0,0.55,1.32,0.27,0.18,0.45,0.6,0.4,0.05,0.41,0.45,0.45,0.09,0.1,0.9,1.0,0.2
1630600,Isaiah Mobley,1610612739,CLE,24.0,7,9.7,2.57,1.0,1.57,0.71,0.0,0.0,0.0,0.0,0.0,0.0,0.0,0.0,0.0,0.43,0.43,0.43,0.0,0.0,1.0,1.0,0.0
1630191,Isaiah Stewart,1610612765,DET,23.0,46,30.9,9.39,6.11,3.28,0.46,0.02,1.35,2.98,0.28,0.13,0.41,0.684,0.316,0.35,0.85,1.2,1.15,0.61,0.291,0.709,0.964,0.509
202738,Isaiah Thomas,1610612756,PHX,35.0,1,4.6,0.0,0.0,0.0,0.0,0.0,0.0,0.0,1.0,0.0,1.0,1.0,0.0,0.0,0.0,0.0,0.0,0.0,0.0,0.0,0.0,0.0
202397,Ish Smith,1610612766,CHA,35.0,40,17.8,1.88,0.53,1.35,0.93,0.08,0.53,1.18,0.15,0.3,0.45,0.333,0.667,0.0,0.15,0.15,0.15,0.0,0.0,1.0,1.0,0.0
1630688,Ish Wainright,1610612756,PHX,29.0,8,7.0,1.13,0.38,0.75,1.13,0.0,0.25,0.5,0.0,0.13,0.13,0.0,1.0,0.0,0.88,0.88,0.88,0.25,0.0,1.0,1.0,0.286
1627826,Ivica Zubac,1610612746,LAC,27.0,68,26.4,9.84,7.72,2.12,0.59,0.0,3.21,7.49,0.35,0.18,0.53,0.667,0.333,0.6,1.37,1.99,1.94,1.12,0.304,0.689,0.985,0.567
1631120,JD Davison,1610612738,BOS,21.0,3,9.3,0.67,0.67,0.0,1.0,0.0,0.0,0.0,0.0,0.0,0.0,0.0,0.0,0.0,0.33,0.33,0.33,0.33,0.0,1.0,1.0,1.0
1630550,JT Thor,1610612766,CHA,21.0,57,13.4,2.95,1.89,1.05,0.63,0.0,0.47,1.18,0.12,0.05,0.18,0.7,0.3,0.11,0.18,0.28,0.28,0.16,0.375,0.625,1.0,0.563
1629630,Ja Morant,1610612763,MEM,24.0,9,35.3,3.56,2.0,1.56,1.56,0.11,0.22,0.44,0.33,0.56,0.89,0.375,0.625,0.0,0.67,0.67,0.67,0.11,0.0,1.0,1.0,0.167
201580,JaVale McGee,1610612758,SAC,36.0,44,7.6,2.14,1.59,0.55,0.39,0.0,0.84,1.89,0.07,0.07,0.14,0.5,0.5,0.2,0.39,0.59,0.57,0.43,0.346,0.654,1.0,0.76
1631095,Jabari Smith Jr.,1610612745,HOU,21.0,76,31.9,7.08,4.33,2.75,1.7,0.0,0.67,1.63,0.36,0.3,0.66,0.54,0.46,0.29,0.83,1.12,1.07,0.72,0.259,0.741,0.976,0.663
1631133,Jabari Walker,1610612757,POR,21.0,72,23.6,3.13,1.86,1.26,1.06,0.06,1.1,2.5,0.18,0.24,0.42,0.433,0.567,0.17,0.31,0.47,0.47,0.24,0.353,0.647,1.0,0.5
1631298,Jack White,1610612760,OKC,26.0,4,15.9,3.0,1.25,1.75,1.75,0.0,0.25,0.5,0.5,0.25,0.75,0.667,0.333,0.0,0.5,0.5,0.5,0.25,0.0,1.0,1.0,0.5
1631367,Jacob Gilyard,1610612751,BKN,25.0,35,19.2,1.46,0.57,0.89,2.29,0.0,0.26,0.71,0.14,0.29,0.43,0.333,0.667,0.0,0.17,0.17,0.17,0.03,0.0,1.0,1.0,0.167
1631210,Jacob Toppin,1610612752,NYK,24.0,3,10.5,1.33,0.33,1.0,0.0,0.0,0.33,1.0,0.0,0.0,0.0,0.0,0.0,0.0,0.0,0.0,0.0,0.0,0.0,0.0,0.0,0.0
1630702,Jaden Hardy,1610612742,DAL,21.0,61,15.3,1.56,0.72,0.84,0.74,0.1,0.18,0.41,0.15,0.08,0.23,0.643,0.357,0.02,0.2,0.21,0.21,0.08,0.077,0.923,1.0,0.385
1631093,Jaden Ivey,1610612765,DET,22.0,77,28.8,4.01,2.44,1.57,1.32,0.01,0.27,0.62,0.55,0.26,0.81,0.677,0.323,0.08,0.42,0.49,0.49,0.19,0.158,0.842,1.0,0.395
1630183,Jaden McDaniels,1610612750,MIN,23.0,71,29.6,5.27,3.28,1.99,1.97,0.0,0.18,0.46,0.28,0.35,0.63,0.444,0.556,0.01,0.31,0.32,0.3,0.07,0.043,0.957,0.913,0.217
1630531,Jaden Springer,1610612738,BOS,21.0,38,13.0,1.71,1.0,0.71,1.42,0.0,0.08,0.18,0.34,0.37,0.71,0.481,0.519,0.05,0.29,0.34,0.32,0.08,0.154,0.846,0.923,0.231
203109,Jae Crowder,1610612749,MIL,33.0,49,23.2,2.57,1.24,1.33,1.53,0.02,0.24,0.55,0.22,0.35,0.57,0.393,0.607,0.08,0.27,0.35,0.35,0.22,0.235,0.765,1.0,0.647
1630256,Jae'Sean Tate,1610612745,HOU,28.0,63,16.3,3.57,1.75,1.83,1.24,0.16,0.51,1.25,0.29,0.33,0.62,0.462,0.538,0.22,0.57,0.79,0.71,0.32,0.28,0.72,0.918,0.408
1630186,Jahmi'us Ramsey,1610612761,TOR,23.0,7,17.3,2.29,1.71,0.57,1.14,0.0,0.57,1.29,0.0,0.14,0.14,0.0,1.0,0.0,0.0,0.0,0.0,0.0,0.0,0.0,0.0,0.0
1631170,Jaime Jaquez Jr.,1610612748,MIA,23.0,75,28.2,4.73,2.93,1.8,1.87,0.01,0.31,0.76,0.28,0.32,0.6,0.467,0.533,0.05,0.65,0.71,0.67,0.2,0.075,0.925,0.962,0.288
1631222,Jake LaRavia,1610612763,MEM,22.0,34,23.6,3.56,1.71,1.85,2.0,0.0,0.18,0.41,0.21,0.44,0.65,0.318,0.682,0.09,0.35,0.44,0.35,0.24,0.2,0.8,0.8,0.533
1627751,Jakob Poeltl,1610612761,TOR,28.0,50,26.4,9.3,7.5,1.8,1.28,0.02,3.18,7.02,0.38,0.14,0.52,0.731,0.269,0.6,1.44,2.04,1.98,1.22,0.294,0.706,0.98,0.604
1628973,Jalen Brunson,1610612752,NYK,27.0,77,35.4,3.65,1.47,2.18,1.45,0.45,0.17,0.36,0.36,0.39,0.75,0.483,0.517,0.03,0.26,0.29,0.29,0.09,0.091,0.909,1.0,0.318
1630622,Jalen Crutcher,1610612740,NOP,24.0,1,2.7,1.0,0.0,1.0,0.0,0.0,0.0,0.0,0.0,0.0,0.0,0.0,0.0,0.0,0.0,0.0,0.0,0.0,0.0,0.0,0.0,0.0
1631105,Jalen Duren,1610612765,DET,20.0,61,29.1,7.97,5.39,2.57,1.16,0.0,4.69,10.38,0.46,0.34,0.8,0.571,0.429,0.79,1.46,2.25,2.18,1.72,0.35,0.65,0.971,0.766
1630224,Jalen Green,1610612745,HOU,22.0,82,31.7,4.04,2.22,1.82,1.51,0.04,0.12,0.26,0.23,0.22,0.45,0.514,0.486,0.02,0.21,0.23,0.22,0.06,0.105,0.895,0.947,0.263
1641720,Jalen Hood-Schifino,1610612747,LAL,21.0,12,7.0,1.0,0.5,0.5,0.17,0.0,0.0,0.0,0.33,0.17,0.5,0.667,0.333,0.0,0.0,0.0,0.0,0.0,0.0,0.0,0.0,0.0
1630552,Jalen Johnson,1610612737,ATL,22.0,56,33.7,6.5,3.96,2.54,2.07,0.05,1.38,3.27,0.27,0.27,0.54,0.5,0.5,0.07,0.5,0.57,0.55,0.34,0.125,0.875,0.969,0.594
1629667,Jalen McDaniels,1610612761,TOR,26.0,45,11.5,2.24,1.18,1.07,0.91,0.0,0.22,0.47,0.2,0.16,0.36,0.563,0.438,0.0,0.18,0.18,0.18,0.04,0.0,1.0,1.0,0.25
1629618,Jalen Pickett,1610612743,DEN,24.0,14,6.0,1.14,0.36,0.79,0.5,0.0,0.07,0.14,0.0,0.07,0.07,0.0,1.0,0.0,0.21,0.21,0.21,0.0,0.0,1.0,1.0,0.0
1641771,Jalen Slawson,1610612758,SAC,24.0,2,10.2,1.5,1.5,0.0,0.5,0.0,0.0,0.0,0.0,0.0,0.0,0.0,0.0,0.0,0.0,0.0,0.0,0.0,0.0,0.0,0.0,0.0
1630188,Jalen Smith,1610612754,IND,24.0,61,17.2,4.64,3.28,1.36,0.41,0.02,1.72,3.82,0.16,0.16,0.33,0.5,0.5,0.52,0.75,1.28,1.23,0.82,0.41,0.59,0.962,0.641
1630591,Jalen Suggs,1610612753,ORL,23.0,75,27.0,3.89,2.23,1.67,2.53,0.09,0.29,0.67,0.32,0.52,0.84,0.381,0.619,0.05,0.05,0.11,0.11,0.05,0.5,0.5,1.0,0.5
1631114,Jalen Williams,1610612760,OKC,23.0,71,31.3,3.97,2.31,1.66,2.75,0.01,0.28,0.65,0.31,0.41,0.72,0.431,0.569,0.06,0.68,0.73,0.69,0.37,0.077,0.923,0.942,0.5
1630592,Jalen Wilson,1610612751,BKN,23.0,39,16.7,2.54,1.0,1.54,0.56,0.0,0.36,0.87,0.26,0.23,0.49,0.526,0.474,0.08,0.49,0.56,0.54,0.15,0.136,0.864,1.0,0.286
1631288,Jamal Cain,1610612748,MIA,25.0,16,15.3,2.44,1.38,1.06,1.25,0.0,0.44,1.0,0.19,0.06,0.25,0.75,0.25,0.13,0.19,0.31,0.31,0.13,0.4,0.6,1.0,0.4
1627750,Jamal Murray,1610612743,DEN,27.0,59,31.5,5.56,2.81,2.75,1.83,0.02,0.29,0.66,0.29,0.36,0.64,0.447,0.553,0.07,0.15,0.22,0.22,0.08,0.308,0.692,1.0,0.385
1631123,Jamaree Bouyea,1610612759,SAS,25.0,7,12.9,1.86,1.29,0.57,0.57,0.0,0.0,0.0,0.43,0.14,0.57,0.75,0.25,0.0,0.0,0.0,0.0,0.0,0.0,0.0,0.0,0.0
1630547,James Bouknight,1610612766,CHA,23.0,7,7.6,1.29,0.29,1.0,0.43,0.0,0.0,0.0,0.14,0.14,0.29,0.5,0.5,0.0,0.29,0.29,0.29,0.0,0.0,1.0,1.0,0.0
201935,James Harden,1610612746,LAC,34.0,72,34.3,4.44,1.97,2.47,1.9,0.0,0.21,0.46,0.29,0.43,0.72,0.404,0.596,0.0,0.61,0.61,0.6,0.35,0.0,1.0,0.977,0.568
201949,James Johnson,1610612754,IND,37.0,7,5.8,1.0,0.57,0.43,0.86,0.0,0.14,0.43,0.29,0.14,0.43,0.667,0.333,0.0,0.14,0.14,0.14,0.0,0.0,1.0,1.0,0.0
1630164,James Wiseman,1610612765,DET,23.0,62,17.4,6.63,5.31,1.32,0.24,0.0,3.16,7.05,0.21,0.1,0.31,0.684,0.316,0.45,0.77,1.23,1.16,0.81,0.368,0.632,0.96,0.667
1641716,Jarace Walker,1610612754,IND,20.0,27,12.0,1.37,0.96,0.41,0.96,0.0,0.15,0.37,0.15,0.07,0.22,0.667,0.333,0.0,0.26,0.26,0.26,0.07,0.0,1.0,1.0,0.286
1630215,Jared Butler,1610612764,WAS,23.0,36,15.4,2.44,1.0,1.44,1.31,0.06,0.17,0.39,0.11,0.28,0.39,0.286,0.714,0.0,0.11,0.11,0.06,0.03,0.0,1.0,0.5,0.25
1631197,Jared Rhoden,1610612765,DET,24.0,14,16.7,3.29,1.57,1.71,0.93,0.0,0.07,0.21,0.07,0.29,0.36,0.2,0.8,0.07,0.57,0.64,0.64,0.21,0.111,0.889,1.0,0.333
1628991,Jaren Jackson Jr.,1610612763,MEM,24.0,66,32.2,8.32,6.15,2.17,2.73,0.03,1.71,4.2,0.45,0.33,0.79,0.577,0.423,0.11,0.83,0.94,0.88,0.39,0.113,0.887,0.951,0.426
1629020,Jarred Vanderbilt,1610612747,LAL,25.0,29,20.0,2.24,1.21,1.03,1.79,0.0,0.52,1.38,0.28,0.31,0.59,0.471,0.529,0.07,0.14,0.21,0.21,0.07,0.333,0.667,1.0,0.333
1628386,Jarrett Allen,1610612739,CLE,26.0,77,31.7,9.58,7.56,2.03,1.61,0.0,4.05,9.65,0.47,0.23,0.7,0.667,0.333,0.27,1.74,2.01,1.92,1.14,0.135,0.865,0.974,0.579
1630554,Jason Preston,1610612762,UTA,24.0,7,10.2,1.29,0.71,0.57,1.14,0.0,0.14,0.29,0.14,0.14,0.29,0.5,0.5,0.0,0.0,0.0,0.0,0.0,0.0,0.0,0.0,0.0
1631241,Javon Freeman-Liberty,1610612761,TOR,24.0,18,21.2,2.78,1.39,1.39,0.83,0.0,0.39,0.94,0.22,0.33,0.56,0.4,0.6,0.0,0.39,0.39,0.39,0.06,0.0,1.0,1.0,0.143
1629750,Javonte Green,1610612741,CHI,30.0,9,25.6,3.11,1.67,1.44,2.78,0.0,0.56,1.22,0.22,0.44,0.67,0.333,0.667,0.44,1.11,1.56,1.56,0.89,0.286,0.714,1.0,0.571
1630606,Javonte Smart,1610612755,PHI,25.0,1,0.7,1.0,0.0,1.0,0.0,0.0,0.0,0.0,0.0,0.0,0.0,0.0,0.0,0.0,0.0,0.0,0.0,0.0,0.0,0.0,0.0,0.0
1629637,Jaxson Hayes,1610612747,LAL,24.0,68,12.9,4.59,3.04,1.54,0.88,0.0,1.29,2.96,0.1,0.16,0.26,0.389,0.611,0.22,0.59,0.81,0.81,0.43,0.273,0.727,1.0,0.527
1630643,Jay Huff,1610612743,DEN,26.0,16,2.8,0.88,0.81,0.06,0.38,0.0,0.56,1.19,0.06,0.0,0.06,1.0,0.0,0.13,0.31,0.44,0.38,0.19,0.286,0.714,0.857,0.429
1627759,Jaylen Brown,1610612738,BOS,27.0,70,33.5,4.16,2.03,2.13,1.79,0.01,0.24,0.6,0.57,0.49,1.06,0.541,0.459,0.13,0.74,0.87,0.83,0.44,0.148,0.852,0.983,0.525
1629669,Jaylen Nowell,1610612758,SAC,24.0,10,19.4,1.2,0.7,0.5,0.5,0.0,0.1,0.2,0.0,0.1,0.1,0.0,1.0,0.0,0.1,0.1,0.1,0.1,0.0,1.0,1.0,1.0
1631119,Jaylin Williams,1610612760,OKC,22.0,69,13.0,4.62,3.09,1.54,0.75,0.28,1.07,2.41,0.1,0.19,0.29,0.35,0.65,0.04,0.8,0.84,0.78,0.42,0.052,0.948,0.931,0.5
1628369,Jayson Tatum,1610612738,BOS,26.0,74,35.7,3.7,1.86,1.84,1.97,0.0,0.47,1.2,0.32,0.31,0.64,0.511,0.489,0.04,0.5,0.54,0.53,0.32,0.075,0.925,1.0,0.615
1630288,Jeff Dowtin Jr.,1610612755,PHI,27.0,11,11.8,0.73,0.27,0.45,1.45,0.0,0.09,0.27,0.09,0.0,0.09,1.0,0.0,0.0,0.0,0.0,0.0,0.0,0.0,0.0,0.0,0.0
201145,Jeff Green,1610612745,HOU,37.0,77,16.9,4.38,2.71,1.66,0.56,0.03,1.26,3.01,0.12,0.09,0.21,0.563,0.438,0.0,0.58,0.58,0.55,0.1,0.0,1.0,0.955,0.182
203924,Jerami Grant,1610612757,POR,30.0,54,33.9,3.83,2.11,1.72,1.72,0.07,0.28,0.63,0.24,0.31,0.56,0.433,0.567,0.0,0.72,0.72,0.67,0.09,0.0,1.0,0.947,0.132
1630526,Jeremiah Robinson-Earl,1610612740,NOP,23.0,32,10.1,2.63,1.72,0.91,0.47,0.0,0.72,1.56,0.03,0.09,0.13,0.25,0.75,0.06,0.34,0.41,0.38,0.06,0.154,0.846,0.923,0.154
1631110,Jeremy Sochan,1610612759,SAS,21.0,74,29.6,6.62,3.96,2.66,1.84,0.0,0.55,1.28,0.39,0.32,0.72,0.547,0.453,0.04,0.22,0.26,0.24,0.07,0.158,0.842,0.947,0.263
1630579,Jericho Sims,1610612752,NYK,25.0,38,15.1,4.08,3.34,0.74,0.53,0.0,1.42,3.24,0.11,0.13,0.24,0.444,0.556,0.47,1.08,1.55,1.42,0.82,0.305,0.695,0.982,0.564
1631257,Jermaine Samuels Jr.,1610612745,HOU,25.0,12,4.8,1.08,0.5,0.58,0.25,0.0,0.42,0.83,0.08,0.0,0.08,1.0,0.0,0.0,0.17,0.17,0.17,0.17,0.0,1.0,1.0,1.0
1629010,Jerome Robinson,1610612744,GSW,27.0,11,4.9,1.0,0.36,0.64,0.27,0.0,0.09,0.27,0.0,0.09,0.09,0.0,1.0,0.0,0.18,0.18,0.18,0.0,0.0,1.0,1.0,0.0
1641724,Jett Howard,1610612753,ORL,20.0,9,3.2,1.11,0.56,0.56,0.22,0.0,0.11,0.22,0.0,0.0,0.0,0.0,0.0,0.11,0.11,0.22,0.22,0.11,0.5,0.5,1.0,0.5
1628975,Jevon Carter,1610612741,CHI,28.0,68,14.4,1.65,0.57,1.07,1.32,0.03,0.16,0.35,0.1,0.18,0.28,0.368,0.632,0.01,0.1,0.12,0.1,0.0,0.125,0.875,0.875,0.0
202710,Jimmy Butler III,1610612748,MIA,34.0,60,34.0,3.23,1.33,1.9,2.27,0.02,0.72,1.67,0.52,0.45,0.97,0.534,0.466,0.22,0.4,0.62,0.58,0.3,0.351,0.649,0.946,0.486
1629111,Jock Landale,1610612745,HOU,28.0,55,13.9,4.29,3.4,0.89,0.58,0.0,2.49,5.89,0.18,0.07,0.25,0.714,0.286,0.49,0.65,1.15,1.05,0.6,0.429,0.571,0.983,0.559
203925,Joe Harris,1610612765,DET,32.0,15,11.0,2.0,1.4,0.6,0.4,0.07,0.07,0.2,0.07,0.27,0.33,0.2,0.8,0.13,0.53,0.67,0.67,0.27,0.2,0.8,1.0,0.4
204060,Joe Ingles,1610612753,ORL,36.0,64,17.3,0.95,0.28,0.67,1.02,0.02,0.39,0.81,0.11,0.16,0.27,0.412,0.588,0.06,0.23,0.3,0.28,0.19,0.211,0.789,1.0,0.667
203954,Joel Embiid,1610612755,PHI,30.0,39,33.6,12.1,9.67,2.44,1.46,0.03,3.46,8.31,0.54,0.54,1.08,0.5,0.5,0.46,1.44,1.9,1.82,1.18,0.243,0.757,0.986,0.639
1628381,John Collins,1610612762,UTA,26.0,68,28.0,6.37,3.99,2.38,0.93,0.1,1.76,4.12,0.57,0.28,0.85,0.672,0.328,0.49,0.69,1.18,1.13,0.69,0.413,0.588,0.963,0.588
1629723,John Konchar,1610612763,MEM,28.0,52,22.5,3.98,2.21,1.77,1.92,0.1,0.46,1.12,0.23,0.44,0.67,0.343,0.657,0.06,0.25,0.31,0.31,0.08,0.188,0.813,1.0,0.25
1631098,Johnny Davis,1610612764,WAS,22.0,45,13.2,1.29,0.84,0.44,1.0,0.0,0.13,0.31,0.16,0.11,0.27,0.583,0.417,0.0,0.22,0.22,0.22,0.07,0.0,1.0,1.0,0.3
1630548,Johnny Juzang,1610612762,UTA,23.0,16,21.2,3.75,2.06,1.69,0.5,0.13,0.31,0.69,0.0,0.25,0.25,0.0,1.0,0.13,0.19,0.31,0.25,0.13,0.4,0.6,0.8,0.4
202685,Jonas Valančiūnas,1610612740,NOP,32.0,82,23.5,6.4,5.04,1.37,0.63,0.0,2.44,5.45,0.24,0.27,0.51,0.476,0.524,1.04,1.73,2.77,2.59,1.85,0.374,0.626,0.959,0.688
1628371,Jonathan Isaac,1610612753,ORL,26.0,57,16.0,3.88,3.21,0.67,1.4,0.0,0.53,1.18,0.19,0.23,0.42,0.458,0.542,0.3,0.7,1.0,0.95,0.65,0.298,0.702,1.0,0.685
1630228,Jonathan Kuminga,1610612744,GSW,21.0,74,26.3,4.89,2.96,1.93,1.24,0.01,0.61,1.55,0.34,0.38,0.72,0.472,0.528,0.14,0.49,0.62,0.58,0.24,0.217,0.783,0.956,0.4
1629007,Jontay Porter,1610612765,DET,24.0,25,14.4,4.8,4.04,0.76,1.28,0.0,1.48,3.08,0.12,0.0,0.12,1.0,0.0,0.12,1.0,1.12,1.12,0.4,0.107,0.893,1.0,0.357
203903,Jordan Clarkson,1610612762,UTA,32.0,55,30.6,2.8,1.09,1.71,1.31,0.0,0.71,1.69,0.24,0.29,0.53,0.448,0.552,0.0,0.38,0.38,0.38,0.09,0.0,1.0,1.0,0.238
1630259,Jordan Ford,1610612758,SAC,26.0,2,4.7,0.0,0.0,0.0,0.5,0.0,0.0,0.0,0.0,0.0,0.0,0.0,0.0,0.0,0.0,0.0,0.0,0.0,0.0,0.0,0.0,0.0
1630692,Jordan Goodwin,1610612763,MEM,25.0,49,21.1,2.51,1.35,1.16,2.14,0.0,0.33,0.73,0.37,0.53,0.9,0.409,0.591,0.12,0.35,0.47,0.43,0.22,0.261,0.739,0.913,0.478
1641722,Jordan Hawkins,1610612740,NOP,22.0,60,19.0,3.28,1.27,2.02,0.38,0.02,0.22,0.45,0.25,0.13,0.38,0.652,0.348,0.0,0.2,0.2,0.2,0.05,0.0,1.0,1.0,0.25
1629162,Jordan McLaughlin,1610612750,MIN,28.0,48,12.2,1.31,0.73,0.58,1.38,0.04,0.21,0.46,0.15,0.27,0.42,0.35,0.65,0.0,0.19,0.19,0.19,0.06,0.0,1.0,1.0,0.333
1641757,Jordan Miller,1610612746,LAC,24.0,3,4.4,1.0,0.67,0.33,0.33,0.0,0.0,0.0,0.0,0.0,0.0,0.0,0.0,0.0,0.0,0.0,0.0,0.0,0.0,0.0,0.0,0.0
1629670,Jordan Nwora,1610612761,TOR,25.0,41,16.4,2.29,1.41,0.88,0.8,0.02,0.02,0.07,0.15,0.24,0.39,0.375,0.625,0.02,0.2,0.22,0.2,0.07,0.111,0.889,0.889,0.333
1629673,Jordan Poole,1610612764,WAS,25.0,78,30.1,3.18,1.24,1.94,1.81,0.01,0.24,0.54,0.24,0.4,0.64,0.38,0.62,0.01,0.1,0.12,0.12,0.03,0.111,0.889,1.0,0.222
1641775,Jordan Walsh,1610612738,BOS,20.0,6,11.9,2.0,0.5,1.5,0.5,0.0,1.0,2.33,0.33,0.67,1.0,0.333,0.667,0.0,0.33,0.33,0.33,0.17,0.0,1.0,1.0,0.5
1630631,Jose Alvarado,1610612740,NOP,26.0,54,18.7,1.24,0.41,0.83,2.19,0.02,0.17,0.39,0.26,0.31,0.57,0.452,0.548,0.0,0.37,0.37,0.35,0.09,0.0,1.0,0.95,0.25
1630581,Josh Giddey,1610612760,OKC,21.0,80,25.1,3.96,1.95,2.01,1.11,0.0,0.33,0.68,0.4,0.3,0.7,0.571,0.429,0.04,0.23,0.26,0.25,0.09,0.143,0.857,1.0,0.35
1630182,Josh Green,1610612742,DAL,23.0,57,26.4,2.75,1.58,1.18,1.6,0.05,0.7,1.63,0.54,0.32,0.86,0.633,0.367,0.0,0.33,0.33,0.32,0.12,0.0,1.0,1.0,0.389
1628404,Josh Hart,1610612752,NYK,29.0,81,33.4,4.48,1.83,2.65,1.85,0.07,0.83,1.98,0.49,0.49,0.99,0.5,0.5,0.06,0.21,0.27,0.26,0.17,0.227,0.773,0.955,0.636
1631169,Josh Minott,1610612750,MIN,21.0,25,3.1,1.0,0.68,0.32,0.6,0.0,0.08,0.16,0.08,0.08,0.16,0.5,0.5,0.0,0.04,0.04,0.04,0.04,0.0,1.0,1.0,1.0
1629006,Josh Okogie,1610612756,PHX,25.0,55,17.0,2.36,1.31,1.05,1.69,0.05,0.36,0.8,0.45,0.38,0.84,0.543,0.457,0.15,0.18,0.33,0.31,0.22,0.444,0.556,0.944,0.667
1626196,Josh Richardson,1610612748,MIA,30.0,43,25.6,3.19,1.44,1.74,1.42,0.02,0.33,0.77,0.09,0.26,0.35,0.267,0.733,0.05,0.19,0.23,0.21,0.07,0.2,0.8,0.9,0.3
1630563,Joshua Primo,1610612746,LAC,21.0,1,5.0,2.0,2.0,0.0,0.0,0.0,0.0,0.0,0.0,0.0,0.0,0.0,0.0,0.0,0.0,0.0,0.0,0.0,0.0,0.0,0.0,0.0
201950,Jrue Holiday,1610612738,BOS,34.0,69,32.8,5.06,2.38,2.68,2.25,0.09,0.49,1.25,0.36,0.39,0.75,0.481,0.519,0.06,0.67,0.72,0.67,0.25,0.08,0.92,0.958,0.354
1629308,Juan Toscano-Anderson,1610612758,SAC,31.0,7,6.2,1.43,0.71,0.71,0.29,0.0,0.14,0.29,0.29,0.14,0.43,0.667,0.333,0.14,0.43,0.57,0.57,0.14,0.25,0.75,1.0,0.25
1631262,Jules Bernard,1610612764,WAS,24.0,12,10.5,1.83,1.08,0.75,0.92,0.08,0.08,0.25,0.25,0.0,0.25,1.0,0.0,0.17,0.25,0.42,0.42,0.17,0.4,0.6,1.0,0.4
1630577,Julian Champagnie,1610612759,SAS,23.0,73,20.1,3.33,1.82,1.51,1.26,0.0,0.16,0.42,0.11,0.29,0.4,0.276,0.724,0.0,0.4,0.4,0.38,0.21,0.0,1.0,0.966,0.517
1641763,Julian Phillips,1610612741,CHI,20.0,29,10.3,1.55,0.76,0.79,0.72,0.07,0.0,0.0,0.1,0.07,0.17,0.6,0.4,0.03,0.17,0.21,0.21,0.07,0.167,0.833,1.0,0.333
1631124,Julian Strawther,1610612743,DEN,22.0,42,12.3,1.95,1.24,0.71,0.81,0.02,0.19,0.48,0.12,0.12,0.24,0.5,0.5,0.0,0.33,0.33,0.33,0.1,0.0,1.0,1.0,0.286
203944,Julius Randle,1610612752,NYK,29.0,46,35.4,5.37,2.43,2.93,1.07,0.0,1.04,2.43,0.52,0.28,0.8,0.649,0.351,0.46,0.46,0.91,0.91,0.59,0.5,0.5,1.0,0.643
1630551,Justin Champagnie,1610612764,WAS,23.0,14,16.5,3.0,1.71,1.29,0.86,0.0,0.07,0.14,0.14,0.43,0.57,0.25,0.75,0.07,0.07,0.14,0.14,0.07,0.5,0.5,1.0,0.5
203200,Justin Holiday,1610612743,DEN,35.0,49,16.9,2.16,1.22,0.94,1.39,0.0,0.06,0.14,0.12,0.24,0.37,0.333,0.667,0.0,0.16,0.16,0.16,0.04,0.0,1.0,1.0,0.25
1631303,Justin Minaya,1610612757,POR,25.0,24,14.9,2.46,1.29,1.17,1.38,0.08,0.08,0.21,0.08,0.21,0.29,0.286,0.714,0.04,0.17,0.21,0.21,0.04,0.2,0.8,1.0,0.2
203994,Jusuf Nurkić,1610612756,PHX,29.0,76,27.3,7.46,6.36,1.11,2.18,0.01,4.43,9.84,0.46,0.32,0.78,0.593,0.407,1.28,2.14,3.42,3.25,2.25,0.373,0.627,0.965,0.668
1630231,KJ Martin,1610612755,PHI,23.0,46,14.9,2.15,1.39,0.76,0.89,0.0,0.7,1.65,0.24,0.15,0.39,0.611,0.389,0.04,0.24,0.28,0.26,0.07,0.154,0.846,0.923,0.231
1626157,Karl-Anthony Towns,1610612750,MIN,28.0,62,32.7,7.4,4.71,2.69,1.34,0.02,0.97,2.15,0.45,0.35,0.81,0.56,0.44,0.31,1.03,1.34,1.26,0.87,0.229,0.771,0.975,0.675
202695,Kawhi Leonard,1610612746,LAC,33.0,68,34.3,5.41,2.9,2.51,2.82,0.04,0.49,1.09,0.56,0.63,1.19,0.469,0.531,0.04,0.74,0.78,0.74,0.28,0.057,0.943,0.943,0.358
1631099,Keegan Murray,1610612758,SAC,23.0,77,33.6,5.47,3.83,1.64,1.65,0.17,0.34,0.83,0.36,0.47,0.83,0.438,0.563,0.12,0.69,0.81,0.74,0.3,0.145,0.855,0.95,0.383
1628966,Keita Bates-Diop,1610612751,BKN,28.0,47,13.7,2.77,1.7,1.06,0.77,0.0,0.36,0.89,0.19,0.13,0.32,0.6,0.4,0.02,0.21,0.23,0.23,0.09,0.091,0.909,1.0,0.364
1629640,Keldon Johnson,1610612759,SAS,24.0,68,29.9,3.72,1.96,1.76,1.4,0.03,0.29,0.66,0.44,0.24,0.68,0.652,0.348,0.13,0.53,0.66,0.57,0.21,0.2,0.8,0.975,0.35
203482,Kelly Olynyk,1610612761,TOR,33.0,78,22.5,4.31,2.6,1.71,2.26,0.13,1.6,3.73,0.27,0.19,0.46,0.583,0.417,0.27,0.64,0.91,0.86,0.55,0.296,0.704,0.944,0.606
1626162,Kelly Oubre Jr.,1610612755,PHI,28.0,68,30.2,3.25,1.82,1.43,2.44,0.07,0.1,0.24,0.41,0.34,0.75,0.549,0.451,0.03,0.26,0.29,0.29,0.1,0.1,0.9,1.0,0.35
1631112,Kendall Brown,1610612754,IND,21.0,6,3.6,0.33,0.17,0.17,0.67,0.0,0.0,0.0,0.33,0.17,0.5,0.667,0.333,0.0,0.17,0.17,0.0,0.0,0.0,1.0,0.0,0.0
1631254,Kenneth Lofton Jr.,1610612762,UTA,21.0,17,11.4,3.12,2.0,1.12,0.71,0.06,1.29,3.18,0.24,0.06,0.29,0.8,0.2,0.29,0.29,0.59,0.59,0.35,0.5,0.5,1.0,0.6
1629026,Kenrich Williams,1610612760,OKC,29.0,68,15.0,2.19,1.29,0.9,1.15,0.19,0.69,1.57,0.1,0.25,0.35,0.292,0.708,0.19,0.49,0.68,0.68,0.34,0.283,0.717,1.0,0.5
203484,Kentavious Caldwell-Pope,1610612743,DEN,31.0,74,32.1,2.42,1.49,0.93,2.46,0.0,0.53,1.19,0.36,0.41,0.77,0.474,0.526,0.03,0.19,0.22,0.19,0.09,0.125,0.875,0.933,0.467
1631165,Keon Ellis,1610612758,SAC,24.0,51,18.6,2.9,1.59,1.31,2.04,0.0,0.2,0.53,0.33,0.29,0.63,0.531,0.469,0.0,0.22,0.22,0.22,0.02,0.0,1.0,1.0,0.091
1630553,Keon Johnson,1610612751,BKN,22.0,4,14.4,1.0,0.75,0.25,1.25,0.0,0.5,1.0,0.25,0.5,0.75,0.333,0.667,0.0,0.75,0.75,0.75,0.0,0.0,1.0,1.0,0.0
1630556,Kessler Edwards,1610612758,SAC,23.0,32,7.4,1.94,1.31,0.63,0.41,0.03,0.13,0.31,0.06,0.06,0.13,0.5,0.5,0.0,0.19,0.19,0.19,0.06,0.0,1.0,1.0,0.333
201142,Kevin Durant,1610612756,PHX,35.0,75,37.2,5.92,3.29,2.63,1.56,0.05,0.45,1.03,0.33,0.43,0.76,0.439,0.561,0.0,0.59,0.59,0.53,0.27,0.0,1.0,0.93,0.465
1628989,Kevin Huerter,1610612758,SAC,25.0,63,24.8,4.17,2.24,1.94,1.76,0.0,0.38,0.89,0.16,0.17,0.33,0.476,0.524,0.08,0.33,0.41,0.4,0.19,0.192,0.808,1.0,0.48
1628995,Kevin Knox II,1610612757,POR,24.0,29,18.9,3.34,1.76,1.59,0.62,0.0,0.21,0.48,0.24,0.17,0.41,0.583,0.417,0.07,0.38,0.45,0.45,0.17,0.154,0.846,1.0,0.385
201567,Kevin Love,1610612748,MIA,35.0,53,17.1,2.3,1.62,0.68,0.77,0.19,0.81,1.81,0.19,0.11,0.3,0.625,0.375,0.42,1.17,1.58,1.49,1.06,0.262,0.738,0.94,0.667
1630284,Kevon Harris,1610612753,ORL,27.0,2,3.0,1.0,0.5,0.5,0.0,0.0,0.0,0.0,0.0,0.5,0.5,0.0,1.0,0.0,0.0,0.0,0.0,0.0,0.0,0.0,0.0,0.0
1626172,Kevon Looney,1610612744,GSW,28.0,74,16.1,5.74,3.92,1.82,0.53,0.0,2.73,6.86,0.24,0.15,0.39,0.621,0.379,0.46,0.88,1.34,1.24,0.77,0.343,0.657,0.948,0.588
1641749,Keyontae Johnson,1610612760,OKC,24.0,6,8.2,1.33,0.67,0.67,0.17,0.0,0.0,0.0,0.17,0.0,0.17,1.0,0.0,0.0,0.0,0.0,0.0,0.0,0.0,0.0,0.0,0.0
1641718,Keyonte George,1610612762,UTA,20.0,72,27.4,2.72,0.76,1.96,0.78,0.08,0.21,0.46,0.14,0.28,0.42,0.333,0.667,0.0,0.13,0.13,0.13,0.0,0.0,1.0,1.0,0.0
203114,Khris Middleton,1610612749,MIL,32.0,55,27.0,3.2,1.51,1.69,1.84,0.05,0.25,0.64,0.35,0.31,0.65,0.528,0.472,0.05,0.53,0.58,0.56,0.24,0.094,0.906,1.0,0.419
1630165,Killian Hayes,1610612765,DET,22.0,42,24.0,3.5,2.1,1.4,1.74,0.02,0.1,0.21,0.29,0.24,0.52,0.545,0.455,0.0,0.38,0.38,0.38,0.21,0.0,1.0,1.0,0.563
1630184,Kira Lewis Jr.,1610612762,UTA,23.0,19,11.2,1.32,0.37,0.95,1.0,0.0,0.05,0.16,0.11,0.11,0.21,0.5,0.5,0.0,0.0,0.0,0.0,0.0,0.0,0.0,0.0,0.0
202691,Klay Thompson,1610612744,GSW,34.0,76,30.0,3.74,2.11,1.63,1.07,0.0,0.54,1.22,0.3,0.17,0.47,0.639,0.361,0.01,0.26,0.28,0.28,0.08,0.048,0.952,1.0,0.286
1641738,Kobe Brown,1610612746,LAC,24.0,34,10.8,1.41,0.65,0.76,0.5,0.0,0.38,0.94,0.15,0.18,0.32,0.455,0.545,0.06,0.32,0.38,0.35,0.18,0.154,0.846,0.923,0.462
1641723,Kobe Bufkin,1610612737,ATL,20.0,15,12.8,2.6,1.4,1.2,1.27,0.0,0.27,0.53,0.13,0.13,0.27,0.5,0.5,0.0,0.13,0.13,0.13,0.07,0.0,1.0,1.0,0.5
1628424,Kobi Simmons,1610612761,TOR,26.0,4,16.9,1.5,0.5,1.0,2.0,0.5,0.5,1.25,0.25,0.25,0.5,0.5,0.5,0.0,0.25,0.25,0.25,0.0,0.0,1.0,1.0,0.0
1627739,Kris Dunn,1610612762,UTA,30.0,64,19.5,2.95,1.55,1.41,2.27,0.0,0.22,0.53,0.23,0.36,0.59,0.395,0.605,0.02,0.06,0.08,0.08,0.06,0.2,0.8,1.0,0.8
1631200,Kris Murray,1610612757,POR,23.0,57,23.4,3.14,2.12,1.02,1.65,0.02,0.35,0.86,0.19,0.23,0.42,0.458,0.542,0.14,0.42,0.56,0.53,0.21,0.25,0.75,0.938,0.375
204001,Kristaps Porziņģis,1610612738,BOS,28.0,57,29.6,11.67,8.68,2.98,1.16,0.0,2.35,5.39,0.19,0.23,0.42,0.458,0.542,0.33,1.63,1.96,1.93,0.82,0.17,0.83,0.991,0.423
203937,Kyle Anderson,1610612750,MIN,30.0,79,22.6,3.61,2.01,1.59,2.0,0.0,0.75,1.78,0.15,0.14,0.29,0.522,0.478,0.06,0.3,0.37,0.35,0.15,0.172,0.828,0.966,0.414
1628398,Kyle Kuzma,1610612764,WAS,28.0,70,32.6,5.3,3.24,2.06,0.8,0.07,0.44,1.0,0.17,0.2,0.37,0.462,0.538,0.03,0.37,0.4,0.39,0.2,0.071,0.929,0.964,0.5
200768,Kyle Lowry,1610612755,PHI,38.0,60,28.2,2.95,1.22,1.73,1.93,0.32,0.6,1.37,0.23,0.33,0.57,0.412,0.588,0.02,0.33,0.35,0.35,0.1,0.048,0.952,1.0,0.286
202681,Kyrie Irving,1610612742,DAL,32.0,58,35.0,3.03,1.72,1.31,2.52,0.09,0.6,1.38,0.48,0.72,1.21,0.4,0.6,0.0,0.26,0.26,0.24,0.09,0.0,1.0,0.933,0.333
1630163,LaMelo Ball,1610612766,CHA,22.0,22,32.3,2.82,1.14,1.68,2.86,0.0,0.36,0.73,0.27,0.45,0.73,0.375,0.625,0.0,0.09,0.09,0.09,0.0,0.0,1.0,1.0,0.0
1630205,Lamar Stevens,1610612763,MEM,26.0,33,16.4,3.39,2.0,1.39,1.18,0.0,0.36,0.88,0.27,0.24,0.52,0.529,0.471,0.21,0.61,0.82,0.76,0.33,0.259,0.741,1.0,0.44
1629013,Landry Shamet,1610612764,WAS,27.0,45,15.8,2.8,1.76,1.04,1.11,0.0,0.29,0.78,0.11,0.16,0.27,0.417,0.583,0.0,0.27,0.27,0.24,0.02,0.0,1.0,0.917,0.083
1626204,Larry Nance Jr.,1610612740,NOP,31.0,61,19.9,2.95,2.05,0.9,1.77,0.16,2.11,4.72,0.15,0.23,0.38,0.391,0.609,0.28,1.54,1.82,1.69,0.69,0.153,0.847,0.936,0.382
1628374,Lauri Markkanen,1610612762,UTA,27.0,55,33.1,7.76,5.36,2.4,1.4,0.0,1.58,3.67,0.29,0.38,0.67,0.432,0.568,0.15,0.84,0.98,0.98,0.55,0.148,0.852,1.0,0.556
2544,LeBron James,1610612747,LAL,39.0,71,35.3,3.79,1.87,1.92,1.8,0.11,0.61,1.34,0.28,0.27,0.55,0.513,0.487,0.14,0.68,0.82,0.8,0.48,0.172,0.828,0.983,0.586
1641778,Leaky Black,1610612766,CHA,25.0,22,12.2,1.91,0.86,1.05,1.18,0.0,0.14,0.36,0.09,0.09,0.18,0.5,0.5,0.09,0.27,0.36,0.36,0.09,0.25,0.75,1.0,0.25
1631159,Leonard Miller,1610612750,MIN,20.0,10,3.8,0.6,0.4,0.2,0.5,0.0,0.0,0.0,0.0,0.0,0.0,0.0,0.0,0.1,0.2,0.3,0.3,0.3,0.333,0.667,1.0,1.0
1631311,Lester Quinones,1610612744,GSW,23.0,26,13.7,1.54,0.85,0.69,0.85,0.12,0.38,0.96,0.08,0.08,0.15,0.5,0.5,0.0,0.15,0.15,0.15,0.04,0.0,1.0,1.0,0.25
1629623,Lindell Wigginton,1610612749,MIL,26.0,3,2.5,1.0,0.33,0.67,0.67,0.0,0.0,0.0,0.33,0.0,0.33,1.0,0.0,0.0,0.0,0.0,0.0,0.0,0.0,0.0,0.0,0.0
1630322,Lindy Waters III,1610612760,OKC,26.0,27,9.2,2.37,1.11,1.26,0.52,0.0,0.33,0.78,0.04,0.0,0.04,1.0,0.0,0.0,0.11,0.11,0.11,0.04,0.0,1.0,1.0,0.333
1629022,Lonnie Walker IV,1610612751,BKN,25.0,51,18.5,2.27,1.16,1.12,1.04,0.0,0.08,0.2,0.04,0.29,0.33,0.118,0.882,0.0,0.1,0.1,0.1,0.04,0.0,1.0,1.0,0.4
1629652,Luguentz Dort,1610612760,OKC,25.0,79,28.4,4.24,1.71,2.53,1.67,0.05,0.76,1.66,0.29,0.56,0.85,0.343,0.657,0.18,0.41,0.58,0.51,0.22,0.304,0.696,0.909,0.386
1629029,Luka Dončić,1610612742,DAL,25.0,70,37.5,4.76,1.97,2.79,2.63,0.1,0.19,0.44,0.5,0.6,1.1,0.455,0.545,0.01,0.57,0.59,0.59,0.34,0.024,0.976,1.0,0.585
1630568,Luka Garza,1610612750,MIN,25.0,20,5.8,1.65,1.5,0.15,0.35,0.25,0.65,1.45,0.1,0.0,0.1,1.0,0.0,0.1,0.35,0.45,0.45,0.15,0.222,0.778,1.0,0.333
1629677,Luka Samanic,1610612762,UTA,24.0,30,12.3,2.1,0.83,1.27,0.57,0.03,0.37,0.9,0.1,0.0,0.1,1.0,0.0,0.23,0.1,0.33,0.33,0.27,0.7,0.3,1.0,0.8
1628379,Luke Kennard,1610612763,MEM,28.0,39,25.6,2.03,0.9,1.13,0.87,0.0,0.38,0.92,0.33,0.46,0.79,0.419,0.581,0.03,0.51,0.54,0.49,0.13,0.048,0.952,0.905,0.238
1628436,Luke Kornet,1610612738,BOS,28.0,63,15.6,6.62,4.89,1.73,0.54,0.0,1.94,4.78,0.08,0.19,0.27,0.294,0.706,0.51,0.9,1.41,1.37,0.84,0.36,0.64,0.989,0.609
1630201,Malachi Flynn,1610612765,DET,26.0,54,15.2,2.06,1.09,0.96,1.11,0.0,0.11,0.26,0.31,0.37,0.69,0.459,0.541,0.0,0.13,0.13,0.13,0.06,0.0,1.0,1.0,0.429
1631103,Malaki Branham,1610612759,SAS,21.0,72,21.8,2.19,1.11,1.08,0.56,0.0,0.15,0.35,0.25,0.21,0.46,0.545,0.455,0.0,0.11,0.11,0.11,0.0,0.0,1.0,1.0,0.0
1627763,Malcolm Brogdon,1610612757,POR,31.0,37,29.5,2.86,1.16,1.7,1.22,0.0,0.11,0.27,0.43,0.22,0.65,0.667,0.333,0.08,0.22,0.3,0.27,0.08,0.273,0.727,0.909,0.273
1627736,Malik Beasley,1610612749,MIL,27.0,78,29.6,2.92,1.51,1.41,1.41,0.03,0.27,0.64,0.13,0.24,0.37,0.345,0.655,0.01,0.21,0.22,0.21,0.05,0.059,0.941,0.941,0.235
1628370,Malik Monk,1610612758,SAC,26.0,71,26.4,3.56,1.94,1.62,1.35,0.03,0.32,0.77,0.24,0.27,0.51,0.472,0.528,0.0,0.13,0.13,0.13,0.01,0.0,1.0,1.0,0.111
1642013,Malik Williams,1610612761,TOR,25.0,7,15.2,3.29,2.14,1.14,0.29,0.0,1.86,3.86,0.0,0.14,0.14,0.0,1.0,0.29,0.57,0.86,0.86,0.57,0.333,0.667,1.0,0.667
1629603,Mamadi Diakite,1610612752,NYK,27.0,5,4.8,1.0,0.4,0.6,0.8,0.0,0.8,1.8,0.0,0.0,0.0,0.0,0.0,0.0,0.4,0.4,0.4,0.2,0.0,1.0,1.0,0.5
1641970,Maozinha Pereira,1610612763,MEM,23.0,6,20.1,3.33,1.5,1.83,1.67,0.0,0.5,1.17,0.67,0.5,1.17,0.571,0.429,0.0,1.0,1.0,1.0,0.0,0.0,1.0,1.0,0.0
1630699,MarJon Beauchamp,1610612749,MIL,23.0,40,13.9,1.9,0.88,1.03,0.9,0.03,0.05,0.1,0.13,0.15,0.28,0.455,0.545,0.03,0.23,0.25,0.25,0.08,0.1,0.9,1.0,0.3
202694,Marcus Morris Sr.,1610612739,CLE,34.0,44,18.0,1.77,1.09,0.68,0.59,0.0,0.52,1.23,0.09,0.11,0.2,0.444,0.556,0.14,0.5,0.64,0.55,0.2,0.214,0.786,0.889,0.333
1631204,Marcus Sasser,1610612765,DET,23.0,64,20.3,2.66,1.39,1.27,1.28,0.02,0.16,0.33,0.16,0.27,0.42,0.37,0.63,0.0,0.09,0.09,0.09,0.02,0.0,1.0,1.0,0.167
203935,Marcus Smart,1610612763,MEM,30.0,20,30.2,3.8,1.45,2.35,2.95,0.3,0.5,1.25,0.4,0.65,1.05,0.381,0.619,0.0,0.85,0.85,0.8,0.1,0.0,1.0,0.941,0.118
1631109,Mark Williams,1610612766,CHA,22.0,19,26.8,8.74,6.42,2.32,1.53,0.0,4.37,9.74,0.42,0.32,0.74,0.571,0.429,0.63,1.42,2.05,1.95,1.16,0.308,0.692,0.949,0.564
1628365,Markelle Fultz,1610612753,ORL,26.0,42,21.5,2.57,1.33,1.24,1.62,0.0,0.4,0.93,0.26,0.29,0.55,0.478,0.522,0.0,0.14,0.14,0.14,0.05,0.0,1.0,1.0,0.333
202693,Markieff Morris,1610612742,DAL,34.0,22,9.0,1.82,1.27,0.55,0.5,0.0,0.55,1.27,0.14,0.14,0.27,0.5,0.5,0.09,0.55,0.64,0.59,0.32,0.143,0.857,0.929,0.5
1641806,Markquis Nowell,1610612761,TOR,24.0,1,3.5,0.0,0.0,0.0,1.0,0.0,0.0,0.0,2.0,0.0,2.0,1.0,0.0,0.0,0.0,0.0,0.0,0.0,0.0,0.0,0.0,0.0
1629716,Marques Bolden,1610612766,CHA,26.0,10,12.1,3.2,2.6,0.6,0.6,0.0,1.8,4.5,0.3,0.1,0.4,0.75,0.25,0.2,0.9,1.1,1.1,0.4,0.182,0.818,1.0,0.364
1628963,Marvin Bagley III,1610612764,WAS,25.0,50,21.1,6.98,4.7,2.28,0.84,0.18,2.76,6.24,0.34,0.16,0.5,0.68,0.32,0.4,1.18,1.58,1.52,0.78,0.253,0.747,0.974,0.5
1630222,Mason Jones,1610612758,SAC,25.0,3,6.9,0.67,0.0,0.67,0.67,0.0,0.0,0.0,0.0,0.0,0.0,0.0,0.0,0.0,0.33,0.33,0.33,0.0,0.0,1.0,1.0,0.0
203486,Mason Plumlee,1610612746,LAC,34.0,44,15.1,3.39,2.73,0.66,0.91,0.09,2.05,4.75,0.2,0.23,0.43,0.474,0.526,0.34,0.5,0.84,0.84,0.64,0.405,0.595,1.0,0.757
1629680,Matisse Thybulle,1610612757,POR,27.0,65,22.9,2.49,1.22,1.28,3.38,0.02,0.45,1.18,0.12,0.32,0.45,0.276,0.724,0.0,0.15,0.15,0.15,0.03,0.0,1.0,1.0,0.2
1630562,Matt Hurt,1610612763,MEM,24.0,7,15.9,4.14,2.14,2.0,0.29,0.0,0.43,1.14,0.0,0.14,0.14,0.0,1.0,0.0,0.57,0.57,0.57,0.14,0.0,1.0,1.0,0.25
1630346,Matt Ryan,1610612740,NOP,27.0,20,17.9,3.4,1.95,1.45,0.7,0.0,0.1,0.25,0.05,0.25,0.3,0.167,0.833,0.0,0.2,0.2,0.2,0.1,0.0,1.0,1.0,0.5
1631108,Max Christie,1610612747,LAL,21.0,56,16.1,3.91,2.18,1.73,0.52,0.0,0.21,0.52,0.18,0.13,0.3,0.588,0.412,0.0,0.11,0.11,0.09,0.02,0.0,1.0,1.0,0.2
1629622,Max Strus,1610612739,CLE,28.0,70,32.0,4.87,2.59,2.29,1.66,0.07,0.76,1.7,0.21,0.31,0.53,0.405,0.595,0.07,0.34,0.41,0.4,0.2,0.172,0.828,0.966,0.483
1628467,Maxi Kleber,1610612742,DAL,32.0,43,20.3,6.6,4.63,1.98,0.65,0.09,1.51,3.56,0.19,0.16,0.35,0.533,0.467,0.21,0.95,1.16,1.07,0.28,0.18,0.82,0.939,0.245
1641721,Maxwell Lewis,1610612747,LAL,21.0,16,4.7,1.06,0.44,0.63,0.31,0.0,0.0,0.0,0.06,0.0,0.06,1.0,0.0,0.0,0.0,0.0,0.0,0.0,0.0,0.0,0.0,0.0
1630695,Micah Potter,1610612762,UTA,26.0,14,13.0,3.21,2.21,1.0,0.64,0.0,0.64,1.57,0.14,0.07,0.21,0.667,0.333,0.07,0.43,0.5,0.5,0.21,0.143,0.857,1.0,0.429
1629008,Michael Porter Jr.,1610612743,DEN,26.0,81,31.7,3.9,2.41,1.49,1.06,0.0,0.37,0.88,0.3,0.1,0.4,0.75,0.25,0.15,0.27,0.42,0.4,0.32,0.353,0.647,0.97,0.788
1628969,Mikal Bridges,1610612751,BKN,27.0,82,34.8,4.11,2.11,2.0,1.51,0.01,0.17,0.39,0.33,0.28,0.61,0.54,0.46,0.01,0.45,0.46,0.45,0.1,0.026,0.974,0.974,0.211
201144,Mike Conley,1610612750,MIN,36.0,76,28.9,2.53,1.24,1.29,2.21,0.01,0.28,0.67,0.3,0.34,0.64,0.469,0.531,0.0,0.13,0.13,0.12,0.03,0.0,1.0,1.0,0.222
203488,Mike Muscala,1610612760,OKC,33.0,49,12.2,4.14,3.12,1.02,0.45,0.0,1.24,3.08,0.12,0.04,0.16,0.75,0.25,0.16,0.65,0.82,0.76,0.33,0.2,0.8,0.925,0.4
1628970,Miles Bridges,1610612766,CHA,26.0,68,37.7,6.94,3.84,3.1,1.56,0.03,0.51,1.21,0.28,0.34,0.62,0.452,0.548,0.13,0.65,0.78,0.75,0.49,0.17,0.83,0.981,0.635
1630540,Miles McBride,1610612752,NYK,23.0,62,21.1,3.15,1.77,1.37,1.89,0.15,0.34,0.82,0.13,0.15,0.27,0.471,0.529,0.0,0.24,0.24,0.24,0.08,0.0,1.0,1.0,0.333
1629011,Mitchell Robinson,1610612752,NYK,26.0,31,24.8,6.23,4.39,1.84,1.68,0.0,3.03,7.0,0.35,0.23,0.58,0.611,0.389,1.45,1.42,2.87,2.74,1.97,0.506,0.494,0.988,0.709
1628964,Mo Bamba,1610612755,PHI,26.0,55,13.4,3.82,3.02,0.8,0.42,0.0,1.51,3.56,0.15,0.09,0.24,0.615,0.385,0.38,0.84,1.22,1.18,0.76,0.313,0.687,0.97,0.627
1628420,Monte Morris,1610612750,MIN,29.0,31,14.8,1.26,0.68,0.58,1.0,0.03,0.06,0.13,0.13,0.19,0.32,0.4,0.6,0.0,0.13,0.13,0.13,0.03,0.0,1.0,1.0,0.25
1629021,Moritz Wagner,1610612753,ORL,27.0,80,17.7,4.08,2.86,1.21,1.16,0.3,1.79,3.91,0.24,0.21,0.45,0.528,0.472,0.56,1.2,1.76,1.73,1.03,0.319,0.681,0.979,0.582
1629650,Moses Brown,1610612757,POR,24.0,20,9.7,3.5,2.85,0.65,0.3,0.0,1.0,2.35,0.05,0.05,0.1,0.5,0.5,0.4,0.3,0.7,0.6,0.4,0.571,0.429,0.857,0.571
1630541,Moses Moody,1610612744,GSW,22.0,65,17.8,2.88,1.42,1.46,1.23,0.15,0.22,0.49,0.28,0.4,0.68,0.409,0.591,0.12,0.32,0.45,0.43,0.17,0.276,0.724,0.966,0.379
1631338,Mouhamadou Gueye,1610612761,TOR,25.0,11,10.9,4.82,3.55,1.27,0.45,0.0,1.18,2.73,0.18,0.09,0.27,0.667,0.333,0.18,0.27,0.45,0.36,0.09,0.4,0.6,0.8,0.2
1631243,Mouhamed Gueye,1610612737,ATL,21.0,5,14.3,3.4,2.0,1.4,0.8,0.0,1.0,2.0,0.4,0.4,0.8,0.5,0.5,0.2,0.2,0.4,0.4,0.2,0.5,0.5,1.0,0.5
1631217,Moussa Diabaté,1610612746,LAC,22.0,10,6.4,1.8,1.2,0.6,0.5,0.0,0.5,1.1,0.2,0.1,0.3,0.667,0.333,0.6,0.2,0.8,0.7,0.6,0.75,0.25,0.875,0.75
1626167,Myles Turner,1610612754,IND,28.0,77,27.0,8.82,6.83,1.99,1.44,0.04,3.05,6.97,0.17,0.12,0.29,0.591,0.409,0.43,1.43,1.86,1.81,1.06,0.231,0.769,0.979,0.577
1630230,Naji Marshall,1610612740,NOP,26.0,65,19.3,2.94,1.45,1.49,1.51,0.02,0.26,0.58,0.22,0.17,0.38,0.56,0.44,0.02,0.48,0.49,0.43,0.2,0.031,0.969,0.875,0.406
1629642,Nassir Little,1610612756,PHX,24.0,34,12.7,2.68,1.59,1.09,0.38,0.0,0.09,0.24,0.21,0.09,0.29,0.7,0.3,0.03,0.29,0.32,0.29,0.06,0.091,0.909,1.0,0.2
1630207,Nate Hinton,1610612745,HOU,25.0,9,6.1,0.67,0.33,0.33,0.78,0.11,0.0,0.0,0.11,0.11,0.22,0.5,0.5,0.0,0.0,0.0,0.0,0.0,0.0,0.0,0.0,0.0
1631466,Nate Williams,1610612745,HOU,25.0,13,8.1,1.38,0.92,0.46,0.92,0.0,0.0,0.0,0.23,0.15,0.38,0.6,0.4,0.0,0.15,0.15,0.15,0.0,0.0,1.0,1.0,0.0
1641877,Nathan Mensah,1610612766,CHA,26.0,25,12.3,4.2,3.28,0.92,1.04,0.36,1.96,4.68,0.12,0.0,0.12,1.0,0.0,0.56,0.76,1.32,1.24,0.56,0.424,0.576,0.939,0.424
1629675,Naz Reid,1610612750,MIN,24.0,81,24.2,5.37,3.22,2.15,1.27,0.01,0.68,1.57,0.21,0.19,0.4,0.531,0.469,0.07,0.73,0.8,0.79,0.37,0.092,0.908,0.985,0.462
1629674,Neemias Queta,1610612738,BOS,24.0,27,12.2,4.33,2.85,1.48,0.63,0.0,1.56,4.04,0.37,0.11,0.48,0.769,0.231,0.56,0.78,1.33,1.19,0.74,0.417,0.583,0.914,0.571
1629651,Nic Claxton,1610612751,BKN,25.0,71,29.8,10.87,8.27,2.61,1.58,0.0,3.48,7.68,0.31,0.27,0.58,0.537,0.463,0.72,1.56,2.28,2.2,1.3,0.315,0.685,0.981,0.579
1630208,Nick Richards,1610612766,CHA,26.0,67,26.2,6.52,5.09,1.43,0.73,0.01,4.31,9.78,0.31,0.15,0.46,0.677,0.323,0.96,1.15,2.1,2.06,1.4,0.454,0.546,0.979,0.667
1641733,Nick Smith Jr.,1610612766,CHA,20.0,44,16.0,2.09,0.93,1.16,0.32,0.05,0.2,0.45,0.18,0.07,0.25,0.727,0.273,0.0,0.09,0.09,0.09,0.05,0.0,1.0,1.0,0.5
1629638,Nickeil Alexander-Walker,1610612750,MIN,25.0,82,23.4,2.93,2.1,0.83,1.91,0.06,0.23,0.6,0.23,0.26,0.49,0.475,0.525,0.04,0.43,0.46,0.41,0.1,0.079,0.921,0.944,0.222
201587,Nicolas Batum,1610612755,PHI,35.0,59,25.9,4.31,2.32,1.98,1.93,0.02,0.51,1.24,0.12,0.32,0.44,0.269,0.731,0.08,0.44,0.53,0.51,0.22,0.161,0.839,0.968,0.419
203999,Nikola Jokić,1610612743,DEN,29.0,79,34.6,7.04,4.97,2.06,3.01,0.05,4.37,10.0,0.39,0.3,0.7,0.564,0.436,0.58,1.51,2.09,2.09,1.39,0.279,0.721,1.0,0.667
1631107,Nikola Jović,1610612748,MIA,21.0,43,20.5,4.07,2.56,1.51,1.02,0.07,0.63,1.53,0.21,0.14,0.35,0.6,0.4,0.02,0.28,0.3,0.3,0.09,0.077,0.923,1.0,0.308
202696,Nikola Vučević,1610612741,CHI,33.0,76,34.3,8.21,5.33,2.88,1.8,0.01,4.17,8.89,0.28,0.22,0.5,0.553,0.447,0.7,1.54,2.24,2.16,1.45,0.312,0.688,0.976,0.655
1641730,Noah Clowney,1610612751,BKN,19.0,20,18.1,5.1,3.45,1.65,0.95,0.0,1.7,3.85,0.1,0.25,0.35,0.286,0.714,0.25,0.95,1.2,1.15,0.65,0.208,0.792,1.0,0.565
1626181,Norman Powell,1610612746,LAC,31.0,76,26.2,2.72,1.38,1.34,1.22,0.0,0.33,0.75,0.16,0.21,0.37,0.429,0.571,0.0,0.34,0.34,0.34,0.12,0.0,1.0,1.0,0.346
1628384,OG Anunoby,1610612752,NYK,26.0,50,34.0,7.12,4.72,2.4,2.6,0.0,0.36,0.82,0.36,0.24,0.6,0.6,0.4,0.02,0.96,0.98,0.96,0.36,0.02,0.98,0.98,0.367
1630167,Obi Toppin,1610612754,IND,26.0,81,21.2,3.59,2.15,1.44,1.01,0.0,0.7,1.6,0.21,0.26,0.47,0.447,0.553,0.17,0.4,0.57,0.57,0.37,0.304,0.696,1.0,0.652
1630534,Ochai Agbaji,1610612761,TOR,24.0,78,21.0,4.23,2.45,1.78,0.99,0.0,0.37,0.88,0.13,0.15,0.28,0.455,0.545,0.01,0.32,0.33,0.33,0.15,0.038,0.962,1.0,0.462
1630846,Olivier Sarr,1610612760,OKC,25.0,11,7.1,2.09,1.73,0.36,0.18,0.0,0.82,1.82,0.0,0.09,0.09,0.0,1.0,0.18,1.0,1.18,1.18,0.27,0.154,0.846,1.0,0.231
1641765,Olivier-Maxence Prosper,1610612742,DAL,21.0,28,11.1,2.04,1.21,0.82,0.25,0.04,0.11,0.21,0.21,0.11,0.32,0.667,0.333,0.04,0.64,0.68,0.68,0.21,0.053,0.947,1.0,0.316
1630209,Omer Yurtseven,1610612762,UTA,26.0,43,12.5,2.88,2.21,0.67,0.58,0.0,1.56,3.72,0.14,0.0,0.14,1.0,0.0,0.3,0.6,0.91,0.86,0.7,0.333,0.667,1.0,0.811
1641931,Onuralp Bitim,1610612741,CHI,25.0,18,14.2,2.44,0.83,1.61,0.5,0.0,0.0,0.0,0.22,0.11,0.33,0.667,0.333,0.0,0.33,0.33,0.33,0.22,0.0,1.0,1.0,0.667
1630168,Onyeka Okongwu,1610612737,ATL,23.0,55,25.5,7.87,5.42,2.45,1.25,0.0,2.98,7.04,0.35,0.25,0.6,0.576,0.424,0.47,1.29,1.76,1.65,1.05,0.268,0.732,0.958,0.611
1631115,Orlando Robinson,1610612748,MIA,23.0,31,9.6,2.97,2.52,0.45,0.52,0.0,1.35,3.1,0.13,0.06,0.19,0.667,0.333,0.19,0.58,0.77,0.71,0.39,0.25,0.75,0.917,0.5
1631131,Oscar Tshiebwe,1610612754,IND,24.0,6,6.3,0.83,0.33,0.5,0.33,0.0,0.5,1.17,0.5,0.33,0.83,0.6,0.4,0.33,0.33,0.67,0.5,0.17,0.5,0.5,0.75,0.25
1629052,Oshae Brissett,1610612738,BOS,26.0,49,12.4,1.59,0.86,0.73,0.78,0.0,0.51,1.31,0.18,0.16,0.35,0.529,0.471,0.31,0.47,0.78,0.73,0.37,0.395,0.605,0.973,0.486
203490,Otto Porter Jr.,1610612761,TOR,31.0,14,12.1,1.57,1.0,0.57,1.14,0.0,0.57,1.29,0.14,0.14,0.29,0.5,0.5,0.0,0.07,0.07,0.07,0.07,0.0,1.0,1.0,1.0
1631172,Ousmane Dieng,1610612760,OKC,21.0,30,11.5,2.6,1.53,1.07,0.27,0.0,0.53,1.2,0.07,0.17,0.23,0.286,0.714,0.0,0.2,0.2,0.2,0.1,0.0,1.0,1.0,0.5
200782,P.J. Tucker,1610612746,LAC,39.0,28,16.7,3.18,1.79,1.39,1.25,0.11,0.61,1.5,0.18,0.29,0.46,0.385,0.615,0.11,0.75,0.86,0.86,0.21,0.125,0.875,1.0,0.25
1629023,P.J. Washington,1610612742,DAL,25.0,72,30.8,6.35,3.96,2.39,2.21,0.0,1.32,3.21,0.38,0.24,0.61,0.614,0.386,0.13,0.69,0.82,0.81,0.39,0.153,0.847,0.983,0.475
1631094,Paolo Banchero,1610612753,ORL,21.0,80,35.0,5.95,3.0,2.95,1.4,0.0,0.8,1.79,0.26,0.29,0.55,0.477,0.523,0.06,0.49,0.55,0.53,0.26,0.114,0.886,1.0,0.5
1627783,Pascal Siakam,1610612754,IND,30.0,80,33.2,5.36,2.85,2.51,1.53,0.01,0.78,1.79,0.36,0.44,0.8,0.453,0.547,0.14,0.9,1.04,1.0,0.53,0.133,0.867,1.0,0.525
1626192,Pat Connaughton,1610612749,MIL,31.0,76,22.1,3.83,1.62,2.21,0.87,0.03,0.28,0.61,0.18,0.3,0.49,0.378,0.622,0.05,0.25,0.3,0.3,0.09,0.174,0.826,1.0,0.304
1630311,Pat Spencer,1610612744,GSW,27.0,2,2.2,1.0,0.5,0.5,0.0,0.0,0.0,0.0,0.0,0.0,0.0,0.0,0.0,0.0,0.0,0.0,0.0,0.0,0.0,0.0,0.0,0.0
1631116,Patrick Baldwin Jr.,1610612764,WAS,21.0,32,14.7,3.69,2.41,1.28,0.84,0.03,0.5,1.19,0.06,0.16,0.22,0.286,0.714,0.0,0.63,0.63,0.63,0.31,0.0,1.0,1.0,0.5
201976,Patrick Beverley,1610612749,MIL,35.0,70,20.5,2.37,1.09,1.29,1.36,0.09,0.29,0.67,0.2,0.3,0.5,0.4,0.6,0.01,0.07,0.09,0.09,0.0,0.167,0.833,1.0,0.0
1630172,Patrick Williams,1610612741,CHI,22.0,43,27.3,4.72,2.51,2.21,1.77,0.05,0.49,1.12,0.44,0.16,0.6,0.731,0.269,0.16,0.88,1.05,0.98,0.37,0.156,0.844,0.955,0.364
201988,Patty Mills,1610612748,MIA,35.0,27,14.4,0.96,0.33,0.63,0.93,0.11,0.37,0.81,0.26,0.33,0.59,0.438,0.563,0.0,0.19,0.19,0.19,0.0,0.0,1.0,1.0,0.0
202331,Paul George,1610612746,LAC,34.0,74,33.8,5.92,3.19,2.73,2.95,0.07,0.51,1.15,0.34,0.38,0.72,0.472,0.528,0.03,0.58,0.61,0.58,0.36,0.044,0.956,0.956,0.6
1630194,Paul Reed,1610612755,PHI,25.0,82,19.4,6.52,4.98,1.55,2.05,0.0,2.49,5.76,0.5,0.32,0.82,0.612,0.388,0.2,1.0,1.2,1.16,0.59,0.163,0.837,0.979,0.495
1630202,Payton Pritchard,1610612738,BOS,26.0,79,22.4,1.65,0.91,0.73,1.03,0.0,0.33,0.81,0.23,0.32,0.54,0.419,0.581,0.06,0.38,0.44,0.42,0.19,0.143,0.857,0.971,0.441
1631250,Pete Nance,1610612739,CLE,24.0,5,4.3,0.4,0.2,0.2,0.2,0.0,0.0,0.0,0.0,0.2,0.2,0.0,1.0,0.0,0.4,0.4,0.4,0.0,0.0,1.0,1.0,0.0
1631212,Peyton Watson,1610612743,DEN,21.0,80,18.6,5.31,3.75,1.56,1.01,0.0,0.28,0.68,0.21,0.29,0.5,0.425,0.575,0.04,0.36,0.4,0.38,0.2,0.094,0.906,0.938,0.5
1630173,Precious Achiuwa,1610612752,NYK,24.0,74,21.9,7.32,5.2,2.12,1.28,0.04,1.51,3.47,0.43,0.2,0.64,0.681,0.319,0.59,0.77,1.36,1.27,0.91,0.436,0.564,0.979,0.698
1629656,Quentin Grimes,1610612765,DET,24.0,50,20.0,2.82,1.5,1.32,1.2,0.0,0.16,0.32,0.14,0.22,0.36,0.389,0.611,0.02,0.1,0.12,0.08,0.02,0.167,0.833,0.8,0.2
1631245,Quenton Jackson,1610612754,IND,25.0,1,6.8,1.0,0.0,1.0,2.0,0.0,0.0,0.0,0.0,0.0,0.0,0.0,0.0,0.0,0.0,0.0,0.0,0.0,0.0,0.0,0.0,0.0
1630181,R.J. Hampton,1610612748,MIA,23.0,5,14.3,1.6,0.2,1.4,0.6,0.0,0.0,0.0,0.4,0.2,0.6,0.667,0.333,0.0,0.2,0.2,0.2,0.0,0.0,1.0,1.0,0.0
1629628,RJ Barrett,1610612761,TOR,24.0,57,31.8,5.67,3.19,2.47,1.46,0.04,0.32,0.72,0.44,0.26,0.7,0.625,0.375,0.09,0.4,0.49,0.47,0.28,0.179,0.821,0.964,0.571
1630564,RaiQuan Gray,1610612759,SAS,24.0,3,13.0,3.33,1.33,2.0,1.33,0.0,0.33,1.0,0.0,0.0,0.0,0.0,0.0,0.0,0.33,0.33,0.33,0.0,0.0,1.0,1.0,0.0
1641712,Rayan Rupert,1610612757,POR,20.0,33,18.0,1.91,1.06,0.85,1.0,0.0,0.15,0.3,0.15,0.0,0.15,1.0,0.0,0.0,0.27,0.27,0.27,0.06,0.0,1.0,1.0,0.222
203493,Reggie Bullock Jr.,1610612745,HOU,33.0,36,10.6,1.39,0.64,0.75,0.44,0.0,0.25,0.58,0.08,0.06,0.14,0.6,0.4,0.0,0.28,0.28,0.28,0.11,0.0,1.0,1.0,0.4
202704,Reggie Jackson,1610612743,DEN,34.0,82,22.2,3.3,1.57,1.73,1.07,0.06,0.21,0.49,0.23,0.17,0.4,0.576,0.424,0.02,0.37,0.39,0.38,0.06,0.063,0.938,0.969,0.156
1626158,Richaun Holmes,1610612764,WAS,30.0,37,14.7,3.03,2.57,0.46,0.76,0.03,1.84,4.38,0.16,0.19,0.35,0.462,0.538,0.49,0.68,1.16,1.16,0.73,0.419,0.581,1.0,0.628
1641741,Ricky Council IV,1610612755,PHI,22.0,27,10.5,0.96,0.56,0.41,0.89,0.0,0.37,0.81,0.15,0.11,0.26,0.571,0.429,0.04,0.07,0.11,0.11,0.07,0.333,0.667,1.0,0.667
203496,Robert Covington,1610612755,PHI,33.0,26,18.4,3.04,1.46,1.58,3.38,0.0,0.35,0.92,0.38,0.35,0.73,0.526,0.474,0.08,0.54,0.62,0.54,0.23,0.125,0.875,1.0,0.429
1629057,Robert Williams III,1610612757,POR,26.0,6,19.8,4.83,2.67,2.17,1.83,0.0,2.5,6.17,0.17,0.0,0.17,1.0,0.0,0.33,0.67,1.0,0.83,0.83,0.333,0.667,1.0,1.0
201577,Robin Lopez,1610612749,MIL,36.0,11,5.3,2.82,2.27,0.55,0.27,0.0,1.64,4.0,0.09,0.0,0.09,1.0,0.0,0.09,0.73,0.82,0.82,0.09,0.111,0.889,1.0,0.111
1631199,Ron Harper Jr.,1610612761,TOR,24.0,1,3.7,1.0,1.0,0.0,0.0,0.0,0.0,0.0,0.0,0.0,0.0,0.0,0.0,0.0,0.0,0.0,0.0,0.0,0.0,0.0,0.0,0.0
1626220,Royce O'Neale,1610612756,PHX,31.0,78,24.9,3.06,1.5,1.56,1.6,0.01,0.67,1.53,0.13,0.24,0.37,0.345,0.655,0.05,0.63,0.68,0.63,0.27,0.075,0.925,0.961,0.412
203497,Rudy Gobert,1610612750,MIN,32.0,76,34.1,10.97,9.28,1.7,1.63,0.01,4.76,11.43,0.24,0.16,0.39,0.6,0.4,0.93,1.89,2.83,2.78,1.91,0.33,0.67,0.995,0.684
1629060,Rui Hachimura,1610612747,LAL,26.0,68,26.8,4.49,2.72,1.76,1.28,0.03,0.38,0.9,0.24,0.26,0.5,0.471,0.529,0.16,0.84,1.0,1.0,0.62,0.162,0.838,1.0,0.618
201566,Russell Westbrook,1610612746,LAC,35.0,66,22.9,2.0,1.11,0.89,1.88,0.08,0.39,0.88,0.41,0.44,0.85,0.482,0.518,0.14,0.11,0.24,0.23,0.17,0.563,0.438,0.938,0.688
1627853,Ryan Arcidiacono,1610612752,NYK,30.0,9,3.0,0.89,0.33,0.56,0.22,0.22,0.11,0.33,0.0,0.22,0.22,0.0,1.0,0.0,0.11,0.11,0.11,0.0,0.0,1.0,1.0,0.0
1631157,Ryan Rollins,1610612749,MIL,21.0,10,7.4,1.2,0.7,0.5,1.8,0.0,0.0,0.0,0.1,0.2,0.3,0.333,0.667,0.0,0.0,0.0,0.0,0.0,0.0,0.0,0.0,0.0
1630240,Saben Lee,1610612756,PHX,25.0,15,8.5,0.67,0.2,0.47,1.07,0.0,0.27,0.6,0.33,0.13,0.47,0.714,0.286,0.0,0.07,0.07,0.07,0.07,0.0,1.0,1.0,1.0
1630180,Saddiq Bey,1610612737,ATL,25.0,63,32.7,3.27,2.06,1.21,1.41,0.0,0.59,1.38,0.43,0.32,0.75,0.574,0.426,0.16,0.37,0.52,0.52,0.37,0.303,0.697,1.0,0.697
1630573,Sam Hauser,1610612738,BOS,26.0,79,22.0,3.52,2.44,1.08,0.91,0.01,0.37,0.91,0.15,0.14,0.29,0.522,0.478,0.0,0.43,0.43,0.39,0.11,0.0,1.0,0.912,0.265
1630241,Sam Merrill,1610612739,CLE,28.0,51,19.9,2.47,1.35,1.12,0.78,0.27,0.29,0.73,0.24,0.24,0.47,0.5,0.5,0.0,0.39,0.39,0.37,0.08,0.0,1.0,0.95,0.2
1630572,Sandro Mamukelashvili,1610612759,SAS,25.0,42,10.6,2.62,1.69,0.93,0.55,0.0,0.52,1.26,0.21,0.21,0.43,0.5,0.5,0.17,0.6,0.76,0.76,0.45,0.219,0.781,1.0,0.594
1630583,Santi Aldama,1610612763,MEM,23.0,60,26.8,5.8,3.63,2.17,1.25,0.02,0.85,2.12,0.25,0.22,0.47,0.536,0.464,0.13,0.67,0.8,0.8,0.5,0.167,0.833,1.0,0.625
1628426,Sasha Vezenkov,1610612758,SAC,28.0,38,12.6,3.03,1.68,1.34,1.0,0.0,0.47,1.13,0.08,0.11,0.18,0.429,0.571,0.16,0.42,0.58,0.53,0.26,0.273,0.727,0.952,0.476
1630703,Scoot Henderson,1610612757,POR,20.0,61,28.8,2.89,0.92,1.97,1.74,0.05,0.16,0.36,0.33,0.44,0.77,0.426,0.574,0.02,0.23,0.25,0.21,0.0,0.067,0.933,0.867,0.0
1630567,Scottie Barnes,1610612761,TOR,22.0,60,34.9,7.08,4.37,2.72,2.25,0.02,0.72,1.63,0.27,0.55,0.82,0.327,0.673,0.43,1.5,1.93,1.85,1.0,0.224,0.776,0.982,0.531
1630590,Scotty Pippen Jr.,1610612763,MEM,23.0,21,25.1,2.05,0.71,1.33,3.38,0.14,0.14,0.33,0.57,0.38,0.95,0.6,0.4,0.0,0.1,0.1,0.1,0.0,0.0,1.0,1.0,0.0
203552,Seth Curry,1610612766,CHA,33.0,36,15.9,1.61,0.56,1.06,1.17,0.06,0.28,0.69,0.25,0.22,0.47,0.529,0.471,0.0,0.17,0.17,0.17,0.0,0.0,1.0,1.0,0.0
1641754,Seth Lundy,1610612737,ATL,24.0,6,7.1,1.5,1.0,0.5,0.5,0.0,0.0,0.0,0.0,0.0,0.0,0.0,0.0,0.0,0.17,0.17,0.17,0.0,0.0,1.0,1.0,0.0
1631101,Shaedon Sharpe,1610612757,POR,21.0,32,33.1,3.97,1.94,2.03,1.75,0.0,0.19,0.38,0.47,0.28,0.75,0.625,0.375,0.0,0.28,0.28,0.28,0.09,0.0,1.0,1.0,0.333
1628983,Shai Gilgeous-Alexander,1610612760,OKC,25.0,75,34.0,6.01,2.75,3.27,3.51,0.0,0.53,1.2,0.36,0.57,0.93,0.386,0.614,0.03,0.31,0.33,0.33,0.15,0.08,0.92,1.0,0.44
1629003,Shake Milton,1610612752,NYK,27.0,38,14.6,1.97,0.95,1.03,0.63,0.05,0.11,0.29,0.21,0.13,0.34,0.615,0.385,0.0,0.16,0.16,0.16,0.03,0.0,1.0,1.0,0.167
1627885,Shaquille Harrison,1610612763,MEM,30.0,2,2.2,1.0,0.5,0.5,0.5,0.0,0.0,0.0,0.0,0.0,0.0,0.0,0.0,0.0,0.5,0.5,0.5,0.5,0.0,1.0,1.0,1.0
1631321,Sidy Cissoko,1610612759,SAS,20.0,8,16.3,2.88,2.0,0.88,1.38,0.0,0.13,0.38,0.25,0.25,0.5,0.5,0.5,0.0,0.63,0.63,0.63,0.38,0.0,1.0,1.0,0.6
1631323,Simone Fontecchio,1610612765,DET,28.0,64,25.6,4.02,2.72,1.3,1.14,0.02,0.33,0.7,0.28,0.28,0.56,0.5,0.5,0.08,0.47,0.55,0.53,0.23,0.143,0.857,0.971,0.429
1630219,Skylar Mays,1610612747,LAL,26.0,30,13.9,2.17,0.87,1.3,0.8,0.0,0.03,0.1,0.23,0.2,0.43,0.538,0.462,0.0,0.23,0.23,0.23,0.07,0.0,1.0,1.0,0.286
203915,Spencer Dinwiddie,1610612747,LAL,31.0,76,28.3,3.92,2.22,1.7,1.12,0.0,0.29,0.67,0.14,0.14,0.29,0.5,0.5,0.01,0.3,0.32,0.32,0.13,0.042,0.958,1.0,0.417
1630649,Stanley Umude,1610612765,DET,25.0,20,15.0,3.75,1.75,2.0,0.8,0.0,0.05,0.15,0.25,0.25,0.5,0.5,0.5,0.0,0.15,0.15,0.15,0.1,0.0,1.0,1.0,0.667
201939,Stephen Curry,1610612744,GSW,36.0,74,32.7,4.09,1.53,2.57,1.58,0.09,1.07,2.46,0.36,0.38,0.74,0.491,0.509,0.03,0.28,0.31,0.3,0.08,0.087,0.913,0.957,0.261
1629004,Svi Mykhailiuk,1610612738,BOS,27.0,28,13.0,1.39,0.68,0.71,0.82,0.0,0.14,0.36,0.21,0.07,0.29,0.75,0.25,0.0,0.18,0.18,0.18,0.0,0.0,1.0,1.0,0.0
204456,T.J. McConnell,1610612754,IND,32.0,69,18.3,1.35,0.62,0.72,2.06,0.1,0.03,0.06,0.22,0.55,0.77,0.283,0.717,0.0,0.1,0.1,0.1,0.03,0.0,1.0,1.0,0.286
203933,T.J. Warren,1610612750,MIN,30.0,10,12.3,1.0,0.8,0.2,0.7,0.0,0.0,0.0,0.2,0.2,0.4,0.5,0.5,0.1,0.1,0.2,0.2,0.1,0.5,0.5,1.0,0.5
201959,Taj Gibson,1610612765,DET,39.0,17,11.9,2.59,1.71,0.88,0.59,0.0,2.06,4.65,0.06,0.0,0.06,1.0,0.0,0.35,0.76,1.12,1.06,0.53,0.316,0.684,0.947,0.474
1629659,Talen Horton-Tucker,1610612762,UTA,23.0,49,20.3,2.84,1.2,1.63,1.73,0.0,0.14,0.29,0.29,0.29,0.57,0.5,0.5,0.06,0.16,0.22,0.2,0.08,0.273,0.727,0.909,0.364
1631106,Tari Eason,1610612745,HOU,23.0,22,21.8,5.41,3.36,2.05,2.64,0.0,0.32,0.73,0.32,0.5,0.82,0.389,0.611,0.41,0.45,0.86,0.86,0.64,0.474,0.526,1.0,0.737
1627752,Taurean Prince,1610612747,LAL,30.0,77,27.2,3.86,2.16,1.7,1.56,0.14,0.27,0.62,0.13,0.47,0.6,0.217,0.783,0.05,0.64,0.69,0.62,0.29,0.075,0.925,0.923,0.423
1641707,Taylor Hendricks,1610612762,UTA,20.0,39,21.8,4.51,2.87,1.64,1.23,0.0,0.26,0.59,0.23,0.15,0.38,0.6,0.4,0.0,0.36,0.36,0.36,0.13,0.0,1.0,1.0,0.357
1631386,Taze Moore,1610612757,POR,26.0,3,13.0,0.33,0.0,0.33,1.0,0.0,0.33,0.67,0.33,0.67,1.0,0.333,0.667,0.0,0.0,0.0,0.0,0.0,0.0,0.0,0.0,0.0
1629611,Terance Mann,1610612746,LAC,27.0,73,25.3,2.58,1.63,0.95,0.97,0.01,0.68,1.58,0.19,0.16,0.36,0.538,0.462,0.1,0.32,0.41,0.41,0.22,0.233,0.767,1.0,0.533
1631173,Terquavion Smith,1610612755,PHI,21.0,8,8.8,1.13,0.13,1.0,0.75,0.0,0.0,0.0,0.0,0.0,0.0,0.0,0.0,0.0,0.38,0.38,0.38,0.13,0.0,1.0,1.0,0.333
1626179,Terry Rozier,1610612748,MIA,30.0,61,33.4,3.72,1.34,2.38,1.49,0.05,0.34,0.74,0.41,0.46,0.87,0.472,0.528,0.0,0.21,0.21,0.21,0.07,0.0,1.0,1.0,0.308
1630678,Terry Taylor,1610612741,CHI,24.0,22,7.9,1.77,0.86,0.91,0.45,0.0,0.73,1.55,0.14,0.05,0.18,0.75,0.25,0.23,0.23,0.45,0.45,0.27,0.5,0.5,1.0,0.6
201152,Thaddeus Young,1610612756,PHX,36.0,29,14.8,3.14,1.86,1.28,1.41,0.14,1.83,3.97,0.14,0.17,0.31,0.444,0.556,0.45,0.93,1.38,1.24,0.79,0.325,0.675,0.947,0.605
203648,Thanasis Antetokounmpo,1610612749,MIL,31.0,23,6.0,1.17,0.48,0.7,0.74,0.0,0.39,0.91,0.04,0.13,0.17,0.25,0.75,0.0,0.04,0.04,0.04,0.04,0.0,1.0,1.0,1.0
1630177,Theo Maledon,1610612756,PHX,23.0,13,15.7,2.0,0.69,1.31,0.77,0.08,0.15,0.31,0.23,0.31,0.54,0.429,0.571,0.0,0.08,0.08,0.08,0.0,0.0,1.0,1.0,0.0
1628418,Thomas Bryant,1610612748,MIA,26.0,36,12.1,3.31,2.92,0.39,0.44,0.0,1.36,3.22,0.11,0.06,0.17,0.667,0.333,0.14,1.0,1.14,1.08,0.81,0.122,0.878,0.975,0.725
203501,Tim Hardaway Jr.,1610612742,DAL,32.0,79,26.8,3.27,1.52,1.75,0.85,0.27,0.65,1.44,0.22,0.27,0.48,0.447,0.553,0.03,0.28,0.3,0.29,0.14,0.083,0.917,0.958,0.458
1641851,Timmy Allen,1610612763,MEM,24.0,5,25.1,2.2,0.2,2.0,1.2,0.0,0.0,0.0,0.6,0.0,0.6,1.0,0.0,0.0,0.8,0.8,0.8,0.0,0.0,1.0,1.0,0.0
202699,Tobias Harris,1610612755,PHI,31.0,70,33.8,4.54,2.3,2.24,1.57,0.0,0.51,1.17,0.37,0.41,0.79,0.473,0.527,0.26,1.2,1.46,1.37,0.63,0.176,0.824,0.98,0.449
1628470,Torrey Craig,1610612741,CHI,33.0,53,19.8,4.02,1.98,2.04,1.26,0.02,0.49,1.08,0.25,0.34,0.58,0.419,0.581,0.06,0.36,0.42,0.42,0.26,0.136,0.864,1.0,0.636
1641787,Tosan Evbuomwan,1610612765,DET,23.0,17,21.6,4.59,3.0,1.59,0.88,0.12,0.35,0.76,0.29,0.18,0.47,0.625,0.375,0.12,0.71,0.82,0.71,0.24,0.143,0.857,0.857,0.286
1641739,Toumani Camara,1610612757,POR,24.0,69,25.2,4.43,2.74,1.7,2.04,0.19,0.58,1.38,0.33,0.3,0.64,0.523,0.477,0.33,0.62,0.96,0.9,0.46,0.348,0.652,0.939,0.485
1629027,Trae Young,1610612737,ATL,25.0,54,36.0,2.43,0.65,1.78,2.39,0.22,0.19,0.44,0.31,0.35,0.67,0.472,0.528,0.0,0.04,0.04,0.04,0.02,0.0,1.0,1.0,0.5
1631218,Trayce Jackson-Davis,1610612744,GSW,24.0,66,17.1,6.42,4.89,1.53,0.76,0.0,2.77,6.33,0.14,0.15,0.29,0.474,0.526,0.29,0.98,1.27,1.2,0.7,0.226,0.774,0.952,0.554
1630200,Tre Jones,1610612759,SAS,24.0,76,27.9,2.58,1.61,0.97,2.24,0.11,0.38,0.99,0.3,0.49,0.79,0.383,0.617,0.0,0.12,0.12,0.12,0.04,0.0,1.0,1.0,0.333
1630544,Tre Mann,1610612766,CHA,23.0,34,28.0,3.32,1.47,1.85,2.62,0.03,0.32,0.68,0.32,0.29,0.62,0.524,0.476,0.0,0.21,0.21,0.21,0.0,0.0,1.0,1.0,0.0
1630570,Trendon Watford,1610612751,BKN,23.0,51,15.9,2.92,1.37,1.55,0.84,0.02,0.51,1.14,0.29,0.41,0.71,0.417,0.583,0.02,0.24,0.25,0.24,0.1,0.077,0.923,0.923,0.385
1630235,Trent Forrest,1610612737,ATL,26.0,32,11.4,1.28,0.56,0.72,0.88,0.06,0.25,0.56,0.09,0.16,0.25,0.375,0.625,0.0,0.16,0.16,0.16,0.09,0.0,1.0,1.0,0.6
1630243,Trevelin Queen,1610612753,ORL,27.0,12,13.0,2.58,1.92,0.67,1.33,0.0,0.17,0.42,0.17,0.17,0.33,0.5,0.5,0.0,0.0,0.0,0.0,0.0,0.0,0.0,0.0,0.0
1641998,Trey Jemison III,1610612763,MEM,24.0,23,24.9,8.04,5.65,2.39,1.26,0.0,2.78,6.22,0.57,0.3,0.87,0.65,0.35,0.43,1.04,1.48,1.35,0.83,0.294,0.706,0.912,0.559
1626168,Trey Lyles,1610612758,SAC,28.0,58,20.0,3.59,2.03,1.55,0.84,0.12,0.6,1.4,0.14,0.21,0.34,0.4,0.6,0.17,0.91,1.09,1.05,0.55,0.159,0.841,0.968,0.508
1630530,Trey Murphy III,1610612740,NOP,24.0,57,29.7,4.07,1.96,2.11,1.67,0.02,0.37,0.84,0.23,0.37,0.6,0.382,0.618,0.0,0.4,0.4,0.4,0.18,0.0,1.0,1.0,0.435
202684,Tristan Thompson,1610612739,CLE,33.0,44,12.3,3.64,2.43,1.2,0.64,0.0,1.98,4.61,0.18,0.14,0.32,0.571,0.429,0.8,0.89,1.68,1.61,0.98,0.473,0.527,0.986,0.597
1641774,Tristan Vukcevic,1610612764,WAS,21.0,9,16.7,5.33,4.33,1.0,0.56,0.11,0.78,1.78,0.11,0.22,0.33,0.333,0.667,0.11,0.67,0.78,0.78,0.11,0.143,0.857,1.0,0.143
1628972,Troy Brown Jr.,1610612765,DET,24.0,52,15.2,2.44,1.42,1.02,0.9,0.0,0.08,0.21,0.13,0.23,0.37,0.368,0.632,0.02,0.25,0.27,0.27,0.12,0.071,0.929,1.0,0.429
1629660,Ty Jerome,1610612739,CLE,26.0,1,9.3,2.0,2.0,0.0,1.0,0.0,0.0,0.0,0.0,0.0,0.0,0.0,0.0,0.0,0.0,0.0,0.0,0.0,0.0,0.0,0.0,0.0
1631102,TyTy Washington Jr.,1610612749,MIL,22.0,5,5.5,1.8,0.6,1.2,0.6,0.0,0.0,0.0,0.0,0.4,0.4,0.0,1.0,0.0,0.4,0.4,0.4,0.2,0.0,1.0,1.0,0.5
1629639,Tyler Herro,1610612748,MIA,24.0,42,33.5,3.74,1.64,2.1,1.21,0.0,0.29,0.6,0.26,0.43,0.69,0.379,0.621,0.0,0.19,0.19,0.19,0.07,0.0,1.0,1.0,0.375
1630169,Tyrese Haliburton,1610612754,IND,24.0,69,32.2,3.33,1.57,1.77,2.23,0.0,0.23,0.51,0.29,0.46,0.75,0.385,0.615,0.0,0.19,0.19,0.19,0.13,0.0,1.0,1.0,0.692
1630178,Tyrese Maxey,1610612755,PHI,23.0,69,37.7,3.2,1.48,1.72,1.61,0.04,0.17,0.38,0.29,0.67,0.96,0.303,0.697,0.0,0.57,0.57,0.52,0.12,0.0,1.0,0.947,0.211
1626145,Tyus Jones,1610612764,WAS,28.0,66,29.3,1.77,0.65,1.12,1.92,0.0,0.29,0.64,0.18,0.35,0.53,0.343,0.657,0.0,0.11,0.11,0.09,0.06,0.0,1.0,0.857,0.571
1628962,Udoka Azubuike,1610612756,PHX,24.0,16,7.1,1.88,1.44,0.44,0.31,0.0,1.31,2.88,0.06,0.0,0.06,1.0,0.0,0.06,0.25,0.31,0.25,0.13,0.2,0.8,1.0,0.5
1630586,Usman Garuba,1610612744,GSW,22.0,5,3.0,1.8,1.8,0.0,1.0,0.0,0.0,0.0,0.0,0.0,0.0,0.0,0.0,0.0,0.0,0.0,0.0,0.0,0.0,0.0,0.0,0.0
203995,Vasilije Micic,1610612766,CHA,30.0,54,20.7,0.94,0.3,0.65,1.3,0.04,0.41,0.87,0.15,0.3,0.44,0.333,0.667,0.0,0.17,0.17,0.17,0.0,0.0,1.0,1.0,0.0
1641705,Victor Wembanyama,1610612759,SAS,20.0,71,29.7,9.07,7.2,1.87,2.87,0.15,1.89,4.17,0.24,0.28,0.52,0.459,0.541,0.28,0.58,0.86,0.83,0.48,0.328,0.672,1.0,0.576
1631246,Vince Williams Jr.,1610612763,MEM,23.0,51,28.2,3.37,1.88,1.49,2.37,0.08,0.18,0.41,0.37,0.31,0.69,0.543,0.457,0.08,0.39,0.47,0.45,0.18,0.167,0.833,0.958,0.375
1630249,Vít Krejčí,1610612737,ATL,24.0,22,24.6,3.55,2.0,1.55,1.36,0.0,0.32,0.73,0.14,0.32,0.45,0.3,0.7,0.05,0.36,0.41,0.41,0.09,0.111,0.889,1.0,0.222
1631117,Walker Kessler,1610612762,UTA,22.0,64,23.3,10.42,8.59,1.83,0.75,0.02,2.27,5.33,0.19,0.06,0.25,0.75,0.25,0.55,1.13,1.67,1.63,1.06,0.327,0.673,0.981,0.642
1628976,Wendell Carter Jr.,1610612753,ORL,25.0,54,26.0,6.67,5.11,1.56,1.11,0.02,2.63,5.72,0.2,0.31,0.52,0.393,0.607,0.74,1.65,2.39,2.31,1.24,0.31,0.69,0.984,0.528
1631111,Wendell Moore Jr.,1610612750,MIN,22.0,15,3.6,0.67,0.33,0.33,0.73,0.0,0.0,0.0,0.07,0.07,0.13,0.5,0.5,0.0,0.0,0.0,0.0,0.0,0.0,0.0,0.0,0.0
1629117,Wenyen Gabriel,1610612738,BOS,27.0,5,16.2,3.6,2.4,1.2,1.2,0.0,0.8,1.8,0.8,0.2,1.0,0.8,0.2,0.4,0.8,1.2,1.2,0.8,0.333,0.667,1.0,0.667
202083,Wesley Matthews,1610612737,ATL,37.0,34,11.8,1.5,0.74,0.76,1.24,0.06,0.32,0.85,0.15,0.15,0.29,0.5,0.5,0.09,0.41,0.5,0.5,0.26,0.176,0.824,1.0,0.529
1629875,Xavier Moon,1610612746,LAC,29.0,6,15.6,1.17,0.67,0.5,1.67,0.0,0.17,0.33,0.0,0.33,0.33,0.0,1.0,0.0,0.0,0.0,0.0,0.0,0.0,0.0,0.0,0.0
1630214,Xavier Tillman,1610612738,BOS,25.0,53,18.4,6.04,4.45,1.58,1.51,0.0,1.4,3.28,0.43,0.34,0.77,0.561,0.439,0.19,0.66,0.85,0.85,0.45,0.222,0.778,1.0,0.533
1629139,Yuta Watanabe,1610612763,MEM,29.0,29,15.0,3.07,1.76,1.31,0.62,0.03,0.17,0.41,0.14,0.17,0.31,0.444,0.556,0.0,0.34,0.34,0.31,0.1,0.0,1.0,1.0,0.333
1628380,Zach Collins,1610612759,SAS,26.0,69,22.1,8.87,7.14,1.72,1.07,0.03,2.91,6.38,0.2,0.2,0.41,0.5,0.5,0.38,1.38,1.75,1.7,0.9,0.215,0.785,0.975,0.517
203897,Zach LaVine,1610612741,CHI,29.0,25,34.9,5.12,1.92,3.2,1.64,0.0,0.4,0.84,0.28,0.24,0.52,0.538,0.462,0.0,0.12,0.12,0.12,0.12,0.0,1.0,1.0,1.0
1630285,Zavier Simpson,1610612765,DET,27.0,7,23.1,3.14,1.14,2.0,1.57,0.0,0.0,0.0,0.43,0.43,0.86,0.5,0.5,0.0,0.14,0.14,0.14,0.0,0.0,1.0,1.0,0.0
1630192,Zeke Nnaji,1610612743,DEN,23.0,53,10.7,4.04,2.87,1.17,0.66,0.0,1.64,3.85,0.06,0.08,0.13,0.429,0.571,0.21,0.49,0.7,0.68,0.36,0.297,0.703,1.0,0.528
1630533,Ziaire Williams,1610612763,MEM,22.0,46,22.3,3.91,2.02,1.89,1.72,0.09,0.2,0.48,0.24,0.22,0.46,0.524,0.476,0.0,0.39,0.39,0.39,0.22,0.0,1.0,1.0,0.556
1629627,Zion Williamson,1610612740,NOP,23.0,70,31.5,4.13,1.8,2.33,2.04,0.01,0.94,2.17,0.64,0.33,0.97,0.662,0.338,0.14,0.5,0.64,0.61,0.46,0.222,0.778,0.977,0.727
