entity_id,season_year,open_cs_fg3a,open_cs_fg3m,open_cs_3_rate,open_cs_fg3_pct,off_drbl_fg3a,off_drbl_fg3m,off_drbl_fg2a,off_drbl_fg2m,off_drbl_rate,off_drbl_fg3_pct,contested_fg3a,contested_fg2a,contested_shot_rate,wide_open_fg3a,wide_open_fg3m,three_rate_sz,total_fga_sz,data_source,confidence
1713,2018,122.0,46.0,0.4404,0.377,2.0,0.0,22.0,11.0,0.0866,0.0,25.0,52.0,0.278,62.0,18.0,0.5848,277,nba_shotzone_only,low
1717,2018,262.0,107.0,0.3479,0.4084,0.0,0.0,1.0,1.0,0.0013,,62.0,39.0,0.1341,135.0,59.0,0.4462,753,nba_shotzone_only,low
1891,2018,88.0,31.0,0.5946,0.3523,2.0,1.0,6.0,4.0,0.0541,0.5,18.0,7.0,0.1689,51.0,21.0,0.7635,148,nba_shotzone_only,low
1938,2018,118.0,45.0,0.2694,0.3814,33.0,10.0,78.0,47.0,0.2534,0.303,14.0,149.0,0.3721,120.0,44.0,0.4338,438,nba_shotzone_only,low
2037,2018,132.0,51.0,0.1821,0.3864,95.0,23.0,71.0,35.0,0.229,0.2421,122.0,82.0,0.2814,61.0,22.0,0.4317,725,nba_shotzone_only,low
2199,2018,0.0,0.0,0.0,,0.0,0.0,0.0,0.0,0.0,,0.0,137.0,0.7569,0.0,0.0,0.0,181,nba_shotzone_only,low
2200,2018,119.0,43.0,0.2017,0.3613,0.0,0.0,31.0,12.0,0.0525,,1.0,251.0,0.4271,96.0,38.0,0.2034,590,nba_shotzone_only,low
2207,2018,132.0,37.0,0.3697,0.2803,3.0,0.0,68.0,38.0,0.1989,0.0,5.0,88.0,0.2605,102.0,31.0,0.4034,357,nba_shotzone_only,low
2210,2018,6.0,1.0,0.2308,0.1667,1.0,1.0,3.0,3.0,0.1538,1.0,0.0,12.0,0.4615,1.0,1.0,0.2692,26,nba_shotzone_only,low
2216,2018,140.0,49.0,0.1939,0.35,3.0,1.0,115.0,63.0,0.1634,0.3333,6.0,341.0,0.4806,105.0,40.0,0.2036,722,nba_shotzone_only,low
2225,2018,33.0,9.0,0.0902,0.2727,2.0,1.0,129.0,77.0,0.3579,0.5,1.0,136.0,0.3743,23.0,5.0,0.0984,366,nba_shotzone_only,low
2403,2018,1.0,0.0,0.0046,0.0,0.0,0.0,8.0,7.0,0.037,,1.0,154.0,0.7176,1.0,0.0,0.0093,216,nba_shotzone_only,low
2544,2018,121.0,44.0,0.0806,0.3636,215.0,75.0,461.0,321.0,0.4504,0.3488,55.0,617.0,0.4477,142.0,60.0,0.2698,1501,nba_shotzone_only,low
2546,2018,330.0,122.0,0.3061,0.3697,50.0,14.0,47.0,27.0,0.09,0.28,81.0,135.0,0.2004,191.0,80.0,0.4286,1078,nba_shotzone_only,low
2548,2018,38.0,9.0,0.0588,0.2368,36.0,11.0,129.0,69.0,0.2554,0.3056,24.0,215.0,0.37,34.0,12.0,0.1718,646,nba_shotzone_only,low
2555,2018,0.0,0.0,0.0,,0.0,0.0,1.0,1.0,0.0625,,0.0,10.0,0.625,0.0,0.0,0.0,16,nba_shotzone_only,low
2561,2018,6.0,2.0,0.0163,0.3333,0.0,0.0,14.0,6.0,0.0381,,1.0,157.0,0.4305,7.0,3.0,0.0218,367,nba_shotzone_only,low
2570,2018,0.0,0.0,0.0,,0.0,0.0,0.0,0.0,0.0,,0.0,1.0,1.0,0.0,0.0,0.0,1,nba_shotzone_only,low
2585,2018,1.0,0.0,0.0044,0.0,0.0,0.0,7.0,3.0,0.0308,,0.0,132.0,0.5815,1.0,0.0,0.0044,227,nba_shotzone_only,low
2594,2018,240.0,116.0,0.5139,0.4833,6.0,2.0,2.0,1.0,0.0171,0.3333,89.0,29.0,0.2527,124.0,61.0,0.7837,467,nba_shotzone_only,low
2617,2018,8.0,1.0,0.5333,0.125,0.0,0.0,0.0,0.0,0.0,,0.0,1.0,0.0667,6.0,1.0,0.5333,15,nba_shotzone_only,low
2730,2018,6.0,1.0,0.0072,0.1667,0.0,0.0,129.0,72.0,0.1552,,1.0,617.0,0.7437,6.0,1.0,0.0084,831,nba_shotzone_only,low
2731,2018,0.0,0.0,0.0,,0.0,0.0,1.0,0.0,0.0119,,0.0,47.0,0.5595,0.0,0.0,0.0,84,nba_shotzone_only,low
2733,2018,1.0,0.0,0.0031,0.0,0.0,0.0,25.0,10.0,0.0769,,2.0,89.0,0.28,1.0,0.0,0.0154,325,nba_shotzone_only,low
2734,2018,129.0,52.0,0.3057,0.4031,50.0,15.0,66.0,33.0,0.2749,0.3,30.0,131.0,0.3815,107.0,44.0,0.5261,422,nba_shotzone_only,low
2736,2018,0.0,0.0,0.0,,0.0,0.0,1.0,0.0,0.5,,0.0,2.0,1.0,0.0,0.0,0.0,2,nba_shotzone_only,low
2738,2018,83.0,20.0,0.2695,0.241,9.0,3.0,38.0,27.0,0.1526,0.3333,11.0,91.0,0.3312,64.0,12.0,0.3799,308,nba_shotzone_only,low
2744,2018,2.0,0.0,0.0106,0.0,0.0,0.0,15.0,8.0,0.0794,,1.0,104.0,0.5556,1.0,0.0,0.0159,189,nba_shotzone_only,low
2746,2018,0.0,0.0,0.0,,0.0,0.0,0.0,0.0,0.0,,0.0,3.0,0.75,0.0,0.0,0.0,4,nba_shotzone_only,low
2747,2018,242.0,101.0,0.4116,0.4174,23.0,8.0,55.0,29.0,0.1327,0.3478,80.0,73.0,0.2602,137.0,52.0,0.6463,588,nba_shotzone_only,low
2749,2018,68.0,24.0,0.2894,0.3529,33.0,12.0,25.0,18.0,0.2468,0.3636,9.0,31.0,0.1702,60.0,18.0,0.5277,235,nba_shotzone_only,low
2754,2018,10.0,4.0,0.125,0.4,0.0,0.0,8.0,5.0,0.1,,2.0,52.0,0.675,8.0,4.0,0.15,80,nba_shotzone_only,low
2772,2018,317.0,132.0,0.5032,0.4164,11.0,2.0,38.0,21.0,0.0778,0.1818,78.0,129.0,0.3286,223.0,93.0,0.7317,630,nba_shotzone_only,low
2863,2018,16.0,4.0,0.4103,0.25,0.0,0.0,6.0,2.0,0.1538,,1.0,11.0,0.3077,9.0,2.0,0.4615,39,nba_shotzone_only,low
101106,2018,0.0,0.0,0.0,,0.0,0.0,0.0,0.0,0.0,,0.0,17.0,0.7083,0.0,0.0,0.0,24,nba_shotzone_only,low
101107,2018,285.0,118.0,0.5278,0.414,0.0,0.0,15.0,11.0,0.0278,,12.0,143.0,0.287,188.0,86.0,0.5648,540,nba_shotzone_only,low
101108,2018,61.0,25.0,0.0782,0.4098,256.0,96.0,113.0,66.0,0.4731,0.375,58.0,83.0,0.1808,107.0,38.0,0.4808,780,nba_shotzone_only,low
101109,2018,130.0,52.0,0.2549,0.4,50.0,15.0,91.0,55.0,0.2765,0.3,23.0,95.0,0.2314,124.0,46.0,0.4392,510,nba_shotzone_only,low
101112,2018,102.0,37.0,0.4904,0.3627,0.0,0.0,7.0,6.0,0.0337,,6.0,45.0,0.2452,71.0,28.0,0.5385,208,nba_shotzone_only,low
101123,2018,165.0,67.0,0.4064,0.4061,42.0,21.0,22.0,9.0,0.1576,0.5,80.0,47.0,0.3128,99.0,45.0,0.7315,406,nba_shotzone_only,low
101127,2018,38.0,12.0,0.0909,0.3158,26.0,7.0,95.0,52.0,0.2895,0.2692,18.0,99.0,0.2799,38.0,16.0,0.201,418,nba_shotzone_only,low
101133,2018,2.0,0.0,0.009,0.0,0.0,0.0,4.0,3.0,0.0181,,0.0,182.0,0.8235,1.0,0.0,0.009,221,nba_shotzone_only,low
101139,2018,281.0,104.0,0.487,0.3701,11.0,4.0,24.0,9.0,0.0607,0.3636,135.0,77.0,0.3674,133.0,56.0,0.7747,577,nba_shotzone_only,low
101141,2018,181.0,72.0,0.3073,0.3978,4.0,0.0,9.0,7.0,0.0221,0.0,43.0,181.0,0.3803,102.0,37.0,0.4295,589,nba_shotzone_only,low
101150,2018,188.0,71.0,0.1516,0.3777,143.0,48.0,267.0,158.0,0.3306,0.3357,121.0,353.0,0.3823,149.0,55.0,0.4073,1240,nba_shotzone_only,low
101161,2018,30.0,10.0,0.1288,0.3333,0.0,0.0,7.0,3.0,0.03,,0.0,165.0,0.7082,28.0,10.0,0.1373,233,nba_shotzone_only,low
101162,2018,0.0,0.0,0.0,,0.0,0.0,21.0,8.0,0.0414,,0.0,336.0,0.6627,0.0,0.0,0.0,507,nba_shotzone_only,low
101181,2018,63.0,31.0,0.3559,0.4921,17.0,6.0,25.0,20.0,0.2373,0.3529,12.0,24.0,0.2034,48.0,25.0,0.548,177,nba_shotzone_only,low
200746,2018,74.0,23.0,0.0568,0.3108,1.0,1.0,144.0,72.0,0.1113,1.0,10.0,535.0,0.4183,65.0,20.0,0.0698,1303,nba_shotzone_only,low
200752,2018,89.0,29.0,0.1738,0.3258,13.0,3.0,80.0,40.0,0.1816,0.2308,11.0,187.0,0.3867,63.0,22.0,0.2305,512,nba_shotzone_only,low
200755,2018,242.0,111.0,0.2891,0.4587,24.0,7.0,20.0,10.0,0.0526,0.2917,105.0,70.0,0.2091,185.0,92.0,0.5352,837,nba_shotzone_only,low
200757,2018,77.0,29.0,0.3484,0.3766,1.0,0.0,22.0,12.0,0.1041,0.0,2.0,77.0,0.3575,67.0,24.0,0.3756,221,nba_shotzone_only,low
200765,2018,104.0,31.0,0.2246,0.2981,24.0,12.0,164.0,96.0,0.406,0.5,0.0,195.0,0.4212,121.0,41.0,0.324,463,nba_shotzone_only,low
200768,2018,258.0,110.0,0.2883,0.4264,167.0,70.0,152.0,93.0,0.3564,0.4192,139.0,169.0,0.3441,201.0,95.0,0.6559,895,nba_shotzone_only,low
200782,2018,288.0,109.0,0.6841,0.3785,3.0,0.0,23.0,8.0,0.0618,0.0,8.0,71.0,0.1876,228.0,84.0,0.7268,421,nba_shotzone_only,low
200794,2018,89.0,33.0,0.2225,0.3708,4.0,0.0,53.0,29.0,0.1425,0.0,7.0,155.0,0.405,65.0,26.0,0.2725,400,nba_shotzone_only,low
200826,2018,117.0,58.0,0.1757,0.4957,123.0,34.0,174.0,104.0,0.4459,0.2764,22.0,173.0,0.2928,144.0,57.0,0.47,666,nba_shotzone_only,low
201142,2018,157.0,75.0,0.1338,0.4777,135.0,43.0,105.0,64.0,0.2046,0.3185,143.0,234.0,0.3214,84.0,48.0,0.347,1173,nba_shotzone_only,low
201143,2018,204.0,85.0,0.2944,0.4167,1.0,1.0,85.0,45.0,0.1241,1.0,3.0,261.0,0.381,179.0,78.0,0.3074,693,nba_shotzone_only,low
201144,2018,25.0,9.0,0.1562,0.36,26.0,6.0,45.0,26.0,0.4438,0.2308,10.0,41.0,0.3188,31.0,11.0,0.4812,160,nba_shotzone_only,low
201145,2018,144.0,49.0,0.2483,0.3403,8.0,1.0,92.0,43.0,0.1724,0.125,10.0,274.0,0.4897,116.0,40.0,0.2931,580,nba_shotzone_only,low
201147,2018,93.0,30.0,0.3196,0.3226,2.0,0.0,40.0,20.0,0.1443,0.0,8.0,114.0,0.4192,56.0,15.0,0.378,291,nba_shotzone_only,low
201148,2018,0.0,0.0,0.0,,0.0,0.0,6.0,3.0,0.0632,,0.0,71.0,0.7474,0.0,0.0,0.0,95,nba_shotzone_only,low
201149,2018,0.0,0.0,0.0,,0.0,0.0,3.0,2.0,0.3,,0.0,10.0,1.0,0.0,0.0,0.0,10,nba_shotzone_only,low
201152,2018,165.0,54.0,0.2068,0.3273,2.0,1.0,95.0,56.0,0.1216,0.5,5.0,445.0,0.5639,148.0,46.0,0.2268,798,nba_shotzone_only,low
201156,2018,161.0,68.0,0.3361,0.4224,27.0,9.0,10.0,6.0,0.0772,0.3333,100.0,36.0,0.2839,83.0,34.0,0.6764,479,nba_shotzone_only,low
201158,2018,212.0,85.0,0.29,0.4009,28.0,10.0,20.0,7.0,0.0657,0.3571,112.0,92.0,0.2791,125.0,50.0,0.5294,731,nba_shotzone_only,low
201160,2018,29.0,2.0,0.2788,0.069,0.0,0.0,1.0,0.0,0.0096,,0.0,24.0,0.2308,23.0,1.0,0.2788,104,nba_shotzone_only,low
201162,2018,67.0,26.0,0.5726,0.3881,0.0,0.0,2.0,2.0,0.0171,,10.0,19.0,0.2479,38.0,14.0,0.6838,117,nba_shotzone_only,low
201163,2018,166.0,60.0,0.273,0.3614,14.0,4.0,105.0,57.0,0.1957,0.2857,56.0,225.0,0.4622,62.0,27.0,0.4046,608,nba_shotzone_only,low
201166,2018,13.0,8.0,0.2,0.6154,12.0,2.0,17.0,7.0,0.4462,0.1667,3.0,18.0,0.3231,13.0,6.0,0.4615,65,nba_shotzone_only,low
201167,2018,50.0,22.0,0.3247,0.44,0.0,0.0,7.0,3.0,0.0455,,12.0,21.0,0.2143,24.0,8.0,0.4481,154,nba_shotzone_only,low
201177,2018,1.0,0.0,1.0,0.0,0.0,0.0,0.0,0.0,0.0,,0.0,0.0,0.0,1.0,0.0,1.0,1,nba_shotzone_only,low
201188,2018,302.0,106.0,0.3066,0.351,1.0,0.0,44.0,23.0,0.0457,0.0,6.0,278.0,0.2883,271.0,98.0,0.3218,985,nba_shotzone_only,low
201196,2018,22.0,7.0,0.2056,0.3182,2.0,0.0,39.0,19.0,0.3832,0.0,1.0,46.0,0.4393,20.0,6.0,0.243,107,nba_shotzone_only,low
201229,2018,317.0,145.0,0.6921,0.4574,1.0,0.0,5.0,5.0,0.0131,0.0,36.0,64.0,0.2183,187.0,87.0,0.7838,458,nba_shotzone_only,low
201281,2018,8.0,5.0,0.4706,0.625,1.0,0.0,1.0,0.0,0.1176,0.0,0.0,2.0,0.1176,4.0,2.0,0.5294,17,nba_shotzone_only,low
201563,2018,63.0,25.0,0.0853,0.3968,3.0,2.0,112.0,57.0,0.1556,0.6667,7.0,399.0,0.5494,37.0,20.0,0.111,739,nba_shotzone_only,low
201565,2018,23.0,4.0,0.1353,0.1739,6.0,3.0,59.0,36.0,0.3824,0.5,2.0,76.0,0.4588,14.0,3.0,0.1765,170,nba_shotzone_only,low
201566,2018,84.0,30.0,0.0542,0.3571,156.0,45.0,444.0,278.0,0.3871,0.2885,43.0,515.0,0.36,90.0,34.0,0.2039,1550,nba_shotzone_only,low
201567,2018,274.0,119.0,0.4035,0.4343,2.0,0.0,32.0,16.0,0.0501,0.0,30.0,206.0,0.3476,197.0,96.0,0.4816,679,nba_shotzone_only,low
201568,2018,86.0,27.0,0.3568,0.314,10.0,3.0,17.0,10.0,0.112,0.3,7.0,53.0,0.249,40.0,14.0,0.4606,241,nba_shotzone_only,low
201569,2018,371.0,146.0,0.405,0.3935,82.0,21.0,151.0,107.0,0.2544,0.2561,67.0,228.0,0.3221,332.0,143.0,0.6583,916,nba_shotzone_only,low
201571,2018,138.0,63.0,0.2805,0.4565,65.0,27.0,137.0,77.0,0.4106,0.4154,34.0,144.0,0.3618,103.0,40.0,0.5366,492,nba_shotzone_only,low
201572,2018,300.0,101.0,0.3989,0.3367,1.0,1.0,27.0,14.0,0.0372,1.0,9.0,267.0,0.367,248.0,89.0,0.4215,752,nba_shotzone_only,low
201573,2018,119.0,44.0,0.4917,0.3697,2.0,2.0,11.0,8.0,0.0537,1.0,17.0,50.0,0.2769,75.0,31.0,0.5868,242,nba_shotzone_only,low
201577,2018,10.0,3.0,0.0163,0.3,0.0,0.0,19.0,9.0,0.031,,0.0,366.0,0.598,10.0,4.0,0.0196,612,nba_shotzone_only,low
201578,2018,209.0,82.0,0.6147,0.3923,0.0,0.0,4.0,1.0,0.0118,,17.0,56.0,0.2147,124.0,52.0,0.6853,340,nba_shotzone_only,low
201580,2018,4.0,0.0,0.0192,0.0,0.0,0.0,9.0,4.0,0.0433,,0.0,136.0,0.6538,2.0,0.0,0.024,208,nba_shotzone_only,low
201583,2018,312.0,122.0,0.6681,0.391,0.0,0.0,5.0,4.0,0.0107,,2.0,69.0,0.152,219.0,90.0,0.7238,467,nba_shotzone_only,low
201584,2018,202.0,86.0,0.2833,0.4257,31.0,11.0,64.0,33.0,0.1332,0.3548,23.0,137.0,0.2244,162.0,68.0,0.3773,713,nba_shotzone_only,low
201585,2018,0.0,0.0,0.0,,0.0,0.0,25.0,13.0,0.0693,,0.0,255.0,0.7064,0.0,0.0,0.0,361,nba_shotzone_only,low
201586,2018,260.0,97.0,0.3462,0.3731,5.0,1.0,21.0,13.0,0.0346,0.2,23.0,199.0,0.2956,184.0,67.0,0.3915,751,nba_shotzone_only,low
201587,2018,147.0,53.0,0.2308,0.3605,24.0,6.0,26.0,15.0,0.0785,0.25,92.0,76.0,0.2637,91.0,33.0,0.427,637,nba_shotzone_only,low
201588,2018,145.0,60.0,0.2929,0.4138,35.0,14.0,82.0,49.0,0.2364,0.4,16.0,121.0,0.2768,136.0,57.0,0.4101,495,nba_shotzone_only,low
201589,2018,22.0,8.0,0.4889,0.3636,0.0,0.0,0.0,0.0,0.0,,0.0,7.0,0.1556,19.0,8.0,0.5111,45,nba_shotzone_only,low
201596,2018,129.0,42.0,0.3146,0.3256,34.0,6.0,112.0,56.0,0.3561,0.1765,19.0,116.0,0.3293,112.0,35.0,0.4585,410,nba_shotzone_only,low
201599,2018,0.0,0.0,0.0,,0.0,0.0,13.0,2.0,0.0245,,0.0,419.0,0.7906,0.0,0.0,0.0,530,nba_shotzone_only,low
201600,2018,0.0,0.0,0.0,,0.0,0.0,1.0,0.0,0.0556,,0.0,13.0,0.7222,0.0,0.0,0.0,18,nba_shotzone_only,low
201601,2018,156.0,58.0,0.489,0.3718,1.0,1.0,27.0,19.0,0.0878,1.0,10.0,114.0,0.3887,104.0,45.0,0.5392,319,nba_shotzone_only,low
201609,2018,174.0,69.0,0.1742,0.3966,55.0,14.0,260.0,152.0,0.3153,0.2545,43.0,326.0,0.3694,95.0,34.0,0.2953,999,nba_shotzone_only,low
201628,2018,12.0,3.0,0.2143,0.25,16.0,7.0,7.0,4.0,0.4107,0.4375,0.0,5.0,0.0893,36.0,11.0,0.6964,56,nba_shotzone_only,low
201933,2018,183.0,68.0,0.1937,0.3716,63.0,19.0,234.0,131.0,0.3143,0.3016,15.0,402.0,0.4413,167.0,60.0,0.3397,945,nba_shotzone_only,low
201935,2018,109.0,37.0,0.0809,0.3394,460.0,180.0,389.0,258.0,0.6303,0.3913,232.0,388.0,0.4603,98.0,40.0,0.5264,1347,nba_shotzone_only,low
201936,2018,109.0,43.0,0.1471,0.3945,96.0,41.0,251.0,140.0,0.4683,0.4271,44.0,314.0,0.4831,103.0,45.0,0.3846,741,nba_shotzone_only,low
201937,2018,196.0,75.0,0.2503,0.3827,40.0,14.0,142.0,75.0,0.2324,0.35,7.0,141.0,0.189,197.0,73.0,0.3474,783,nba_shotzone_only,low
201939,2018,219.0,104.0,0.2601,0.4749,173.0,67.0,107.0,63.0,0.3325,0.3873,102.0,166.0,0.3183,208.0,98.0,0.5914,842,nba_shotzone_only,low
201942,2018,132.0,46.0,0.099,0.3485,63.0,17.0,309.0,189.0,0.2789,0.2698,76.0,387.0,0.3471,66.0,23.0,0.2136,1334,nba_shotzone_only,low
201943,2018,16.0,3.0,0.2319,0.1875,9.0,2.0,12.0,6.0,0.3043,0.2222,6.0,13.0,0.2754,14.0,3.0,0.4783,69,nba_shotzone_only,low
201949,2018,141.0,49.0,0.2452,0.3475,15.0,2.0,145.0,91.0,0.2783,0.1333,9.0,262.0,0.4713,133.0,47.0,0.32,575,nba_shotzone_only,low
201950,2018,160.0,65.0,0.1356,0.4062,100.0,29.0,320.0,195.0,0.3559,0.29,12.0,509.0,0.4415,211.0,77.0,0.2992,1180,nba_shotzone_only,low
201952,2018,84.0,33.0,0.1124,0.3929,106.0,34.0,296.0,174.0,0.5382,0.3208,8.0,290.0,0.3989,157.0,64.0,0.3012,747,nba_shotzone_only,low
201954,2018,128.0,61.0,0.213,0.4766,37.0,16.0,80.0,46.0,0.1947,0.4324,16.0,114.0,0.2163,123.0,62.0,0.3378,601,nba_shotzone_only,low
201956,2018,18.0,9.0,0.0923,0.5,2.0,0.0,22.0,11.0,0.1231,0.0,0.0,124.0,0.6359,19.0,9.0,0.1128,195,nba_shotzone_only,low
201959,2018,31.0,6.0,0.0457,0.1935,0.0,0.0,60.0,37.0,0.0884,,3.0,408.0,0.6053,18.0,1.0,0.0501,679,nba_shotzone_only,low
201960,2018,282.0,105.0,0.3961,0.3723,23.0,6.0,85.0,47.0,0.1517,0.2609,61.0,205.0,0.3736,138.0,52.0,0.5379,712,nba_shotzone_only,low
201961,2018,318.0,130.0,0.4697,0.4088,13.0,5.0,11.0,7.0,0.0355,0.3846,172.0,46.0,0.322,186.0,81.0,0.8419,677,nba_shotzone_only,low
201967,2018,165.0,57.0,0.4839,0.3455,1.0,0.0,0.0,0.0,0.0029,0.0,3.0,119.0,0.3578,126.0,45.0,0.4927,341,nba_shotzone_only,low
201973,2018,148.0,64.0,0.4568,0.4324,0.0,0.0,10.0,3.0,0.0309,,3.0,108.0,0.3426,134.0,58.0,0.4815,324,nba_shotzone_only,low
201975,2018,142.0,51.0,0.389,0.3592,8.0,2.0,10.0,6.0,0.0493,0.25,26.0,69.0,0.2603,103.0,39.0,0.5534,365,nba_shotzone_only,low
201976,2018,42.0,18.0,0.3717,0.4286,12.0,4.0,23.0,12.0,0.3097,0.3333,1.0,31.0,0.2832,31.0,12.0,0.531,113,nba_shotzone_only,low
201980,2018,239.0,90.0,0.4401,0.3766,16.0,2.0,34.0,19.0,0.0921,0.125,45.0,112.0,0.2891,165.0,65.0,0.5856,543,nba_shotzone_only,low
201988,2018,255.0,95.0,0.3812,0.3725,85.0,33.0,35.0,20.0,0.1794,0.3882,62.0,62.0,0.1854,204.0,82.0,0.6143,669,nba_shotzone_only,low
202066,2018,158.0,70.0,0.3465,0.443,25.0,6.0,34.0,21.0,0.1294,0.24,14.0,79.0,0.2039,122.0,52.0,0.4846,456,nba_shotzone_only,low
202083,2018,294.0,114.0,0.4375,0.3878,34.0,12.0,76.0,39.0,0.1637,0.3529,36.0,119.0,0.2307,226.0,94.0,0.5923,672,nba_shotzone_only,low
202322,2018,82.0,35.0,0.1323,0.4268,54.0,17.0,206.0,131.0,0.4194,0.3148,6.0,196.0,0.3258,77.0,26.0,0.2677,620,nba_shotzone_only,low
202323,2018,123.0,38.0,0.2204,0.3089,2.0,1.0,76.0,43.0,0.1398,0.5,1.0,117.0,0.2115,105.0,34.0,0.2312,558,nba_shotzone_only,low
202324,2018,60.0,13.0,0.091,0.2167,0.0,0.0,10.0,6.0,0.0152,,1.0,355.0,0.5402,47.0,9.0,0.0956,659,nba_shotzone_only,low
202325,2018,137.0,49.0,0.3827,0.3577,3.0,1.0,8.0,4.0,0.0307,0.3333,26.0,43.0,0.1927,89.0,35.0,0.4888,358,nba_shotzone_only,low
202326,2018,253.0,92.0,0.3147,0.3636,11.0,4.0,119.0,69.0,0.1617,0.3636,13.0,381.0,0.49,180.0,76.0,0.3644,804,nba_shotzone_only,low
202327,2018,1.0,0.0,0.0093,0.0,0.0,0.0,6.0,2.0,0.0556,,0.0,74.0,0.6852,1.0,0.0,0.0093,108,nba_shotzone_only,low
202328,2018,0.0,0.0,0.0,,0.0,0.0,52.0,28.0,0.1481,,0.0,294.0,0.8376,0.0,0.0,0.0,351,nba_shotzone_only,low
202329,2018,294.0,108.0,0.5213,0.3673,5.0,2.0,51.0,22.0,0.0993,0.4,25.0,144.0,0.2996,221.0,83.0,0.6011,564,nba_shotzone_only,low
202330,2018,1.0,0.0,0.5,0.0,0.0,0.0,0.0,0.0,0.0,,0.0,0.0,0.0,1.0,0.0,0.5,2,nba_shotzone_only,low
202331,2018,385.0,164.0,0.3051,0.426,97.0,30.0,164.0,102.0,0.2068,0.3093,87.0,245.0,0.2631,248.0,118.0,0.4731,1262,nba_shotzone_only,low
202332,2018,0.0,0.0,0.0,,0.0,0.0,0.0,0.0,0.0,,0.0,13.0,0.9286,0.0,0.0,0.0,14,nba_shotzone_only,low
202334,2018,0.0,0.0,0.0,,0.0,0.0,11.0,3.0,0.0423,,0.0,231.0,0.8885,0.0,0.0,0.0038,260,nba_shotzone_only,low
202335,2018,159.0,59.0,0.636,0.3711,0.0,0.0,12.0,8.0,0.048,,4.0,56.0,0.24,114.0,39.0,0.656,250,nba_shotzone_only,low
202337,2018,133.0,50.0,0.6786,0.3759,1.0,0.0,3.0,2.0,0.0204,0.0,0.0,10.0,0.051,104.0,44.0,0.7398,196,nba_shotzone_only,low
202339,2018,226.0,92.0,0.2397,0.4071,75.0,20.0,224.0,142.0,0.3171,0.2667,28.0,267.0,0.3128,192.0,79.0,0.3786,943,nba_shotzone_only,low
202340,2018,149.0,57.0,0.2614,0.3826,12.0,4.0,44.0,25.0,0.0982,0.3333,23.0,148.0,0.3,109.0,47.0,0.3491,570,nba_shotzone_only,low
202344,2018,29.0,6.0,0.0924,0.2069,0.0,0.0,29.0,17.0,0.0924,,1.0,212.0,0.6783,28.0,7.0,0.1051,314,nba_shotzone_only,low
202347,2018,15.0,3.0,0.3333,0.2,1.0,0.0,7.0,4.0,0.1778,0.0,6.0,15.0,0.4667,8.0,2.0,0.4889,45,nba_shotzone_only,low
202348,2018,6.0,5.0,0.24,0.8333,5.0,1.0,3.0,1.0,0.32,0.2,1.0,1.0,0.08,6.0,5.0,0.52,25,nba_shotzone_only,low
202355,2018,2.0,2.0,0.0038,1.0,0.0,0.0,21.0,13.0,0.04,,0.0,344.0,0.6552,2.0,2.0,0.0038,525,nba_shotzone_only,low
202357,2018,165.0,70.0,0.4728,0.4242,5.0,3.0,40.0,19.0,0.1289,0.6,6.0,123.0,0.3696,135.0,64.0,0.5215,349,nba_shotzone_only,low
202362,2018,136.0,44.0,0.2012,0.3235,60.0,12.0,128.0,74.0,0.2781,0.2,9.0,183.0,0.284,147.0,44.0,0.3417,676,nba_shotzone_only,low
202379,2018,0.0,0.0,0.0,,0.0,0.0,0.0,0.0,0.0,,0.0,1.0,1.0,0.0,0.0,0.0,1,nba_shotzone_only,low
202389,2018,16.0,4.0,0.1905,0.25,0.0,0.0,0.0,0.0,0.0,,0.0,55.0,0.6548,15.0,4.0,0.1905,84,nba_shotzone_only,low
202391,2018,0.0,0.0,0.0,,1.0,1.0,5.0,2.0,0.5455,1.0,1.0,5.0,0.5455,1.0,0.0,0.1818,11,nba_shotzone_only,low
202397,2018,46.0,14.0,0.0612,0.3043,31.0,10.0,271.0,162.0,0.4016,0.3226,13.0,272.0,0.379,56.0,19.0,0.1316,752,nba_shotzone_only,low
202498,2018,108.0,43.0,0.439,0.3981,0.0,0.0,7.0,5.0,0.0285,,6.0,60.0,0.2683,84.0,36.0,0.4797,246,nba_shotzone_only,low
202681,2018,139.0,58.0,0.1403,0.4173,144.0,52.0,244.0,145.0,0.3915,0.3611,122.0,292.0,0.4178,93.0,36.0,0.3885,991,nba_shotzone_only,low
202682,2018,1.0,0.0,0.5,0.0,0.0,0.0,0.0,0.0,0.0,,0.0,0.0,0.0,0.0,0.0,0.5,2,nba_shotzone_only,low
202683,2018,2.0,0.0,0.0031,0.0,0.0,0.0,71.0,41.0,0.1109,,0.0,509.0,0.7953,1.0,0.0,0.0031,640,nba_shotzone_only,low
202684,2018,0.0,0.0,0.0,,0.0,0.0,11.0,5.0,0.0509,,0.0,165.0,0.7639,0.0,0.0,0.0,216,nba_shotzone_only,low
202685,2018,71.0,29.0,0.1111,0.4085,1.0,0.0,42.0,25.0,0.0673,0.0,0.0,424.0,0.6635,69.0,30.0,0.1158,639,nba_shotzone_only,low
202687,2018,0.0,0.0,0.0,,0.0,0.0,4.0,2.0,0.013,,0.0,216.0,0.7013,0.0,0.0,0.0,308,nba_shotzone_only,low
202689,2018,196.0,81.0,0.1554,0.4133,287.0,114.0,265.0,161.0,0.4377,0.3972,141.0,272.0,0.3275,212.0,92.0,0.4687,1261,nba_shotzone_only,low
202691,2018,338.0,160.0,0.2957,0.4734,30.0,8.0,31.0,17.0,0.0534,0.2667,108.0,148.0,0.224,194.0,99.0,0.4514,1143,nba_shotzone_only,low
202692,2018,69.0,23.0,0.1774,0.3333,32.0,8.0,80.0,32.0,0.2879,0.25,17.0,130.0,0.3779,72.0,32.0,0.3625,389,nba_shotzone_only,low
202693,2018,185.0,72.0,0.2829,0.3892,0.0,0.0,36.0,21.0,0.055,,12.0,200.0,0.3242,129.0,50.0,0.315,654,nba_shotzone_only,low
202694,2018,174.0,65.0,0.3074,0.3736,11.0,3.0,44.0,18.0,0.0972,0.2727,13.0,117.0,0.2297,128.0,45.0,0.3958,566,nba_shotzone_only,low
202695,2018,17.0,5.0,0.1604,0.2941,10.0,3.0,19.0,12.0,0.2736,0.3,3.0,21.0,0.2264,16.0,8.0,0.3208,106,nba_shotzone_only,low
202696,2018,199.0,64.0,0.2478,0.3216,1.0,0.0,39.0,21.0,0.0498,0.0,1.0,291.0,0.3636,164.0,57.0,0.2503,803,nba_shotzone_only,low
202697,2018,17.0,3.0,0.3091,0.1765,5.0,4.0,3.0,1.0,0.1455,0.8,1.0,5.0,0.1091,17.0,4.0,0.4545,55,nba_shotzone_only,low
202699,2018,332.0,136.0,0.2915,0.4096,27.0,11.0,158.0,89.0,0.1624,0.4074,35.0,376.0,0.3608,201.0,92.0,0.3819,1139,nba_shotzone_only,low
202702,2018,0.0,0.0,0.0,,0.0,0.0,6.0,5.0,0.0441,,1.0,91.0,0.6765,0.0,0.0,0.0074,136,nba_shotzone_only,low
202703,2018,254.0,98.0,0.3843,0.3858,16.0,5.0,15.0,8.0,0.0469,0.3125,54.0,140.0,0.2935,124.0,54.0,0.5386,661,nba_shotzone_only,low
202704,2018,81.0,27.0,0.1475,0.3333,66.0,20.0,170.0,94.0,0.4299,0.303,15.0,162.0,0.3224,76.0,33.0,0.3042,549,nba_shotzone_only,low
202705,2018,7.0,2.0,0.0714,0.2857,15.0,11.0,22.0,15.0,0.3776,0.7333,12.0,31.0,0.4388,1.0,1.0,0.3265,98,nba_shotzone_only,low
202709,2018,146.0,56.0,0.2552,0.3836,18.0,4.0,90.0,48.0,0.1888,0.2222,11.0,108.0,0.208,113.0,46.0,0.3304,572,nba_shotzone_only,low
202710,2018,92.0,36.0,0.1048,0.3913,43.0,13.0,163.0,94.0,0.2346,0.3023,47.0,255.0,0.344,72.0,30.0,0.2267,878,nba_shotzone_only,low
202711,2018,305.0,124.0,0.388,0.4066,11.0,3.0,86.0,49.0,0.1234,0.2727,36.0,233.0,0.3422,206.0,88.0,0.4835,786,nba_shotzone_only,low
202713,2018,1.0,0.0,0.0909,0.0,0.0,0.0,1.0,0.0,0.0909,,0.0,7.0,0.6364,1.0,0.0,0.0909,11,nba_shotzone_only,low
202714,2018,72.0,30.0,0.1856,0.4167,48.0,12.0,114.0,61.0,0.4175,0.25,10.0,142.0,0.3918,86.0,33.0,0.3505,388,nba_shotzone_only,low
202718,2018,77.0,36.0,0.3453,0.4675,11.0,5.0,16.0,9.0,0.1211,0.4545,15.0,36.0,0.2287,48.0,25.0,0.5381,223,nba_shotzone_only,low
202720,2018,3.0,0.0,0.0909,0.0,0.0,0.0,0.0,0.0,0.0,,0.0,14.0,0.4242,3.0,0.0,0.0909,33,nba_shotzone_only,low
202722,2018,211.0,85.0,0.5861,0.4028,2.0,0.0,4.0,1.0,0.0167,0.0,23.0,52.0,0.2083,128.0,52.0,0.7,360,nba_shotzone_only,low
202732,2018,45.0,16.0,0.4737,0.3556,2.0,0.0,11.0,5.0,0.1368,0.0,1.0,16.0,0.1789,44.0,15.0,0.5368,95,nba_shotzone_only,low
202734,2018,245.0,104.0,0.309,0.4245,7.0,3.0,107.0,64.0,0.1438,0.4286,31.0,285.0,0.3985,155.0,71.0,0.377,793,nba_shotzone_only,low
202738,2018,57.0,18.0,0.1562,0.3158,59.0,17.0,70.0,41.0,0.3534,0.2881,56.0,75.0,0.3589,47.0,18.0,0.4904,365,nba_shotzone_only,low
202779,2018,14.0,4.0,0.0809,0.2857,22.0,10.0,44.0,24.0,0.3815,0.4545,4.0,56.0,0.3468,24.0,9.0,0.2486,173,nba_shotzone_only,low
202918,2018,2.0,0.0,0.6667,0.0,0.0,0.0,0.0,0.0,0.0,,0.0,0.0,0.0,2.0,0.0,0.6667,3,nba_shotzone_only,low
202933,2018,11.0,6.0,0.9167,0.5455,1.0,0.0,0.0,0.0,0.0833,0.0,1.0,0.0,0.0833,7.0,4.0,1.0,12,nba_shotzone_only,low
203076,2018,140.0,44.0,0.0989,0.3143,7.0,4.0,56.0,32.0,0.0445,0.5714,9.0,657.0,0.4707,119.0,40.0,0.1145,1415,nba_shotzone_only,low
203077,2018,1.0,0.0,0.002,0.0,0.0,0.0,83.0,50.0,0.1637,,0.0,245.0,0.4832,2.0,0.0,0.0039,507,nba_shotzone_only,low
203078,2018,281.0,125.0,0.1983,0.4448,110.0,34.0,226.0,136.0,0.2371,0.3091,80.0,338.0,0.295,236.0,107.0,0.3677,1417,nba_shotzone_only,low
203079,2018,97.0,36.0,0.2546,0.3711,27.0,6.0,100.0,64.0,0.3333,0.2222,29.0,110.0,0.3648,49.0,19.0,0.4357,381,nba_shotzone_only,low
203081,2018,188.0,69.0,0.143,0.367,280.0,104.0,334.0,204.0,0.4669,0.3714,184.0,338.0,0.397,164.0,67.0,0.4692,1315,nba_shotzone_only,low
203082,2018,58.0,19.0,0.3204,0.3276,5.0,2.0,10.0,5.0,0.0829,0.4,15.0,31.0,0.2541,31.0,9.0,0.4917,181,nba_shotzone_only,low
203083,2018,5.0,0.0,0.0061,0.0,4.0,0.0,68.0,32.0,0.0878,0.0,1.0,671.0,0.8195,7.0,0.0,0.0134,820,nba_shotzone_only,low
203084,2018,247.0,87.0,0.2133,0.3522,43.0,16.0,210.0,106.0,0.2185,0.3721,15.0,366.0,0.329,208.0,81.0,0.2867,1158,nba_shotzone_only,low
203085,2018,155.0,58.0,0.21,0.3742,118.0,45.0,221.0,118.0,0.4593,0.3814,27.0,272.0,0.4051,154.0,61.0,0.481,738,nba_shotzone_only,low
203086,2018,25.0,11.0,0.3205,0.44,0.0,0.0,0.0,0.0,0.0,,0.0,20.0,0.2564,20.0,9.0,0.3333,78,nba_shotzone_only,low
203087,2018,138.0,57.0,0.1734,0.413,52.0,22.0,141.0,75.0,0.2425,0.4231,50.0,240.0,0.3643,110.0,44.0,0.3178,796,nba_shotzone_only,low
203089,2018,4.0,1.0,0.0085,0.25,0.0,0.0,3.0,1.0,0.0064,,1.0,330.0,0.7073,4.0,0.0,0.0128,468,nba_shotzone_only,low
203090,2018,106.0,46.0,0.3772,0.434,2.0,0.0,25.0,13.0,0.0961,0.0,4.0,134.0,0.4911,72.0,29.0,0.4164,281,nba_shotzone_only,low
203092,2018,26.0,10.0,0.0919,0.3846,0.0,0.0,3.0,2.0,0.0106,,0.0,197.0,0.6961,24.0,9.0,0.0954,283,nba_shotzone_only,low
203095,2018,227.0,91.0,0.3003,0.4009,33.0,10.0,97.0,64.0,0.172,0.303,31.0,232.0,0.3479,156.0,70.0,0.4392,756,nba_shotzone_only,low
203101,2018,0.0,0.0,0.0,,0.0,0.0,3.0,0.0,0.0182,,0.0,128.0,0.7758,0.0,0.0,0.0,165,nba_shotzone_only,low
203104,2018,1.0,0.0,0.0625,0.0,1.0,1.0,4.0,3.0,0.3125,1.0,0.0,5.0,0.3125,2.0,1.0,0.25,16,nba_shotzone_only,low
203107,2018,89.0,46.0,0.2486,0.5169,5.0,0.0,67.0,43.0,0.2011,0.0,1.0,145.0,0.4078,78.0,41.0,0.2765,358,nba_shotzone_only,low
203109,2018,248.0,89.0,0.3924,0.3589,17.0,3.0,21.0,12.0,0.0601,0.1765,36.0,135.0,0.2706,158.0,57.0,0.5222,632,nba_shotzone_only,low
203110,2018,230.0,72.0,0.3945,0.313,9.0,4.0,51.0,32.0,0.1029,0.4444,8.0,207.0,0.3688,189.0,62.0,0.4357,583,nba_shotzone_only,low
203112,2018,258.0,95.0,0.7588,0.3682,0.0,0.0,2.0,1.0,0.0059,,13.0,35.0,0.1412,182.0,72.0,0.8176,340,nba_shotzone_only,low
203114,2018,255.0,97.0,0.2127,0.3804,57.0,18.0,100.0,53.0,0.1309,0.3158,71.0,225.0,0.2469,162.0,58.0,0.3311,1199,nba_shotzone_only,low
203115,2018,225.0,89.0,0.2376,0.3956,103.0,34.0,236.0,130.0,0.358,0.3301,51.0,352.0,0.4256,155.0,71.0,0.4361,947,nba_shotzone_only,low
203118,2018,150.0,65.0,0.2982,0.4333,1.0,0.0,14.0,10.0,0.0298,0.0,8.0,136.0,0.2863,115.0,50.0,0.3221,503,nba_shotzone_only,low
203121,2018,272.0,113.0,0.5738,0.4154,6.0,1.0,13.0,9.0,0.0401,0.1667,50.0,22.0,0.1519,164.0,71.0,0.7363,474,nba_shotzone_only,low
203124,2018,13.0,4.0,0.0385,0.3077,0.0,0.0,12.0,9.0,0.0355,,2.0,196.0,0.5858,9.0,3.0,0.0473,338,nba_shotzone_only,low
203141,2018,36.0,18.0,0.7059,0.5,0.0,0.0,1.0,0.0,0.0196,,3.0,5.0,0.1569,17.0,11.0,0.7843,51,nba_shotzone_only,low
203145,2018,171.0,72.0,0.2706,0.4211,37.0,9.0,110.0,51.0,0.2326,0.2432,16.0,180.0,0.3101,167.0,72.0,0.4288,632,nba_shotzone_only,low
203186,2018,0.0,0.0,0.0,,0.0,0.0,3.0,2.0,0.028,,1.0,73.0,0.6916,1.0,1.0,0.0187,107,nba_shotzone_only,low
203200,2018,295.0,109.0,0.3928,0.3695,20.0,4.0,35.0,15.0,0.0732,0.2,63.0,96.0,0.2117,189.0,76.0,0.5952,751,nba_shotzone_only,low
203210,2018,120.0,43.0,0.2691,0.3583,0.0,0.0,15.0,8.0,0.0336,,1.0,196.0,0.4417,70.0,22.0,0.2758,446,nba_shotzone_only,low
203382,2018,21.0,3.0,0.0522,0.1429,0.0,0.0,6.0,3.0,0.0149,,0.0,206.0,0.5124,19.0,3.0,0.0522,402,nba_shotzone_only,low
203457,2018,0.0,0.0,0.0,,0.0,0.0,0.0,0.0,0.0,,1.0,60.0,0.6354,0.0,0.0,0.0104,96,nba_shotzone_only,low
203458,2018,3.0,1.0,0.009,0.3333,0.0,0.0,6.0,4.0,0.0179,,0.0,259.0,0.7731,2.0,1.0,0.009,335,nba_shotzone_only,low
203459,2018,327.0,133.0,0.4214,0.4067,15.0,5.0,22.0,16.0,0.0477,0.3333,141.0,91.0,0.299,176.0,67.0,0.6572,776,nba_shotzone_only,low
203460,2018,31.0,7.0,0.2214,0.2258,0.0,0.0,2.0,1.0,0.0143,,4.0,74.0,0.5571,29.0,6.0,0.25,140,nba_shotzone_only,low
203463,2018,109.0,45.0,0.307,0.4128,8.0,1.0,19.0,9.0,0.0761,0.125,24.0,103.0,0.3577,81.0,35.0,0.4423,355,nba_shotzone_only,low
203464,2018,41.0,14.0,0.3388,0.3415,2.0,0.0,10.0,6.0,0.0992,0.0,8.0,41.0,0.405,27.0,6.0,0.4463,121,nba_shotzone_only,low
203468,2018,201.0,88.0,0.1438,0.4378,143.0,49.0,268.0,160.0,0.294,0.3427,108.0,326.0,0.3104,159.0,71.0,0.3333,1398,nba_shotzone_only,low
203469,2018,3.0,2.0,0.0222,0.6667,0.0,0.0,2.0,1.0,0.0148,,0.0,95.0,0.7037,3.0,2.0,0.0222,135,nba_shotzone_only,low
203471,2018,129.0,35.0,0.1271,0.2713,83.0,27.0,310.0,194.0,0.3872,0.3253,10.0,331.0,0.336,141.0,43.0,0.2512,1015,nba_shotzone_only,low
203473,2018,128.0,49.0,0.2795,0.3828,0.0,0.0,7.0,3.0,0.0153,,12.0,164.0,0.3843,85.0,35.0,0.3079,458,nba_shotzone_only,low
203476,2018,54.0,17.0,0.1504,0.3148,1.0,1.0,7.0,2.0,0.0223,1.0,1.0,90.0,0.2535,48.0,16.0,0.1699,359,nba_shotzone_only,low
203477,2018,28.0,11.0,0.224,0.3929,27.0,7.0,37.0,21.0,0.512,0.2593,12.0,42.0,0.432,27.0,10.0,0.528,125,nba_shotzone_only,low
203481,2018,10.0,2.0,0.6667,0.2,0.0,0.0,0.0,0.0,0.0,,0.0,3.0,0.2,8.0,2.0,0.6667,15,nba_shotzone_only,low
203482,2018,241.0,94.0,0.4106,0.39,6.0,4.0,35.0,28.0,0.0698,0.6667,6.0,176.0,0.3101,230.0,93.0,0.4668,587,nba_shotzone_only,low
203484,2018,267.0,114.0,0.3486,0.427,43.0,11.0,45.0,27.0,0.1149,0.2558,64.0,141.0,0.2676,205.0,90.0,0.5248,766,nba_shotzone_only,low
203485,2018,10.0,1.0,0.303,0.1,1.0,1.0,5.0,4.0,0.1818,1.0,0.0,5.0,0.1515,10.0,2.0,0.3636,33,nba_shotzone_only,low
203486,2018,1.0,0.0,0.003,0.0,0.0,0.0,32.0,19.0,0.0947,,0.0,265.0,0.784,1.0,0.0,0.003,338,nba_shotzone_only,low
203487,2018,50.0,12.0,0.2294,0.24,5.0,2.0,63.0,23.0,0.3119,0.4,1.0,94.0,0.4358,47.0,13.0,0.2706,218,nba_shotzone_only,low
203488,2018,160.0,61.0,0.5298,0.3812,0.0,0.0,1.0,0.0,0.0033,,4.0,73.0,0.255,132.0,53.0,0.5464,302,nba_shotzone_only,low
203489,2018,0.0,0.0,0.0,,0.0,0.0,0.0,0.0,0.0,,0.0,2.0,0.4,0.0,0.0,0.0,5,nba_shotzone_only,low
203490,2018,253.0,111.0,0.2928,0.4387,12.0,7.0,40.0,22.0,0.0602,0.5833,20.0,212.0,0.2685,160.0,68.0,0.36,864,nba_shotzone_only,low
203493,2018,221.0,101.0,0.43,0.457,5.0,4.0,13.0,8.0,0.035,0.8,26.0,116.0,0.2763,151.0,69.0,0.5409,514,nba_shotzone_only,low
203496,2018,372.0,142.0,0.4733,0.3817,4.0,1.0,21.0,12.0,0.0318,0.25,134.0,130.0,0.3359,167.0,63.0,0.6832,786,nba_shotzone_only,low
203497,2018,0.0,0.0,0.0,,0.0,0.0,6.0,4.0,0.0153,,0.0,321.0,0.8189,0.0,0.0,0.0,392,nba_shotzone_only,low
203498,2018,24.0,6.0,0.1387,0.25,1.0,1.0,36.0,20.0,0.2139,1.0,0.0,105.0,0.6069,20.0,4.0,0.1561,173,nba_shotzone_only,low
203499,2018,57.0,24.0,0.2893,0.4211,18.0,6.0,35.0,24.0,0.269,0.3333,1.0,47.0,0.2437,50.0,19.0,0.4213,197,nba_shotzone_only,low
203500,2018,1.0,0.0,0.0015,0.0,0.0,0.0,21.0,13.0,0.0322,,0.0,504.0,0.773,1.0,0.0,0.0031,652,nba_shotzone_only,low
203501,2018,237.0,84.0,0.2948,0.3544,51.0,15.0,91.0,51.0,0.1766,0.2941,61.0,195.0,0.3184,124.0,50.0,0.495,804,nba_shotzone_only,low
203503,2018,247.0,100.0,0.619,0.4049,3.0,0.0,22.0,14.0,0.0627,0.0,7.0,73.0,0.2005,180.0,71.0,0.6566,399,nba_shotzone_only,low
203504,2018,55.0,22.0,0.1471,0.4,25.0,7.0,65.0,40.0,0.2406,0.28,21.0,70.0,0.2433,42.0,18.0,0.2754,374,nba_shotzone_only,low
203505,2018,2.0,0.0,0.4,0.0,0.0,0.0,2.0,1.0,0.4,,0.0,3.0,0.6,2.0,0.0,0.4,5,nba_shotzone_only,low
203506,2018,192.0,76.0,0.1535,0.3958,150.0,56.0,256.0,188.0,0.3245,0.3733,64.0,303.0,0.2934,133.0,48.0,0.3421,1251,nba_shotzone_only,low
203507,2018,86.0,30.0,0.0667,0.3488,20.0,4.0,265.0,174.0,0.2211,0.2,8.0,624.0,0.4903,102.0,34.0,0.1063,1289,nba_shotzone_only,low
203512,2018,17.0,5.0,0.2237,0.2941,0.0,0.0,0.0,0.0,0.0,,2.0,44.0,0.6053,15.0,5.0,0.25,76,nba_shotzone_only,low
203516,2018,128.0,45.0,0.3556,0.3516,2.0,0.0,28.0,14.0,0.0833,0.0,10.0,116.0,0.35,88.0,31.0,0.4194,360,nba_shotzone_only,low
203518,2018,189.0,82.0,0.6949,0.4339,5.0,0.0,8.0,4.0,0.0478,0.0,15.0,29.0,0.1618,111.0,44.0,0.7831,272,nba_shotzone_only,low
203521,2018,60.0,24.0,0.4225,0.4,9.0,3.0,26.0,13.0,0.2465,0.3333,3.0,23.0,0.1831,48.0,15.0,0.5352,142,nba_shotzone_only,low
203524,2018,18.0,3.0,0.4737,0.1667,1.0,0.0,4.0,3.0,0.1316,0.0,3.0,14.0,0.4474,13.0,2.0,0.5526,38,nba_shotzone_only,low
203526,2018,32.0,17.0,0.2353,0.5312,4.0,1.0,41.0,23.0,0.3309,0.25,2.0,50.0,0.3824,37.0,17.0,0.3382,136,nba_shotzone_only,low
203530,2018,3.0,0.0,0.0176,0.0,0.0,0.0,18.0,9.0,0.1059,,1.0,131.0,0.7765,4.0,0.0,0.0294,170,nba_shotzone_only,low
203546,2018,138.0,45.0,0.3,0.3261,25.0,9.0,52.0,28.0,0.1674,0.36,4.0,114.0,0.2565,153.0,55.0,0.4109,460,nba_shotzone_only,low
203580,2018,7.0,3.0,0.2917,0.4286,1.0,0.0,6.0,1.0,0.2917,0.0,0.0,5.0,0.2083,7.0,3.0,0.375,24,nba_shotzone_only,low
203584,2018,271.0,117.0,0.4848,0.4317,22.0,7.0,9.0,5.0,0.0555,0.3182,97.0,36.0,0.2379,130.0,59.0,0.805,559,nba_shotzone_only,low
203585,2018,31.0,13.0,0.4366,0.4194,2.0,1.0,7.0,5.0,0.1268,0.5,2.0,19.0,0.2958,22.0,9.0,0.493,71,nba_shotzone_only,low
203613,2018,143.0,50.0,0.2052,0.3497,23.0,4.0,189.0,114.0,0.3042,0.1739,12.0,304.0,0.4534,100.0,31.0,0.2841,697,nba_shotzone_only,low
203687,2018,1.0,1.0,0.5,1.0,1.0,0.0,0.0,0.0,0.5,0.0,1.0,0.0,0.5,1.0,1.0,1.0,2,nba_shotzone_only,low
203705,2018,11.0,6.0,0.2558,0.5455,5.0,1.0,3.0,0.0,0.186,0.2,1.0,5.0,0.1395,19.0,8.0,0.5116,43,nba_shotzone_only,low
203710,2018,52.0,13.0,0.2796,0.25,6.0,3.0,21.0,15.0,0.1452,0.5,8.0,50.0,0.3118,43.0,13.0,0.414,186,nba_shotzone_only,low
203816,2018,0.0,0.0,0.0,,0.0,0.0,1.0,0.0,1.0,,0.0,0.0,0.0,0.0,0.0,0.0,1,nba_shotzone_only,low
203894,2018,118.0,53.0,0.2389,0.4492,55.0,17.0,77.0,37.0,0.2672,0.3091,28.0,94.0,0.247,93.0,40.0,0.4332,494,nba_shotzone_only,low
203897,2018,36.0,11.0,0.1158,0.3056,40.0,19.0,84.0,43.0,0.3987,0.475,22.0,110.0,0.4244,38.0,17.0,0.373,311,nba_shotzone_only,low
203898,2018,32.0,9.0,0.16,0.2812,15.0,3.0,75.0,42.0,0.45,0.2,5.0,93.0,0.49,34.0,11.0,0.265,200,nba_shotzone_only,low
203900,2018,3.0,0.0,0.4286,0.0,2.0,1.0,1.0,0.0,0.4286,0.5,0.0,1.0,0.1429,1.0,0.0,0.7143,7,nba_shotzone_only,low
203901,2018,71.0,25.0,0.117,0.3521,12.0,4.0,298.0,175.0,0.5107,0.3333,5.0,340.0,0.5684,58.0,16.0,0.1499,607,nba_shotzone_only,low
203903,2018,182.0,72.0,0.202,0.3956,53.0,12.0,206.0,121.0,0.2875,0.2264,53.0,266.0,0.3541,130.0,55.0,0.3507,901,nba_shotzone_only,low
203914,2018,278.0,114.0,0.3244,0.4101,31.0,12.0,97.0,62.0,0.1494,0.3871,24.0,237.0,0.3046,163.0,71.0,0.4492,857,nba_shotzone_only,low
203915,2018,171.0,64.0,0.2235,0.3743,123.0,31.0,199.0,108.0,0.4209,0.252,84.0,196.0,0.366,129.0,50.0,0.5477,765,nba_shotzone_only,low
203917,2018,59.0,25.0,0.396,0.4237,13.0,5.0,23.0,10.0,0.2416,0.3846,5.0,25.0,0.2013,51.0,24.0,0.6711,149,nba_shotzone_only,low
203918,2018,198.0,74.0,0.2712,0.3737,57.0,21.0,102.0,51.0,0.2178,0.3684,62.0,163.0,0.3082,132.0,56.0,0.4562,730,nba_shotzone_only,low
203920,2018,0.0,0.0,0.0,,0.0,0.0,2.0,2.0,0.0171,,0.0,77.0,0.6581,0.0,0.0,0.0,117,nba_shotzone_only,low
203922,2018,33.0,14.0,0.4125,0.4242,0.0,0.0,5.0,1.0,0.0625,,0.0,19.0,0.2375,27.0,11.0,0.425,80,nba_shotzone_only,low
203923,2018,8.0,2.0,0.5714,0.25,0.0,0.0,0.0,0.0,0.0,,2.0,2.0,0.2857,4.0,1.0,0.7143,14,nba_shotzone_only,low
203924,2018,103.0,30.0,0.2543,0.2913,0.0,0.0,39.0,19.0,0.0963,,0.0,227.0,0.5605,92.0,24.0,0.2691,405,nba_shotzone_only,low
203925,2018,255.0,114.0,0.4489,0.4471,6.0,3.0,57.0,44.0,0.1109,0.5,57.0,154.0,0.3715,143.0,66.0,0.6109,568,nba_shotzone_only,low
203926,2018,180.0,85.0,0.3805,0.4722,3.0,0.0,7.0,2.0,0.0211,0.0,15.0,141.0,0.3298,105.0,51.0,0.4397,473,nba_shotzone_only,low
203930,2018,95.0,33.0,0.343,0.3474,31.0,10.0,43.0,21.0,0.2671,0.3226,9.0,70.0,0.2852,73.0,22.0,0.5199,277,nba_shotzone_only,low
203932,2018,223.0,89.0,0.275,0.3991,53.0,9.0,91.0,49.0,0.1776,0.1698,22.0,221.0,0.2996,209.0,80.0,0.4155,811,nba_shotzone_only,low
203933,2018,75.0,20.0,0.0743,0.2667,3.0,0.0,134.0,78.0,0.1358,0.0,7.0,465.0,0.4678,53.0,15.0,0.0892,1009,nba_shotzone_only,low
203935,2018,150.0,45.0,0.3158,0.3,45.0,9.0,91.0,44.0,0.2863,0.2,38.0,124.0,0.3411,113.0,32.0,0.4947,475,nba_shotzone_only,low
203937,2018,49.0,18.0,0.1204,0.3673,2.0,1.0,73.0,42.0,0.1843,0.5,4.0,214.0,0.5356,42.0,16.0,0.1376,407,nba_shotzone_only,low
203939,2018,76.0,27.0,0.1881,0.3553,0.0,0.0,11.0,7.0,0.0272,,3.0,229.0,0.5743,69.0,25.0,0.2054,404,nba_shotzone_only,low
203940,2018,3.0,2.0,0.3,0.6667,0.0,0.0,0.0,0.0,0.0,,0.0,2.0,0.2,2.0,1.0,0.3,10,nba_shotzone_only,low
203943,2018,47.0,17.0,0.2271,0.3617,1.0,0.0,25.0,10.0,0.1256,0.0,6.0,95.0,0.4879,32.0,11.0,0.285,207,nba_shotzone_only,low
203944,2018,34.0,9.0,0.0432,0.2647,3.0,0.0,189.0,118.0,0.244,0.0,3.0,598.0,0.7637,32.0,7.0,0.0572,787,nba_shotzone_only,low
203948,2018,38.0,13.0,0.2317,0.3421,0.0,0.0,8.0,3.0,0.0488,,3.0,46.0,0.2988,25.0,7.0,0.2622,164,nba_shotzone_only,low
203949,2018,7.0,2.0,1.0,0.2857,0.0,0.0,0.0,0.0,0.0,,0.0,0.0,0.0,3.0,1.0,1.0,7,nba_shotzone_only,low
203952,2018,249.0,89.0,0.2016,0.3574,38.0,14.0,174.0,103.0,0.1717,0.3684,31.0,423.0,0.3676,181.0,59.0,0.2729,1235,nba_shotzone_only,low
203953,2018,62.0,26.0,0.1987,0.4194,7.0,1.0,45.0,28.0,0.1667,0.1429,5.0,127.0,0.4231,43.0,18.0,0.2564,312,nba_shotzone_only,low
203954,2018,183.0,57.0,0.1896,0.3115,2.0,1.0,78.0,43.0,0.0829,0.5,9.0,352.0,0.3741,164.0,54.0,0.2155,965,nba_shotzone_only,low
203957,2018,15.0,4.0,0.1807,0.2667,2.0,1.0,44.0,25.0,0.5542,0.5,0.0,53.0,0.6386,15.0,4.0,0.2169,83,nba_shotzone_only,low
203960,2018,8.0,4.0,0.1067,0.5,0.0,0.0,8.0,5.0,0.1067,,2.0,46.0,0.64,6.0,4.0,0.1333,75,nba_shotzone_only,low
203961,2018,0.0,0.0,0.0,,0.0,0.0,5.0,3.0,0.0446,,0.0,78.0,0.6964,0.0,0.0,0.0,112,nba_shotzone_only,low
203962,2018,104.0,31.0,0.6118,0.2981,0.0,0.0,2.0,1.0,0.0118,,8.0,41.0,0.2882,65.0,23.0,0.6588,170,nba_shotzone_only,low
203966,2018,61.0,27.0,0.7722,0.4426,0.0,0.0,2.0,1.0,0.0253,,1.0,8.0,0.1139,42.0,18.0,0.7848,79,nba_shotzone_only,low
203967,2018,361.0,149.0,0.4381,0.4127,3.0,0.0,48.0,30.0,0.0619,0.0,24.0,262.0,0.3471,210.0,92.0,0.4757,824,nba_shotzone_only,low
203991,2018,0.0,0.0,0.0,,0.0,0.0,15.0,8.0,0.0246,,0.0,498.0,0.8164,0.0,0.0,0.0,610,nba_shotzone_only,low
203992,2018,186.0,77.0,0.2541,0.414,52.0,18.0,111.0,63.0,0.2227,0.3462,55.0,148.0,0.2773,116.0,53.0,0.444,732,nba_shotzone_only,low
203994,2018,6.0,0.0,0.0068,0.0,0.0,0.0,81.0,33.0,0.0924,,0.0,609.0,0.6944,6.0,0.0,0.008,877,nba_shotzone_only,low
203998,2018,17.0,3.0,0.5667,0.1765,0.0,0.0,1.0,1.0,0.0333,,0.0,8.0,0.2667,10.0,2.0,0.5667,30,nba_shotzone_only,low
203999,2018,223.0,88.0,0.2357,0.3946,8.0,2.0,120.0,69.0,0.1353,0.25,33.0,413.0,0.4715,107.0,40.0,0.2928,946,nba_shotzone_only,low
204001,2018,200.0,87.0,0.237,0.435,2.0,0.0,29.0,13.0,0.0367,0.0,16.0,210.0,0.2678,108.0,50.0,0.2701,844,nba_shotzone_only,low
204020,2018,284.0,107.0,0.4303,0.3768,6.0,1.0,70.0,44.0,0.1152,0.1667,14.0,153.0,0.253,184.0,65.0,0.4788,660,nba_shotzone_only,low
204022,2018,0.0,0.0,0.0,,0.0,0.0,0.0,0.0,0.0,,0.0,19.0,0.8636,0.0,0.0,0.0,22,nba_shotzone_only,low
204025,2018,30.0,10.0,0.1911,0.3333,12.0,4.0,25.0,12.0,0.2357,0.3333,9.0,32.0,0.2611,31.0,10.0,0.3503,157,nba_shotzone_only,low
204028,2018,8.0,1.0,0.0684,0.125,1.0,0.0,4.0,2.0,0.0427,0.0,0.0,87.0,0.7436,11.0,1.0,0.094,117,nba_shotzone_only,low
204037,2018,39.0,14.0,0.5909,0.359,0.0,0.0,0.0,0.0,0.0,,0.0,0.0,0.0,31.0,15.0,0.6667,66,nba_shotzone_only,low
204038,2018,153.0,54.0,0.4622,0.3529,12.0,5.0,10.0,3.0,0.0665,0.4167,36.0,32.0,0.2054,78.0,29.0,0.6465,331,nba_shotzone_only,low
204060,2018,344.0,161.0,0.4957,0.468,42.0,18.0,75.0,47.0,0.1686,0.4286,19.0,132.0,0.2176,297.0,141.0,0.6671,694,nba_shotzone_only,low
204065,2018,0.0,0.0,0.0,,2.0,2.0,0.0,0.0,1.0,1.0,0.0,0.0,0.0,2.0,2.0,1.0,2,nba_shotzone_only,low
204066,2018,24.0,7.0,0.4211,0.2917,3.0,2.0,2.0,0.0,0.0877,0.6667,5.0,9.0,0.2456,20.0,7.0,0.6316,57,nba_shotzone_only,low
204067,2018,1.0,0.0,0.5,0.0,0.0,0.0,0.0,0.0,0.0,,0.0,0.0,0.0,2.0,0.0,1.0,2,nba_shotzone_only,low
204098,2018,1.0,0.0,0.1667,0.0,0.0,0.0,0.0,0.0,0.0,,0.0,1.0,0.1667,1.0,0.0,0.3333,6,nba_shotzone_only,low
204179,2018,11.0,4.0,0.55,0.3636,0.0,0.0,0.0,0.0,0.0,,1.0,4.0,0.25,5.0,3.0,0.6,20,nba_shotzone_only,low
204456,2018,51.0,24.0,0.1339,0.4706,5.0,0.0,103.0,62.0,0.2835,0.0,1.0,127.0,0.336,53.0,26.0,0.1601,381,nba_shotzone_only,low
1626143,2018,2.0,0.0,0.0161,0.0,0.0,0.0,24.0,16.0,0.1935,,1.0,84.0,0.6855,2.0,0.0,0.0323,124,nba_shotzone_only,low
1626144,2018,81.0,27.0,0.1709,0.3333,28.0,8.0,103.0,48.0,0.2764,0.2857,14.0,142.0,0.3291,69.0,26.0,0.3038,474,nba_shotzone_only,low
1626145,2018,105.0,42.0,0.3387,0.4,13.0,2.0,73.0,41.0,0.2774,0.1538,4.0,99.0,0.3323,87.0,33.0,0.4161,310,nba_shotzone_only,low
1626147,2018,85.0,30.0,0.457,0.3529,3.0,1.0,8.0,4.0,0.0591,0.3333,6.0,57.0,0.3387,52.0,15.0,0.5376,186,nba_shotzone_only,low
1626148,2018,1.0,1.0,1.0,1.0,0.0,0.0,0.0,0.0,0.0,,0.0,0.0,0.0,1.0,1.0,1.0,1,nba_shotzone_only,low
1626149,2018,3.0,0.0,0.006,0.0,1.0,0.0,71.0,43.0,0.1434,0.0,1.0,398.0,0.7948,4.0,0.0,0.0139,502,nba_shotzone_only,low
1626150,2018,84.0,27.0,0.2105,0.3214,31.0,9.0,118.0,77.0,0.3734,0.2903,10.0,130.0,0.3509,82.0,31.0,0.3559,399,nba_shotzone_only,low
1626151,2018,35.0,7.0,0.5072,0.2,1.0,0.0,7.0,3.0,0.1159,0.0,2.0,10.0,0.1739,31.0,7.0,0.6232,69,nba_shotzone_only,low
1626153,2018,102.0,42.0,0.2519,0.4118,22.0,7.0,151.0,86.0,0.4272,0.3182,9.0,195.0,0.5037,114.0,47.0,0.3728,405,nba_shotzone_only,low
1626154,2018,6.0,1.0,0.3,0.1667,5.0,2.0,2.0,0.0,0.35,0.4,0.0,5.0,0.25,8.0,1.0,0.7,20,nba_shotzone_only,low
1626155,2018,53.0,8.0,0.2208,0.1509,3.0,0.0,23.0,12.0,0.1083,0.0,3.0,121.0,0.5167,48.0,8.0,0.25,240,nba_shotzone_only,low
1626156,2018,138.0,50.0,0.2126,0.3623,77.0,27.0,156.0,83.0,0.359,0.3506,49.0,174.0,0.3436,95.0,41.0,0.4237,649,nba_shotzone_only,low
1626157,2018,263.0,114.0,0.2376,0.4335,1.0,0.0,61.0,31.0,0.056,0.0,10.0,580.0,0.533,198.0,90.0,0.2575,1107,nba_shotzone_only,low
1626158,2018,26.0,4.0,0.1171,0.1538,0.0,0.0,2.0,1.0,0.009,,2.0,129.0,0.5901,27.0,4.0,0.1351,222,nba_shotzone_only,low
1626159,2018,118.0,45.0,0.2682,0.3814,3.0,0.0,93.0,54.0,0.2182,0.0,2.0,210.0,0.4818,102.0,40.0,0.2841,440,nba_shotzone_only,low
1626161,2018,8.0,3.0,0.0114,0.375,0.0,0.0,65.0,28.0,0.0923,,0.0,450.0,0.6392,9.0,3.0,0.017,704,nba_shotzone_only,low
1626162,2018,302.0,106.0,0.4171,0.351,15.0,8.0,83.0,40.0,0.1354,0.5333,21.0,223.0,0.337,202.0,76.0,0.5014,724,nba_shotzone_only,low
1626163,2018,253.0,97.0,0.3737,0.3834,1.0,0.0,50.0,30.0,0.0753,0.0,8.0,213.0,0.3264,206.0,85.0,0.4032,677,nba_shotzone_only,low
1626164,2018,146.0,54.0,0.1472,0.3699,125.0,44.0,180.0,94.0,0.3075,0.352,95.0,249.0,0.3468,106.0,40.0,0.3831,992,nba_shotzone_only,low
1626166,2018,37.0,18.0,0.2022,0.4865,24.0,9.0,29.0,18.0,0.2896,0.375,9.0,38.0,0.2568,48.0,24.0,0.4809,183,nba_shotzone_only,low
1626167,2018,149.0,54.0,0.2431,0.3624,2.0,1.0,7.0,5.0,0.0147,0.5,1.0,182.0,0.2985,138.0,53.0,0.2545,613,nba_shotzone_only,low
1626168,2018,173.0,71.0,0.3327,0.4104,5.0,0.0,45.0,22.0,0.0962,0.0,23.0,199.0,0.4269,109.0,42.0,0.4173,520,nba_shotzone_only,low
1626169,2018,192.0,62.0,0.3671,0.3229,12.0,2.0,97.0,57.0,0.2084,0.1667,13.0,142.0,0.2964,144.0,48.0,0.4417,523,nba_shotzone_only,low
1626170,2018,81.0,32.0,0.1663,0.3951,64.0,20.0,102.0,54.0,0.3409,0.3125,35.0,101.0,0.2793,71.0,26.0,0.386,487,nba_shotzone_only,low
1626171,2018,205.0,73.0,0.2789,0.3561,1.0,0.0,64.0,44.0,0.0884,0.0,5.0,316.0,0.4367,131.0,51.0,0.2939,735,nba_shotzone_only,low
1626172,2018,3.0,1.0,0.0176,0.3333,0.0,0.0,13.0,8.0,0.0765,,1.0,122.0,0.7235,3.0,1.0,0.0294,170,nba_shotzone_only,low
1626173,2018,32.0,13.0,0.5926,0.4062,0.0,0.0,4.0,0.0,0.0741,,2.0,11.0,0.2407,23.0,11.0,0.6852,54,nba_shotzone_only,low
1626175,2018,15.0,2.0,0.1974,0.1333,0.0,0.0,5.0,4.0,0.0658,,0.0,48.0,0.6316,14.0,2.0,0.2105,76,nba_shotzone_only,low
1626177,2018,0.0,0.0,0.0,,0.0,0.0,2.0,1.0,0.0606,,0.0,25.0,0.7576,0.0,0.0,0.0,33,nba_shotzone_only,low
1626178,2018,47.0,10.0,0.0734,0.2128,0.0,0.0,107.0,53.0,0.1672,,3.0,303.0,0.4781,41.0,10.0,0.0797,640,nba_shotzone_only,low
1626179,2018,198.0,78.0,0.2665,0.3939,97.0,37.0,115.0,62.0,0.2853,0.3814,46.0,171.0,0.2921,190.0,72.0,0.5222,743,nba_shotzone_only,low
1626181,2018,139.0,43.0,0.3971,0.3094,18.0,4.0,75.0,41.0,0.2657,0.2222,15.0,111.0,0.36,83.0,24.0,0.5171,350,nba_shotzone_only,low
1626185,2018,91.0,32.0,0.2004,0.3516,1.0,0.0,38.0,20.0,0.0859,0.0,3.0,175.0,0.3921,68.0,24.0,0.2137,454,nba_shotzone_only,low
1626188,2018,54.0,26.0,0.2318,0.4815,18.0,8.0,30.0,16.0,0.206,0.4444,10.0,42.0,0.2232,55.0,24.0,0.4378,233,nba_shotzone_only,low
1626191,2018,8.0,1.0,0.1951,0.125,0.0,0.0,1.0,0.0,0.0244,,0.0,17.0,0.4146,6.0,0.0,0.1951,41,nba_shotzone_only,low
1626192,2018,172.0,61.0,0.4699,0.3547,7.0,4.0,25.0,11.0,0.0874,0.5714,19.0,90.0,0.2978,90.0,27.0,0.5628,366,nba_shotzone_only,low
1626195,2018,12.0,5.0,0.08,0.4167,0.0,0.0,7.0,3.0,0.0467,,0.0,109.0,0.7267,10.0,5.0,0.08,150,nba_shotzone_only,low
1626196,2018,292.0,114.0,0.348,0.3904,9.0,2.0,134.0,78.0,0.1704,0.2222,25.0,209.0,0.2789,157.0,62.0,0.3969,839,nba_shotzone_only,low
1626199,2018,5.0,0.0,0.2941,0.0,0.0,0.0,3.0,2.0,0.1765,,0.0,6.0,0.3529,1.0,0.0,0.3529,17,nba_shotzone_only,low
1626202,2018,48.0,19.0,0.2743,0.3958,10.0,4.0,38.0,23.0,0.2743,0.4,4.0,44.0,0.2743,39.0,16.0,0.3714,175,nba_shotzone_only,low
1626203,2018,88.0,38.0,0.4231,0.4318,2.0,1.0,17.0,10.0,0.0913,0.5,2.0,56.0,0.2788,67.0,30.0,0.4519,208,nba_shotzone_only,low
1626204,2018,10.0,2.0,0.0253,0.2,0.0,0.0,7.0,6.0,0.0177,,0.0,227.0,0.5747,11.0,2.0,0.0304,395,nba_shotzone_only,low
1626205,2018,0.0,0.0,0.0,,0.0,0.0,1.0,0.0,0.2,,0.0,3.0,0.6,0.0,0.0,0.0,5,nba_shotzone_only,low
1626209,2018,219.0,70.0,0.3756,0.3196,12.0,5.0,74.0,42.0,0.1475,0.4167,26.0,173.0,0.3413,137.0,42.0,0.458,583,nba_shotzone_only,low
1626210,2018,0.0,0.0,0.0,,0.0,0.0,1.0,1.0,0.0667,,0.0,9.0,0.6,0.0,0.0,0.0,15,nba_shotzone_only,low
1626220,2018,93.0,33.0,0.3563,0.3548,9.0,3.0,54.0,28.0,0.2414,0.3333,1.0,91.0,0.3525,104.0,38.0,0.4483,261,nba_shotzone_only,low
1626224,2018,76.0,29.0,0.4176,0.3816,4.0,2.0,21.0,15.0,0.1374,0.5,3.0,44.0,0.2582,68.0,29.0,0.478,182,nba_shotzone_only,low
1626242,2018,0.0,0.0,0.0,,0.0,0.0,0.0,0.0,0.0,,0.0,1.0,1.0,0.0,0.0,0.0,1,nba_shotzone_only,low
1626245,2018,1.0,0.0,0.0053,0.0,0.0,0.0,10.0,4.0,0.0529,,0.0,134.0,0.709,1.0,0.0,0.0053,189,nba_shotzone_only,low
1626246,2018,0.0,0.0,0.0,,0.0,0.0,4.0,1.0,0.0305,,0.0,97.0,0.7405,0.0,0.0,0.0,131,nba_shotzone_only,low
1626257,2018,1.0,0.0,0.0082,0.0,0.0,0.0,4.0,4.0,0.0328,,2.0,97.0,0.8115,1.0,0.0,0.0246,122,nba_shotzone_only,low
1626259,2018,20.0,8.0,0.7143,0.4,1.0,0.0,0.0,0.0,0.0357,0.0,0.0,5.0,0.1786,16.0,8.0,0.75,28,nba_shotzone_only,low
1626643,2018,1.0,0.0,0.5,0.0,0.0,0.0,0.0,0.0,0.0,,0.0,0.0,0.0,1.0,0.0,0.5,2,nba_shotzone_only,low
1626780,2018,6.0,3.0,0.2609,0.5,2.0,1.0,4.0,4.0,0.2609,0.5,2.0,5.0,0.3043,3.0,1.0,0.5217,23,nba_shotzone_only,low
1627098,2018,68.0,32.0,0.2586,0.4706,21.0,9.0,35.0,16.0,0.2129,0.4286,15.0,46.0,0.2319,52.0,23.0,0.4677,263,nba_shotzone_only,low
1627215,2018,0.0,0.0,0.0,,0.0,0.0,2.0,1.0,0.3333,,0.0,4.0,0.6667,1.0,1.0,0.1667,6,nba_shotzone_only,low
1627362,2018,3.0,1.0,0.075,0.3333,5.0,2.0,13.0,6.0,0.45,0.4,0.0,16.0,0.4,11.0,4.0,0.275,40,nba_shotzone_only,low
1627732,2018,7.0,0.0,0.0075,0.0,2.0,0.0,401.0,231.0,0.4324,0.0,2.0,570.0,0.6137,6.0,0.0,0.0118,932,nba_shotzone_only,low
1627733,2018,305.0,112.0,0.663,0.3672,1.0,1.0,22.0,7.0,0.05,1.0,11.0,96.0,0.2326,225.0,77.0,0.6978,460,nba_shotzone_only,low
1627734,2018,34.0,12.0,0.0556,0.3529,1.0,1.0,44.0,25.0,0.0735,1.0,0.0,382.0,0.6242,33.0,11.0,0.0572,612,nba_shotzone_only,low
1627735,2018,4.0,4.0,0.2,1.0,1.0,0.0,7.0,7.0,0.4,0.0,0.0,8.0,0.4,5.0,4.0,0.25,20,nba_shotzone_only,low
1627736,2018,68.0,23.0,0.4096,0.3382,3.0,1.0,9.0,7.0,0.0723,0.3333,9.0,50.0,0.3554,36.0,13.0,0.494,166,nba_shotzone_only,low
1627737,2018,182.0,55.0,0.4184,0.3022,1.0,0.0,21.0,12.0,0.0506,0.0,3.0,147.0,0.3448,166.0,50.0,0.4322,435,nba_shotzone_only,low
1627738,2018,0.0,0.0,0.0,,0.0,0.0,0.0,0.0,0.0,,0.0,139.0,0.5451,0.0,0.0,0.0,255,nba_shotzone_only,low
1627739,2018,72.0,22.0,0.1163,0.3056,37.0,11.0,194.0,100.0,0.3732,0.2973,3.0,197.0,0.3231,101.0,34.0,0.21,619,nba_shotzone_only,low
1627740,2018,54.0,18.0,0.3776,0.3333,0.0,0.0,21.0,10.0,0.1469,,2.0,49.0,0.3566,31.0,11.0,0.4196,143,nba_shotzone_only,low
1627741,2018,223.0,112.0,0.254,0.5022,78.0,26.0,84.0,52.0,0.1845,0.3333,27.0,154.0,0.2062,219.0,103.0,0.4533,878,nba_shotzone_only,low
1627742,2018,83.0,31.0,0.1189,0.3735,4.0,1.0,165.0,97.0,0.2421,0.25,15.0,292.0,0.4398,57.0,23.0,0.149,698,nba_shotzone_only,low
1627743,2018,4.0,0.0,0.2667,0.0,1.0,1.0,7.0,5.0,0.5333,1.0,0.0,8.0,0.5333,3.0,1.0,0.4,15,nba_shotzone_only,low
1627744,2018,1.0,0.0,0.0263,0.0,0.0,0.0,2.0,1.0,0.0526,,0.0,21.0,0.5526,1.0,0.0,0.0263,38,nba_shotzone_only,low
1627745,2018,0.0,0.0,0.0,,0.0,0.0,0.0,0.0,0.0,,0.0,11.0,0.5789,0.0,0.0,0.0,19,nba_shotzone_only,low
1627746,2018,45.0,16.0,0.1039,0.3556,1.0,0.0,20.0,13.0,0.0485,0.0,3.0,221.0,0.5173,35.0,12.0,0.1178,433,nba_shotzone_only,low
1627747,2018,150.0,56.0,0.2249,0.3733,53.0,14.0,175.0,87.0,0.3418,0.2642,3.0,260.0,0.3943,161.0,55.0,0.3583,667,nba_shotzone_only,low
1627748,2018,92.0,29.0,0.3151,0.3152,0.0,0.0,1.0,1.0,0.0034,,6.0,89.0,0.3253,66.0,22.0,0.3425,292,nba_shotzone_only,low
1627749,2018,33.0,9.0,0.0588,0.2727,0.0,0.0,167.0,92.0,0.2977,,0.0,264.0,0.4706,30.0,9.0,0.0588,561,nba_shotzone_only,low
1627750,2018,245.0,105.0,0.2467,0.4286,104.0,32.0,159.0,91.0,0.2649,0.3077,39.0,260.0,0.3011,244.0,104.0,0.433,993,nba_shotzone_only,low
1627751,2018,2.0,1.0,0.0057,0.5,0.0,0.0,1.0,1.0,0.0029,,0.0,284.0,0.8161,2.0,1.0,0.0057,348,nba_shotzone_only,low
1627752,2018,311.0,131.0,0.3436,0.4212,38.0,11.0,129.0,78.0,0.1845,0.2895,43.0,252.0,0.326,206.0,81.0,0.5006,905,nba_shotzone_only,low
1627753,2018,19.0,2.0,0.6333,0.1053,0.0,0.0,1.0,0.0,0.0333,,0.0,10.0,0.3333,11.0,2.0,0.6333,30,nba_shotzone_only,low
1627755,2018,57.0,18.0,0.1122,0.3158,61.0,18.0,94.0,51.0,0.3051,0.2951,5.0,86.0,0.1791,116.0,36.0,0.2835,508,nba_shotzone_only,low
1627756,2018,219.0,87.0,0.3188,0.3973,43.0,17.0,52.0,29.0,0.1383,0.3953,23.0,108.0,0.1907,238.0,101.0,0.5328,687,nba_shotzone_only,low
1627758,2018,22.0,6.0,0.4151,0.2727,3.0,2.0,7.0,0.0,0.1887,0.6667,1.0,16.0,0.3208,20.0,4.0,0.5472,53,nba_shotzone_only,low
1627759,2018,243.0,96.0,0.3403,0.3951,7.0,3.0,123.0,74.0,0.1821,0.4286,19.0,279.0,0.4174,145.0,64.0,0.4034,714,nba_shotzone_only,low
1627761,2018,25.0,11.0,0.2137,0.44,3.0,0.0,35.0,19.0,0.3248,0.0,4.0,59.0,0.5385,15.0,6.0,0.2564,117,nba_shotzone_only,low
1627762,2018,1.0,0.0,0.2,0.0,0.0,0.0,0.0,0.0,0.0,,0.0,1.0,0.2,1.0,0.0,0.2,5,nba_shotzone_only,low
1627763,2018,116.0,41.0,0.2572,0.3534,29.0,17.0,105.0,67.0,0.2971,0.5862,6.0,168.0,0.3858,133.0,54.0,0.3481,451,nba_shotzone_only,low
1627767,2018,0.0,0.0,0.0,,0.0,0.0,5.0,4.0,0.0323,,0.0,90.0,0.5806,0.0,0.0,0.0,155,nba_shotzone_only,low
1627770,2018,5.0,3.0,0.0758,0.6,6.0,0.0,9.0,4.0,0.2273,0.0,3.0,17.0,0.303,8.0,3.0,0.2879,66,nba_shotzone_only,low
1627772,2018,3.0,1.0,0.3,0.3333,1.0,1.0,2.0,1.0,0.3,1.0,1.0,3.0,0.4,3.0,2.0,0.5,10,nba_shotzone_only,low
1627774,2018,19.0,4.0,0.413,0.2105,1.0,0.0,2.0,1.0,0.0652,0.0,0.0,11.0,0.2391,12.0,4.0,0.4348,46,nba_shotzone_only,low
1627775,2018,61.0,17.0,0.2961,0.2787,7.0,0.0,30.0,12.0,0.1796,0.0,6.0,77.0,0.4029,44.0,12.0,0.3883,206,nba_shotzone_only,low
1627777,2018,4.0,0.0,0.4,0.0,0.0,0.0,0.0,0.0,0.0,,0.0,6.0,0.6,2.0,0.0,0.4,10,nba_shotzone_only,low
1627778,2018,0.0,0.0,0.0,,0.0,0.0,0.0,0.0,0.0,,0.0,4.0,0.8,0.0,0.0,0.0,5,nba_shotzone_only,low
1627779,2018,7.0,2.0,0.5385,0.2857,1.0,0.0,2.0,0.0,0.2308,0.0,0.0,3.0,0.2308,3.0,1.0,0.6154,13,nba_shotzone_only,low
1627780,2018,21.0,6.0,0.3,0.2857,1.0,0.0,10.0,6.0,0.1571,0.0,1.0,26.0,0.3857,17.0,5.0,0.3571,70,nba_shotzone_only,low
1627781,2018,23.0,7.0,0.2805,0.3043,3.0,1.0,2.0,0.0,0.061,0.3333,4.0,18.0,0.2683,29.0,9.0,0.4878,82,nba_shotzone_only,low
1627782,2018,77.0,33.0,0.3092,0.4286,17.0,6.0,45.0,25.0,0.249,0.3529,13.0,68.0,0.3253,46.0,24.0,0.4779,249,nba_shotzone_only,low
1627783,2018,128.0,29.0,0.2729,0.2266,1.0,0.0,64.0,37.0,0.1386,0.0,3.0,237.0,0.5117,117.0,27.0,0.2814,469,nba_shotzone_only,low
1627785,2018,10.0,3.0,0.1389,0.3,4.0,2.0,37.0,22.0,0.5694,0.5,0.0,41.0,0.5694,12.0,5.0,0.2361,72,nba_shotzone_only,low
1627786,2018,32.0,9.0,0.3137,0.2812,2.0,0.0,8.0,6.0,0.098,0.0,1.0,41.0,0.4118,19.0,5.0,0.3627,102,nba_shotzone_only,low
1627788,2018,14.0,5.0,0.5185,0.3571,0.0,0.0,1.0,1.0,0.037,,1.0,4.0,0.1852,8.0,3.0,0.6296,27,nba_shotzone_only,low
1627789,2018,141.0,48.0,0.5732,0.3404,4.0,3.0,15.0,8.0,0.0772,0.75,7.0,67.0,0.3008,111.0,37.0,0.6382,246,nba_shotzone_only,low
1627790,2018,0.0,0.0,0.0,,0.0,0.0,2.0,1.0,0.0308,,0.0,49.0,0.7538,0.0,0.0,0.0,65,nba_shotzone_only,low
1627812,2018,217.0,83.0,0.3109,0.3825,66.0,23.0,72.0,35.0,0.1977,0.3485,25.0,118.0,0.2049,190.0,73.0,0.5086,698,nba_shotzone_only,low
1627814,2018,41.0,12.0,0.2971,0.2927,9.0,0.0,20.0,9.0,0.2101,0.0,8.0,42.0,0.3623,30.0,8.0,0.4275,138,nba_shotzone_only,low
1627816,2018,11.0,4.0,0.4231,0.3636,0.0,0.0,2.0,2.0,0.0769,,0.0,13.0,0.5,10.0,4.0,0.4231,26,nba_shotzone_only,low
1627817,2018,0.0,0.0,0.0,,1.0,0.0,0.0,0.0,0.3333,0.0,1.0,1.0,0.6667,0.0,0.0,0.6667,3,nba_shotzone_only,low
1627819,2018,56.0,13.0,0.1569,0.2321,13.0,4.0,156.0,88.0,0.4734,0.3077,3.0,198.0,0.563,63.0,17.0,0.2213,357,nba_shotzone_only,low
1627820,2018,36.0,9.0,0.1706,0.25,0.0,0.0,52.0,32.0,0.2464,,4.0,115.0,0.564,27.0,6.0,0.1896,211,nba_shotzone_only,low
1627821,2018,18.0,3.0,0.75,0.1667,0.0,0.0,0.0,0.0,0.0,,1.0,4.0,0.2083,9.0,0.0,0.7917,24,nba_shotzone_only,low
1627823,2018,43.0,11.0,0.6615,0.2558,1.0,1.0,1.0,1.0,0.0308,1.0,2.0,14.0,0.2462,33.0,11.0,0.7231,65,nba_shotzone_only,low
1627824,2018,34.0,12.0,0.5763,0.3529,0.0,0.0,3.0,1.0,0.0508,,2.0,14.0,0.2712,21.0,7.0,0.6102,59,nba_shotzone_only,low
1627826,2018,1.0,0.0,0.0093,0.0,0.0,0.0,4.0,0.0,0.037,,0.0,86.0,0.7963,1.0,0.0,0.0093,108,nba_shotzone_only,low
1627827,2018,58.0,19.0,0.5133,0.3276,2.0,1.0,2.0,1.0,0.0354,0.5,0.0,25.0,0.2212,52.0,17.0,0.5841,113,nba_shotzone_only,low
1627832,2018,177.0,79.0,0.3554,0.4463,49.0,18.0,161.0,88.0,0.4217,0.3673,28.0,185.0,0.4277,170.0,80.0,0.5181,498,nba_shotzone_only,low
1627834,2018,0.0,0.0,0.0,,0.0,0.0,8.0,2.0,0.2,,0.0,27.0,0.675,0.0,0.0,0.0,40,nba_shotzone_only,low
1627835,2018,94.0,34.0,0.4273,0.3617,3.0,0.0,16.0,9.0,0.0864,0.0,7.0,44.0,0.2318,69.0,27.0,0.4955,220,nba_shotzone_only,low
1627846,2018,55.0,19.0,0.3957,0.3455,1.0,1.0,20.0,8.0,0.1511,1.0,9.0,55.0,0.4604,40.0,16.0,0.4604,139,nba_shotzone_only,low
1627850,2018,0.0,0.0,0.0,,0.0,0.0,0.0,0.0,0.0,,0.0,1.0,1.0,0.0,0.0,0.0,1,nba_shotzone_only,low
1627851,2018,0.0,0.0,0.0,,0.0,0.0,0.0,0.0,0.0,,0.0,1.0,1.0,0.0,0.0,0.0,1,nba_shotzone_only,low
1627852,2018,2.0,0.0,1.0,0.0,0.0,0.0,0.0,0.0,0.0,,0.0,0.0,0.0,1.0,0.0,1.0,2,nba_shotzone_only,low
1627853,2018,26.0,8.0,0.6341,0.3077,2.0,1.0,2.0,2.0,0.0976,0.5,2.0,3.0,0.122,17.0,5.0,0.7561,41,nba_shotzone_only,low
1627854,2018,177.0,71.0,0.3703,0.4011,7.0,3.0,49.0,24.0,0.1172,0.4286,22.0,88.0,0.2301,107.0,45.0,0.4707,478,nba_shotzone_only,low
1627855,2018,11.0,4.0,0.7333,0.3636,0.0,0.0,0.0,0.0,0.0,,0.0,3.0,0.2,9.0,4.0,0.7333,15,nba_shotzone_only,low
1627856,2018,0.0,0.0,0.0,,0.0,0.0,0.0,0.0,0.0,,0.0,2.0,0.5,0.0,0.0,0.0,4,nba_shotzone_only,low
1627858,2018,16.0,4.0,0.186,0.25,1.0,0.0,29.0,17.0,0.3488,0.0,0.0,55.0,0.6395,16.0,4.0,0.1977,86,nba_shotzone_only,low
1627863,2018,40.0,11.0,0.3419,0.275,4.0,0.0,13.0,10.0,0.1453,0.0,3.0,38.0,0.3504,30.0,10.0,0.4872,117,nba_shotzone_only,low
1627866,2018,0.0,0.0,0.0,,0.0,0.0,1.0,1.0,0.1,,0.0,7.0,0.7,0.0,0.0,0.0,10,nba_shotzone_only,low
1627875,2018,10.0,3.0,0.2174,0.3,3.0,1.0,8.0,7.0,0.2391,0.3333,2.0,17.0,0.413,11.0,3.0,0.3261,46,nba_shotzone_only,low
1627883,2018,21.0,8.0,0.3559,0.381,2.0,1.0,7.0,3.0,0.1525,0.5,0.0,29.0,0.4915,10.0,3.0,0.4237,59,nba_shotzone_only,low
1627884,2018,18.0,3.0,0.3673,0.1667,0.0,0.0,3.0,3.0,0.0612,,0.0,26.0,0.5306,12.0,1.0,0.3673,49,nba_shotzone_only,low
1627885,2018,18.0,5.0,0.1698,0.2778,2.0,0.0,41.0,26.0,0.4057,0.0,2.0,57.0,0.5566,18.0,4.0,0.2358,106,nba_shotzone_only,low
1627936,2018,22.0,7.0,0.2037,0.3182,10.0,4.0,20.0,13.0,0.2778,0.4,1.0,38.0,0.3611,30.0,13.0,0.3889,108,nba_shotzone_only,low
1627982,2018,8.0,3.0,0.2286,0.375,4.0,0.0,9.0,5.0,0.3714,0.0,0.0,13.0,0.3714,4.0,2.0,0.3714,35,nba_shotzone_only,low
1627988,2018,48.0,16.0,0.4706,0.3333,0.0,0.0,9.0,5.0,0.0882,,10.0,29.0,0.3824,27.0,8.0,0.5686,102,nba_shotzone_only,low
1628021,2018,46.0,17.0,0.1278,0.3696,0.0,0.0,111.0,61.0,0.3083,,0.0,247.0,0.6861,39.0,13.0,0.1389,360,nba_shotzone_only,low
1628035,2018,8.0,2.0,0.5333,0.25,0.0,0.0,1.0,1.0,0.0667,,0.0,5.0,0.3333,2.0,0.0,0.6,15,nba_shotzone_only,low
1628365,2018,1.0,0.0,0.0108,0.0,0.0,0.0,34.0,17.0,0.3656,,0.0,51.0,0.5484,1.0,0.0,0.0108,93,nba_shotzone_only,low
1628366,2018,163.0,52.0,0.3209,0.319,60.0,16.0,89.0,44.0,0.2933,0.2667,22.0,113.0,0.2657,135.0,44.0,0.561,508,nba_shotzone_only,low
1628367,2018,164.0,48.0,0.1934,0.2927,20.0,4.0,183.0,104.0,0.2394,0.2,14.0,367.0,0.4493,117.0,33.0,0.2559,848,nba_shotzone_only,low
1628368,2018,82.0,25.0,0.1119,0.3049,37.0,15.0,213.0,118.0,0.3411,0.4054,12.0,242.0,0.3465,93.0,29.0,0.206,733,nba_shotzone_only,low
1628369,2018,165.0,80.0,0.2206,0.4848,21.0,4.0,103.0,61.0,0.1658,0.1905,24.0,237.0,0.3489,132.0,61.0,0.3115,748,nba_shotzone_only,low
1628370,2018,95.0,38.0,0.2306,0.4,76.0,23.0,36.0,23.0,0.2718,0.3026,48.0,54.0,0.2476,93.0,36.0,0.585,412,nba_shotzone_only,low
1628371,2018,41.0,15.0,0.2971,0.3659,1.0,0.0,4.0,3.0,0.0362,0.0,2.0,34.0,0.2609,30.0,10.0,0.3188,138,nba_shotzone_only,low
1628372,2018,139.0,52.0,0.1513,0.3741,144.0,39.0,256.0,159.0,0.4353,0.2708,31.0,293.0,0.3526,144.0,53.0,0.3624,919,nba_shotzone_only,low
1628373,2018,95.0,35.0,0.1992,0.3684,35.0,8.0,75.0,34.0,0.2306,0.2286,8.0,97.0,0.2201,92.0,31.0,0.327,477,nba_shotzone_only,low
1628374,2018,343.0,127.0,0.4224,0.3703,7.0,2.0,46.0,27.0,0.0653,0.2857,36.0,251.0,0.3534,188.0,85.0,0.4889,812,nba_shotzone_only,low
1628378,2018,224.0,89.0,0.176,0.3973,154.0,42.0,323.0,186.0,0.3747,0.2727,67.0,400.0,0.3668,251.0,88.0,0.4273,1273,nba_shotzone_only,low
1628379,2018,151.0,69.0,0.3409,0.457,10.0,1.0,33.0,21.0,0.0971,0.1,13.0,79.0,0.2077,115.0,53.0,0.4334,443,nba_shotzone_only,low
1628380,2018,109.0,34.0,0.4052,0.3119,0.0,0.0,9.0,6.0,0.0335,,3.0,89.0,0.342,92.0,29.0,0.4164,269,nba_shotzone_only,low
1628381,2018,40.0,16.0,0.0816,0.4,1.0,0.0,8.0,1.0,0.0184,0.0,2.0,316.0,0.649,34.0,13.0,0.0939,490,nba_shotzone_only,low
1628382,2018,167.0,52.0,0.4134,0.3114,1.0,0.0,11.0,8.0,0.0297,0.0,6.0,90.0,0.2376,141.0,48.0,0.4554,404,nba_shotzone_only,low
1628383,2018,0.0,0.0,0.0,,0.0,0.0,0.0,0.0,0.0,,0.0,2.0,1.0,0.0,0.0,0.0,2,nba_shotzone_only,low
1628384,2018,181.0,63.0,0.5656,0.3481,0.0,0.0,17.0,10.0,0.0531,,3.0,93.0,0.3,149.0,50.0,0.6031,320,nba_shotzone_only,low
1628386,2018,15.0,5.0,0.0425,0.3333,0.0,0.0,0.0,0.0,0.0,,0.0,252.0,0.7139,15.0,5.0,0.0425,353,nba_shotzone_only,low
1628387,2018,0.0,0.0,0.0,,0.0,0.0,0.0,0.0,0.0,,0.0,2.0,0.2857,0.0,0.0,0.0,7,nba_shotzone_only,low
1628388,2018,42.0,18.0,0.3206,0.4286,0.0,0.0,6.0,2.0,0.0458,,0.0,69.0,0.5267,27.0,13.0,0.3206,131,nba_shotzone_only,low
1628389,2018,3.0,0.0,0.0098,0.0,1.0,0.0,17.0,8.0,0.0586,0.0,2.0,215.0,0.7068,5.0,0.0,0.0228,307,nba_shotzone_only,low
1628390,2018,106.0,36.0,0.6709,0.3396,3.0,1.0,4.0,3.0,0.0443,0.3333,6.0,18.0,0.1519,63.0,22.0,0.7278,158,nba_shotzone_only,low
1628391,2018,5.0,2.0,0.3125,0.4,0.0,0.0,0.0,0.0,0.0,,0.0,4.0,0.25,5.0,2.0,0.3125,16,nba_shotzone_only,low
1628393,2018,42.0,8.0,0.1883,0.1905,5.0,3.0,54.0,25.0,0.2646,0.6,0.0,84.0,0.3767,40.0,11.0,0.2332,223,nba_shotzone_only,low
1628395,2018,3.0,0.0,0.0178,0.0,0.0,0.0,9.0,4.0,0.0533,,0.0,107.0,0.6331,3.0,0.0,0.0237,169,nba_shotzone_only,low
1628396,2018,1.0,0.0,0.1,0.0,0.0,0.0,1.0,0.0,0.1,,0.0,5.0,0.5,1.0,0.0,0.1,10,nba_shotzone_only,low
1628397,2018,0.0,0.0,0.0,,0.0,0.0,2.0,2.0,0.0143,,0.0,72.0,0.5143,0.0,0.0,0.0,140,nba_shotzone_only,low
1628398,2018,331.0,129.0,0.3391,0.3897,30.0,9.0,93.0,59.0,0.126,0.3,30.0,341.0,0.3801,195.0,76.0,0.4385,976,nba_shotzone_only,low
1628400,2018,111.0,35.0,0.6379,0.3153,2.0,1.0,7.0,1.0,0.0517,0.5,2.0,35.0,0.2126,91.0,30.0,0.6897,174,nba_shotzone_only,low
1628401,2018,7.0,4.0,0.2258,0.5714,3.0,2.0,6.0,4.0,0.2903,0.6667,1.0,8.0,0.2903,7.0,5.0,0.4194,31,nba_shotzone_only,low
1628403,2018,8.0,1.0,0.1429,0.125,0.0,0.0,3.0,1.0,0.0536,,0.0,34.0,0.6071,7.0,1.0,0.1429,56,nba_shotzone_only,low
1628404,2018,165.0,68.0,0.4661,0.4121,12.0,3.0,33.0,25.0,0.1271,0.25,7.0,99.0,0.2994,100.0,41.0,0.5537,354,nba_shotzone_only,low
1628405,2018,5.0,1.0,0.0746,0.2,0.0,0.0,9.0,5.0,0.1343,,0.0,40.0,0.597,6.0,1.0,0.0896,67,nba_shotzone_only,low
1628407,2018,33.0,10.0,0.1755,0.303,3.0,0.0,19.0,11.0,0.117,0.0,4.0,37.0,0.2181,30.0,7.0,0.2287,188,nba_shotzone_only,low
1628408,2018,0.0,0.0,0.0,,0.0,0.0,1.0,1.0,0.5,,0.0,1.0,0.5,0.0,0.0,0.0,2,nba_shotzone_only,low
1628409,2018,52.0,17.0,0.7027,0.3269,0.0,0.0,0.0,0.0,0.0,,3.0,12.0,0.2027,36.0,13.0,0.7838,74,nba_shotzone_only,low
1628410,2018,0.0,0.0,0.0,,0.0,0.0,1.0,1.0,1.0,,0.0,0.0,0.0,0.0,0.0,0.0,1,nba_shotzone_only,low
1628411,2018,42.0,9.0,0.2143,0.2143,1.0,0.0,32.0,23.0,0.1684,0.0,1.0,81.0,0.4184,38.0,7.0,0.2347,196,nba_shotzone_only,low
1628412,2018,25.0,9.0,0.0714,0.36,31.0,12.0,109.0,50.0,0.4,0.3871,17.0,141.0,0.4514,29.0,8.0,0.2457,350,nba_shotzone_only,low
1628414,2018,54.0,22.0,0.2755,0.4074,0.0,0.0,28.0,16.0,0.1429,,3.0,96.0,0.5051,38.0,16.0,0.301,196,nba_shotzone_only,low
1628415,2018,190.0,76.0,0.2646,0.4,20.0,5.0,100.0,57.0,0.1671,0.25,28.0,216.0,0.3398,118.0,42.0,0.3621,718,nba_shotzone_only,low
1628416,2018,131.0,50.0,0.3722,0.3817,32.0,10.0,53.0,24.0,0.2415,0.3125,18.0,76.0,0.267,97.0,34.0,0.5625,352,nba_shotzone_only,low
1628418,2018,9.0,1.0,0.4286,0.1111,0.0,0.0,1.0,0.0,0.0476,,0.0,4.0,0.1905,9.0,1.0,0.4762,21,nba_shotzone_only,low
1628420,2018,1.0,0.0,0.1667,0.0,0.0,0.0,3.0,2.0,0.5,,0.0,3.0,0.5,1.0,0.0,0.1667,6,nba_shotzone_only,low
1628421,2018,0.0,0.0,0.0,,0.0,0.0,0.0,0.0,0.0,,0.0,2.0,1.0,0.0,0.0,0.0,2,nba_shotzone_only,low
1628422,2018,46.0,16.0,0.293,0.3478,6.0,0.0,10.0,5.0,0.1019,0.0,7.0,28.0,0.2229,21.0,9.0,0.4268,157,nba_shotzone_only,low
1628424,2018,31.0,10.0,0.1761,0.3226,4.0,1.0,27.0,19.0,0.1761,0.25,0.0,59.0,0.3352,29.0,8.0,0.2216,176,nba_shotzone_only,low
1628425,2018,72.0,25.0,0.3913,0.3472,2.0,1.0,19.0,8.0,0.1141,0.5,12.0,55.0,0.3641,47.0,18.0,0.4837,184,nba_shotzone_only,low
1628429,2018,6.0,1.0,0.4615,0.1667,2.0,0.0,2.0,1.0,0.3077,0.0,1.0,3.0,0.3077,6.0,1.0,0.6154,13,nba_shotzone_only,low
1628432,2018,31.0,11.0,0.4493,0.3548,2.0,0.0,2.0,1.0,0.058,0.0,0.0,9.0,0.1304,21.0,6.0,0.5362,69,nba_shotzone_only,low
1628436,2018,76.0,25.0,0.623,0.3289,0.0,0.0,0.0,0.0,0.0,,0.0,26.0,0.2131,58.0,21.0,0.6475,122,nba_shotzone_only,low
1628439,2018,8.0,2.0,0.127,0.25,0.0,0.0,3.0,2.0,0.0476,,1.0,34.0,0.5556,5.0,1.0,0.1429,63,nba_shotzone_only,low
1628443,2018,8.0,0.0,0.381,0.0,2.0,0.0,4.0,2.0,0.2857,0.0,0.0,6.0,0.2857,10.0,0.0,0.5238,21,nba_shotzone_only,low
1628444,2018,7.0,3.0,0.2917,0.4286,0.0,0.0,3.0,1.0,0.125,,0.0,12.0,0.5,3.0,2.0,0.2917,24,nba_shotzone_only,low
1628449,2018,1.0,0.0,1.0,0.0,0.0,0.0,0.0,0.0,0.0,,0.0,0.0,0.0,0.0,0.0,1.0,1,nba_shotzone_only,low
1628451,2018,2.0,1.0,0.5,0.5,0.0,0.0,0.0,0.0,0.0,,0.0,0.0,0.0,1.0,1.0,0.5,4,nba_shotzone_only,low
1628455,2018,24.0,7.0,0.0805,0.2917,53.0,16.0,101.0,64.0,0.5168,0.3019,18.0,103.0,0.406,28.0,7.0,0.3221,298,nba_shotzone_only,low
1628462,2018,111.0,49.0,0.3236,0.4414,59.0,18.0,27.0,16.0,0.2507,0.3051,49.0,23.0,0.2099,86.0,33.0,0.6531,343,nba_shotzone_only,low
1628463,2018,83.0,32.0,0.5971,0.3855,0.0,0.0,0.0,0.0,0.0,,0.0,37.0,0.2662,76.0,30.0,0.6115,139,nba_shotzone_only,low
1628464,2018,56.0,17.0,0.2629,0.3036,0.0,0.0,1.0,1.0,0.0047,,2.0,93.0,0.446,45.0,15.0,0.277,213,nba_shotzone_only,low
1628467,2018,121.0,40.0,0.4116,0.3306,0.0,0.0,3.0,2.0,0.0102,,2.0,105.0,0.3639,106.0,35.0,0.432,294,nba_shotzone_only,low
1628469,2018,25.0,9.0,0.2016,0.36,5.0,2.0,12.0,5.0,0.1371,0.4,5.0,25.0,0.2419,18.0,8.0,0.379,124,nba_shotzone_only,low
1628470,2018,50.0,17.0,0.4065,0.34,3.0,0.0,3.0,1.0,0.0488,0.0,4.0,46.0,0.4065,23.0,7.0,0.4715,123,nba_shotzone_only,low
1628475,2018,2.0,0.0,0.3333,0.0,1.0,0.0,0.0,0.0,0.1667,0.0,2.0,0.0,0.3333,0.0,0.0,0.8333,6,nba_shotzone_only,low
1628476,2018,10.0,5.0,0.4167,0.5,2.0,1.0,0.0,0.0,0.0833,0.5,2.0,0.0,0.0833,7.0,2.0,0.6667,24,nba_shotzone_only,low
1628492,2018,11.0,6.0,0.6111,0.5455,0.0,0.0,0.0,0.0,0.0,,2.0,1.0,0.1667,5.0,4.0,0.8333,18,nba_shotzone_only,low
1628493,2018,0.0,0.0,0.0,,0.0,0.0,0.0,0.0,0.0,,0.0,4.0,0.5714,0.0,0.0,0.0,7,nba_shotzone_only,low
1628495,2018,16.0,4.0,0.381,0.25,5.0,0.0,15.0,8.0,0.4762,0.0,0.0,15.0,0.3571,12.0,2.0,0.5476,42,nba_shotzone_only,low
1628499,2018,3.0,2.0,0.15,0.6667,1.0,1.0,2.0,0.0,0.15,1.0,0.0,4.0,0.2,3.0,2.0,0.2,20,nba_shotzone_only,low
1628502,2018,15.0,4.0,0.4545,0.2667,0.0,0.0,1.0,0.0,0.0303,,1.0,5.0,0.1818,12.0,2.0,0.4848,33,nba_shotzone_only,low
1628503,2018,20.0,7.0,0.2703,0.35,2.0,0.0,7.0,2.0,0.1216,0.0,3.0,21.0,0.3243,12.0,6.0,0.3784,74,nba_shotzone_only,low
1628504,2018,4.0,0.0,0.1111,0.0,7.0,0.0,8.0,6.0,0.4167,0.0,0.0,7.0,0.1944,8.0,0.0,0.3611,36,nba_shotzone_only,low
1628506,2018,1.0,0.0,0.0833,0.0,2.0,0.0,3.0,1.0,0.4167,0.0,0.0,2.0,0.1667,3.0,0.0,0.25,12,nba_shotzone_only,low
1628510,2018,32.0,11.0,0.4776,0.3438,0.0,0.0,2.0,0.0,0.0299,,10.0,9.0,0.2836,13.0,4.0,0.6716,67,nba_shotzone_only,low
1628513,2018,1.0,1.0,1.0,1.0,0.0,0.0,0.0,0.0,0.0,,0.0,0.0,0.0,0.0,0.0,1.0,1,nba_shotzone_only,low
1628537,2018,7.0,2.0,0.2692,0.2857,1.0,0.0,8.0,4.0,0.3462,0.0,0.0,12.0,0.4615,7.0,2.0,0.3462,26,nba_shotzone_only,low
1628571,2018,0.0,0.0,0.0,,0.0,0.0,0.0,0.0,0.0,,1.0,0.0,1.0,0.0,0.0,1.0,1,nba_shotzone_only,low
1628681,2018,42.0,11.0,0.4078,0.2619,1.0,1.0,8.0,2.0,0.0874,1.0,3.0,12.0,0.1456,32.0,9.0,0.4854,103,nba_shotzone_only,low
1628935,2018,2.0,0.0,0.2222,0.0,1.0,1.0,2.0,1.0,0.3333,1.0,0.0,3.0,0.3333,3.0,1.0,0.4444,9,nba_shotzone_only,low
