player_key,player_name,epm_tot_cur_z,epm_tot_cur_mod,epm_off_cur_z,epm_off_cur_mod,epm_def_cur_z,epm_def_cur_mod,ScoringLoadValue_z,ScoringLoadValue_mod,RimPressureValue_z,RimPressureValue_mod,AdvantageChainValue_z,AdvantageChainValue_mod,PlayTypeEntropy_z,PlayTypeEntropy_mod,ElasticityIndex_z,ElasticityIndex_mod,LowestThreatSpacer_z,LowestThreatSpacer_mod,DefenderSuppression_z,DefenderSuppression_mod,DefensivePlayTypeYield_z,DefensivePlayTypeYield_mod,HustleImpactValue_z,HustleImpactValue_mod,n_metrics_real
a.j. lawson,A.J. Lawson,-0.566,0.9717,-0.513,0.9744,-0.343,0.9828,0.0,1.0,0.0,1.0,0.0,1.0,0.0,1.0,0.0,1.0,0.0,1.0,0.0,1.0,0.0,1.0,0.0,1.0,3
aaron gordon,Aaron Gordon,1.037,1.0519,1.033,1.0517,0.464,1.0232,1.346,1.0673,0.769,1.0385,-0.093,0.9954,1.582,1.0791,-1.305,0.9348,1.15,1.0575,0.27,1.0135,0.356,1.0178,-0.648,0.9676,12
aaron holiday,Aaron Holiday,-0.2,0.99,-0.421,0.9789,0.302,1.0151,0.366,1.0183,-1.06,0.947,-0.045,0.9978,-1.268,0.9366,0.0,1.0,0.555,1.0277,0.0,1.0,0.156,1.0078,0.0,1.0,9
aaron nesmith,Aaron Nesmith,0.381,1.0191,0.463,1.0232,0.024,1.0012,1.714,1.0857,0.172,1.0086,-0.795,0.9602,-0.379,0.981,-0.918,0.9541,1.489,1.0744,0.0,1.0,1.237,1.0619,-0.653,0.9673,11
aaron wiggins,Aaron Wiggins,-0.343,0.9828,-0.527,0.9736,0.174,1.0087,0.455,1.0227,0.226,1.0113,-0.261,0.9869,0.52,1.026,0.0,1.0,1.056,1.0528,0.0,1.0,0.69,1.0345,-0.514,0.9743,10
adam flagler,,0.0,1.0,0.0,1.0,0.0,1.0,0.0,1.0,0.0,1.0,0.0,1.0,0.0,1.0,0.0,1.0,0.0,1.0,0.0,1.0,0.0,1.0,0.0,1.0,0
adama sanogo,,0.0,1.0,0.0,1.0,0.0,1.0,0.0,1.0,0.0,1.0,0.0,1.0,0.0,1.0,0.0,1.0,0.0,1.0,0.0,1.0,0.0,1.0,0.0,1.0,0
adem bona,Adem Bona,-0.628,0.9686,-0.768,0.9616,-0.029,0.9986,0.496,1.0248,0.784,1.0392,-1.454,0.9273,0.0,1.0,0.0,1.0,-1.608,0.9196,0.0,1.0,-0.198,0.9901,0.625,1.0313,9
aj green,AJ Green,0.07,1.0035,0.611,1.0305,-0.923,0.9538,0.911,1.0455,-1.841,0.9079,-0.694,0.9653,-0.998,0.9501,0.0,1.0,0.022,1.0011,0.0,1.0,-0.218,0.9891,-0.731,0.9635,10
aj johnson,AJ Johnson,-1.529,0.9236,-1.405,0.9297,-0.891,0.9554,0.0,1.0,-0.162,0.9919,0.21,1.0105,0.0,1.0,0.0,1.0,-0.974,0.9513,0.0,1.0,0.0,1.0,0.0,1.0,6
ajay mitchell,Ajay Mitchell,1.675,1.0837,0.886,1.0443,2.13,1.1065,-0.028,0.9986,0.158,1.0079,0.331,1.0165,0.0,1.0,0.0,1.0,-0.473,0.9764,0.0,1.0,0.0,1.0,0.0,1.0,7
al horford,Al Horford,0.467,1.0234,0.438,1.0219,0.257,1.0128,-0.192,0.9904,-1.448,0.9276,-0.338,0.9831,-0.87,0.9565,0.0,1.0,-0.379,0.981,1.212,1.0606,0.002,1.0001,0.837,1.0418,11
alec burks,,0.0,1.0,0.0,1.0,0.0,1.0,0.713,1.0357,-0.895,0.9552,-0.8,0.96,-1.489,0.9255,0.0,1.0,1.395,1.0698,0.0,1.0,0.356,1.0178,-1.39,0.9305,7
alex caruso,Alex Caruso,1.47,1.0735,-0.112,0.9944,2.5,1.125,-0.273,0.9863,-0.851,0.9574,0.701,1.0351,-1.5,0.925,0.0,1.0,-0.452,0.9774,0.0,1.0,2.305,1.1153,0.048,1.0024,10
alex ducas,,0.0,1.0,0.0,1.0,0.0,1.0,0.0,1.0,0.0,1.0,0.0,1.0,0.0,1.0,0.0,1.0,0.0,1.0,0.0,1.0,0.0,1.0,0.0,1.0,0
alex len,,0.0,1.0,0.0,1.0,0.0,1.0,0.0,1.0,0.0,1.0,0.0,1.0,0.0,1.0,0.0,1.0,0.0,1.0,0.0,1.0,0.0,1.0,0.0,1.0,0
alex reese,,0.0,1.0,0.0,1.0,0.0,1.0,0.0,1.0,0.0,1.0,0.0,1.0,0.0,1.0,0.0,1.0,0.0,1.0,0.0,1.0,0.0,1.0,0.0,1.0,0
alex sarr,Alex Sarr,0.033,1.0016,0.258,1.0129,-0.384,0.9808,-2.5,0.875,0.235,1.0118,-0.377,0.9812,0.624,1.0312,1.261,1.063,0.233,1.0116,-0.075,0.9963,-0.665,0.9667,2.094,1.1047,12
alondes williams,Alondes Williams,-1.218,0.9391,-0.996,0.9502,-0.93,0.9535,0.0,1.0,0.0,1.0,0.0,1.0,0.0,1.0,0.0,1.0,0.0,1.0,0.0,1.0,0.0,1.0,0.0,1.0,3
alperen sengun,Alperen Sengun,0.656,1.0328,0.834,1.0417,-0.025,0.9987,-1.655,0.9173,1.633,1.0816,0.682,1.0341,1.409,1.0704,1.651,1.0825,-1.241,0.938,0.332,1.0166,0.416,1.0208,2.476,1.1238,12
amen thompson,Amen Thompson,1.631,1.0815,1.056,1.0528,1.734,1.0867,-0.436,0.9782,0.42,1.021,0.162,1.0081,1.115,1.0557,-1.371,0.9315,-1.459,0.9271,1.87,1.0935,1.698,1.0849,0.187,1.0093,12
amir coffey,Amir Coffey,-1.031,0.9485,-1.025,0.9488,-0.464,0.9768,0.666,1.0333,-0.614,0.9693,-1.161,0.942,-1.431,0.9285,-1.284,0.9358,1.167,1.0583,0.0,1.0,-0.618,0.9691,-1.04,0.948,11
andre drummond,Andre Drummond,-0.307,0.9846,-0.628,0.9686,0.432,1.0216,-1.246,0.9377,0.386,1.0193,-1.175,0.9412,0.005,1.0002,0.0,1.0,-1.531,0.9234,0.0,1.0,-1.179,0.941,1.404,1.0702,10
andre jackson jr.,Andre Jackson Jr.,-1.159,0.942,-1.238,0.9381,-0.372,0.9814,-0.695,0.9652,-1.152,0.9424,-0.314,0.9843,0.0,1.0,0.0,1.0,-1.23,0.9385,0.0,1.0,-2.387,0.8806,-0.983,0.9508,9
andrew nembhard,Andrew Nembhard,0.743,1.0371,0.986,1.0493,-0.103,0.9949,-0.702,0.9649,0.279,1.014,1.38,1.069,-0.787,0.9606,1.696,1.0848,-1.203,0.9399,-0.841,0.9579,0.129,1.0065,-0.612,0.9694,12
andrew wiggins,Andrew Wiggins,-0.006,0.9997,-0.044,0.9978,0.065,1.0032,0.394,1.0197,0.759,1.038,-0.078,0.9961,1.315,1.0658,-0.853,0.9574,0.856,1.0428,0.341,1.0171,0.049,1.0025,-0.215,0.9892,12
anfernee simons,Anfernee Simons,0.122,1.0061,0.825,1.0413,-1.187,0.9407,0.503,1.0251,0.546,1.0273,0.884,1.0442,-0.777,0.9611,1.285,1.0642,1.461,1.0731,-1.466,0.9267,-1.479,0.926,-0.921,0.9539,12
anthony black,Anthony Black,-0.174,0.9913,-0.656,0.9672,0.775,1.0387,-1.165,0.9418,0.536,1.0268,1.019,1.0509,0.215,1.0108,-0.228,0.9886,-0.964,0.9518,0.384,1.0192,0.176,1.0088,-0.54,0.973,12
anthony davis,Anthony Davis,0.99,1.0495,0.664,1.0332,1.012,1.0506,0.843,1.0421,1.783,1.0892,0.004,1.0002,1.699,1.085,-0.4,0.98,0.378,1.0189,1.709,1.0854,2.5,1.125,2.337,1.1168,12
anthony edwards,Anthony Edwards,0.964,1.0482,1.4,1.07,-0.345,0.9827,2.136,1.1068,1.594,1.0797,1.12,1.056,0.613,1.0307,0.097,1.0049,1.669,1.0834,0.162,1.0081,0.49,1.0245,-0.602,0.9699,12
anthony gill,Anthony Gill,-1.548,0.9226,-0.957,0.9521,-1.725,0.9137,0.0,1.0,0.0,1.0,0.0,1.0,0.0,1.0,0.0,1.0,0.0,1.0,0.0,1.0,0.0,1.0,0.0,1.0,3
anton watson,,0.0,1.0,0.0,1.0,0.0,1.0,0.0,1.0,0.0,1.0,0.0,1.0,0.0,1.0,0.0,1.0,0.0,1.0,0.0,1.0,0.0,1.0,0.0,1.0,0
antonio reeves,Antonio Reeves,-0.757,0.9621,-0.544,0.9728,-0.71,0.9645,-0.13,0.9935,-0.4,0.98,-0.906,0.9547,0.0,1.0,0.0,1.0,1.029,1.0514,0.0,1.0,0.0,1.0,0.0,1.0,7
ariel hukporti,Ariel Hukporti,-1.214,0.9393,-1.53,0.9235,0.023,1.0011,0.0,1.0,0.0,1.0,0.0,1.0,0.0,1.0,0.0,1.0,0.0,1.0,0.0,1.0,0.0,1.0,0.0,1.0,3
armel traore,,0.0,1.0,0.0,1.0,0.0,1.0,0.0,1.0,0.0,1.0,0.0,1.0,0.0,1.0,0.0,1.0,0.0,1.0,0.0,1.0,0.0,1.0,0.0,1.0,0
ausar thompson,Ausar Thompson,1.696,1.0848,0.041,1.0021,2.5,1.125,-0.838,0.9581,0.769,1.0385,-0.073,0.9963,1.291,1.0646,0.0,1.0,-1.48,0.926,0.0,1.0,0.87,1.0435,0.507,1.0253,10
austin reaves,Austin Reaves,1.349,1.0674,1.629,1.0814,0.1,1.005,1.87,1.0935,1.288,1.0644,1.529,1.0764,0.731,1.0365,-0.01,0.9995,1.229,1.0615,-1.206,0.9397,1.684,1.0842,0.264,1.0132,12
ayo dosunmu,Ayo Dosunmu,-0.175,0.9913,0.066,1.0033,-0.502,0.9749,-0.083,0.9959,-0.619,0.9691,1.067,1.0533,-1.406,0.9297,1.371,1.0686,-0.874,0.9563,0.0,1.0,-1.339,0.933,-0.509,0.9746,11
bam adebayo,Bam Adebayo,2.022,1.1011,1.442,1.0721,1.916,1.0958,-1.049,0.9476,0.9,1.045,0.133,1.0067,1.595,1.0798,-0.462,0.9769,0.143,1.0071,1.146,1.0573,-0.398,0.9801,2.471,1.1235,12
baylor scheierman,Baylor Scheierman,0.385,1.0192,-0.004,0.9998,0.856,1.0428,0.0,1.0,0.0,1.0,0.0,1.0,0.0,1.0,0.0,1.0,0.0,1.0,0.0,1.0,0.0,1.0,0.0,1.0,3
ben sheppard,Ben Sheppard,-0.854,0.9573,-0.626,0.9687,-0.778,0.9611,-0.13,0.9935,-1.56,0.922,-0.911,0.9545,-1.652,0.9174,0.0,1.0,-0.736,0.9632,0.0,1.0,-0.412,0.9794,-1.055,0.9472,10
ben simmons,,0.0,1.0,0.0,1.0,0.0,1.0,-1.995,0.9003,-0.633,0.9683,1.981,1.0991,0.0,1.0,0.0,1.0,0.0,1.0,0.0,1.0,-0.258,0.9871,0.3,1.015,5
bennedict mathurin,Bennedict Mathurin,-0.107,0.9946,0.065,1.0032,-0.351,0.9825,0.087,1.0044,1.06,1.053,-0.502,0.9749,0.942,1.0471,-1.412,0.9294,0.333,1.0167,-1.423,0.9288,-0.331,0.9834,-0.447,0.9776,12
bilal coulibaly,Bilal Coulibaly,-0.384,0.9808,-0.39,0.9805,-0.159,0.992,-1.947,0.9026,0.1,1.005,-0.025,0.9987,0.309,1.0154,-0.442,0.9779,-1.196,0.9402,0.762,1.0381,1.711,1.0856,0.254,1.0127,12
bismack biyombo,Bismack Biyombo,-2.5,0.875,-2.214,0.8893,-1.773,0.9113,0.0,1.0,-1.958,0.9021,-1.705,0.9148,0.0,1.0,0.0,1.0,0.0,1.0,0.0,1.0,0.0,1.0,0.0,1.0,5
blake wesley,Blake Wesley,-1.472,0.9264,-1.534,0.9233,-0.538,0.9731,-0.824,0.9588,0.352,1.0176,1.009,1.0505,0.0,1.0,0.0,1.0,-1.469,0.9265,0.0,1.0,-1.099,0.9451,0.0,1.0,8
bobby portis,Bobby Portis,-0.127,0.9936,0.408,1.0204,-1.001,0.95,-0.661,0.9669,-0.439,0.978,-0.386,0.9807,0.81,1.0405,0.194,1.0097,0.527,1.0263,0.0,1.0,-0.205,0.9898,0.878,1.0439,11
bobi klintman,Bobi Klintman,-0.509,0.9746,-0.671,0.9665,0.062,1.0031,0.0,1.0,0.0,1.0,0.0,1.0,0.0,1.0,0.0,1.0,0.0,1.0,0.0,1.0,0.0,1.0,0.0,1.0,3
bogdan bogdanovia,,0.0,1.0,0.0,1.0,0.0,1.0,0.0,1.0,-0.507,0.9747,0.283,1.0141,0.0,1.0,0.0,1.0,0.541,1.027,0.0,1.0,0.0,1.0,0.0,1.0,3
bogdan bogdanovic,Bogdan Bogdanovic,0.033,1.0016,-0.056,0.9972,0.172,1.0086,-0.539,0.9731,-0.507,0.9747,0.283,1.0141,0.368,1.0184,0.833,1.0416,0.541,1.027,0.0,1.0,0.0,1.0,-0.715,0.9642,10
bol bol,,0.0,1.0,0.0,1.0,0.0,1.0,0.0,1.0,0.0,1.0,0.0,1.0,0.0,1.0,0.0,1.0,0.0,1.0,0.0,1.0,0.0,1.0,0.0,1.0,0
bones hyland,Bones Hyland,0.163,1.0082,0.236,1.0118,-0.057,0.9972,0.0,1.0,0.0,1.0,0.0,1.0,0.0,1.0,0.0,1.0,0.0,1.0,0.0,1.0,0.0,1.0,0.0,1.0,3
bradley beal,Bradley Beal,-0.124,0.9938,0.116,1.0058,-0.478,0.9761,0.822,1.0411,0.662,1.0331,0.773,1.0387,0.907,1.0454,0.701,1.0351,0.6,1.03,-0.586,0.9707,-1.887,0.9057,-0.241,0.988,12
branden carlson,Branden Carlson,-0.514,0.9743,0.177,1.0089,-1.447,0.9277,0.0,1.0,0.0,1.0,0.0,1.0,0.0,1.0,0.0,1.0,0.0,1.0,0.0,1.0,0.0,1.0,0.0,1.0,3
brandin podziemski,Brandin Podziemski,0.616,1.0308,0.187,1.0093,1.029,1.0514,-0.076,0.9962,-0.075,0.9962,1.134,1.0567,1.035,1.0518,0.249,1.0124,0.288,1.0144,0.0,1.0,1.024,1.0512,0.295,1.0148,11
brandon boston,,0.0,1.0,0.0,1.0,0.0,1.0,-0.668,0.9666,-0.046,0.9977,-0.295,0.9853,0.0,1.0,-1.457,0.9272,-0.355,0.9822,0.0,1.0,0.0,1.0,-0.993,0.9503,6
brandon boston jr.,,0.0,1.0,0.0,1.0,0.0,1.0,0.0,1.0,-0.046,0.9977,-0.295,0.9853,0.0,1.0,0.0,1.0,-0.355,0.9822,0.0,1.0,0.0,1.0,0.0,1.0,3
brandon clarke,Brandon Clarke,0.337,1.0169,0.038,1.0019,0.677,1.0338,0.394,1.0197,0.017,1.0009,-0.891,0.9554,-0.964,0.9518,0.0,1.0,-1.653,0.9174,0.0,1.0,-0.058,0.9971,0.491,1.0246,10
brandon ingram,Brandon Ingram,-0.048,0.9976,0.186,1.0093,-0.434,0.9783,0.0,1.0,1.094,1.0547,1.577,1.0788,1.326,1.0663,0.0,1.0,0.683,1.0341,0.0,1.0,0.0,1.0,0.0,1.0,7
brandon miller,Brandon Miller,1.444,1.0722,1.419,1.0709,0.681,1.0341,0.0,1.0,0.342,1.0171,0.138,1.0069,0.893,1.0447,0.0,1.0,1.589,1.0795,0.0,1.0,0.0,1.0,0.0,1.0,7
brandon williams,Brandon Williams,-0.027,0.9987,0.303,1.0152,-0.594,0.9703,0.741,1.037,1.487,1.0744,1.101,1.055,0.0,1.0,0.0,1.0,0.51,1.0255,0.0,1.0,0.0,1.0,0.0,1.0,7
braxton key,,0.0,1.0,0.0,1.0,0.0,1.0,0.0,1.0,0.0,1.0,0.0,1.0,0.0,1.0,0.0,1.0,0.0,1.0,0.0,1.0,0.0,1.0,0.0,1.0,0
brice sensabaugh,Brice Sensabaugh,-0.312,0.9844,0.652,1.0326,-1.839,0.9081,0.387,1.0193,-0.502,0.9749,-0.916,0.9542,1.07,1.0535,0.0,1.0,1.551,1.0775,0.0,1.0,-1.146,0.9427,-1.03,0.9485,10
bronny james,Bronny James,-1.652,0.9174,-1.255,0.9372,-1.429,0.9286,0.0,1.0,0.0,1.0,0.0,1.0,0.0,1.0,0.0,1.0,0.0,1.0,0.0,1.0,0.0,1.0,0.0,1.0,3
brook lopez,Brook Lopez,0.533,1.0266,0.143,1.0071,0.923,1.0461,0.741,1.037,0.085,1.0042,-1.098,0.9451,0.146,1.0073,0.0,1.0,1.333,1.0667,0.696,1.0348,-0.285,0.9858,1.821,1.0911,11
bruce brown,Bruce Brown,-1.09,0.9455,-1.147,0.9427,-0.38,0.981,0.0,1.0,-0.386,0.9807,-0.276,0.9862,0.0,1.0,0.0,1.0,-1.248,0.9376,0.0,1.0,0.0,1.0,-0.658,0.9671,7
bruno fernando,,0.0,1.0,0.0,1.0,0.0,1.0,0.0,1.0,0.0,1.0,0.0,1.0,0.0,1.0,0.0,1.0,0.0,1.0,0.0,1.0,0.0,1.0,0.0,1.0,0
bryce mcgowens,Bryce McGowens,-0.858,0.9571,-0.519,0.9741,-0.977,0.9511,0.0,1.0,0.0,1.0,0.0,1.0,0.0,1.0,0.0,1.0,0.0,1.0,0.0,1.0,0.0,1.0,0.0,1.0,3
bub carrington,Bub Carrington,-0.752,0.9624,-0.295,0.9853,-1.138,0.9431,-1.192,0.9404,-1.303,0.9349,0.591,1.0295,-0.227,0.9886,1.219,1.061,-0.673,0.9663,-1.059,0.947,-1.693,0.9153,-0.782,0.9609,12
buddy hield,Buddy Hield,-0.348,0.9826,0.008,1.0004,-0.782,0.9609,-0.171,0.9914,-1.497,0.9252,-0.338,0.9831,0.544,1.0272,0.0,1.0,0.838,1.0419,0.0,1.0,-0.011,0.9994,-0.937,0.9532,10
cade cunningham,Cade Cunningham,1.915,1.0958,1.777,1.0889,1.087,1.0543,-0.13,0.9935,1.88,1.094,2.126,1.1063,-0.123,0.9938,0.29,1.0145,1.049,1.0525,0.748,1.0374,0.169,1.0085,0.146,1.0073,12
caleb houstan,Caleb Houstan,-0.607,0.9697,-0.588,0.9706,-0.301,0.985,0.0,1.0,-1.652,0.9174,-0.877,0.9561,0.0,1.0,0.0,1.0,-0.033,0.9983,0.0,1.0,-0.432,0.9784,-1.292,0.9354,8
caleb martin,Caleb Martin,-1.005,0.9498,-1.694,0.9153,0.774,1.0387,-0.45,0.9775,-0.24,0.988,-0.535,0.9732,-0.86,0.957,-0.832,0.9584,-1.141,0.943,0.0,1.0,-1.793,0.9103,-0.189,0.9905,11
cam christie,Cam Christie,-0.769,0.9616,-1.179,0.9411,0.385,1.0192,0.0,1.0,0.0,1.0,0.0,1.0,0.0,1.0,0.0,1.0,0.0,1.0,0.0,1.0,0.0,1.0,0.0,1.0,3
cam reddish,,0.0,1.0,0.0,1.0,0.0,1.0,0.0,1.0,-1.05,0.9475,-0.916,0.9542,0.0,1.0,0.0,1.0,-1.403,0.9298,0.0,1.0,0.176,1.0088,0.0,1.0,4
cam spencer,Cam Spencer,0.316,1.0158,0.94,1.047,-0.963,0.9519,0.0,1.0,0.0,1.0,0.0,1.0,0.0,1.0,0.0,1.0,0.0,1.0,0.0,1.0,0.0,1.0,0.0,1.0,3
cam thomas,Cam Thomas,-0.246,0.9877,0.908,1.0454,-2.146,0.8927,0.0,1.0,2.031,1.1015,0.629,1.0315,0.402,1.0201,0.0,1.0,1.534,1.0767,0.0,1.0,0.0,1.0,0.0,1.0,7
cam whitmore,Cam Whitmore,-0.543,0.9728,-0.3,0.985,-0.67,0.9665,-0.518,0.9741,-0.556,0.9722,-0.882,0.9559,-0.321,0.984,0.0,1.0,0.61,1.0305,0.0,1.0,1.237,1.0619,-1.081,0.9459,10
cameron johnson,Cameron Johnson,0.728,1.0364,1.003,1.0502,-0.165,0.9917,1.782,1.0891,0.095,1.0047,-0.15,0.9925,1.281,1.064,0.615,1.0308,1.257,1.0628,0.829,1.0414,0.389,1.0195,-0.184,0.9908,12
cameron payne,Cameron Payne,0.304,1.0152,0.022,1.0011,0.632,1.0316,0.033,1.0017,0.046,1.0023,1.259,1.063,-1.548,0.9226,0.0,1.0,1.278,1.0639,0.0,1.0,-0.251,0.9874,-1.22,0.939,10
caris levert,Caris LeVert,-0.631,0.9684,-0.953,0.9523,0.29,1.0145,0.04,1.002,0.07,1.0035,0.754,1.0377,0.063,1.0032,-0.183,0.9909,-0.317,0.9841,0.0,1.0,2.5,1.125,-0.53,0.9735,11
cason wallace,Cason Wallace,1.214,1.0607,-0.194,0.9903,2.5,1.125,-0.212,0.9894,-0.905,0.9548,-0.304,0.9848,0.426,1.0213,0.315,1.0157,-0.936,0.9532,-0.392,0.9804,-0.345,0.9828,0.898,1.0449,12
charles bassey,Charles Bassey,-0.996,0.9502,-0.563,0.9718,-1.203,0.9398,0.0,1.0,0.0,1.0,0.0,1.0,0.0,1.0,0.0,1.0,0.0,1.0,0.0,1.0,0.0,1.0,0.0,1.0,3
chet holmgren,Chet Holmgren,2.314,1.1157,1.29,1.0645,2.5,1.125,-0.151,0.9925,0.57,1.0285,-0.887,0.9557,1.488,1.0744,0.0,1.0,-0.023,0.9988,0.0,1.0,0.943,1.0472,0.0,1.0,9
chris boucher,Chris Boucher,0.3,1.015,0.369,1.0185,0.009,1.0004,0.659,1.033,0.032,1.0016,-1.454,0.9273,-1.22,0.939,0.0,1.0,1.516,1.0758,0.0,1.0,-1.439,0.928,-1.128,0.9436,10
chris duarte,,0.0,1.0,0.0,1.0,0.0,1.0,0.0,1.0,0.0,1.0,0.0,1.0,0.0,1.0,0.0,1.0,0.0,1.0,0.0,1.0,0.0,1.0,0.0,1.0,0
chris livingston,Chris Livingston,-0.896,0.9552,-1.153,0.9423,0.059,1.0029,0.0,1.0,0.0,1.0,0.0,1.0,0.0,1.0,0.0,1.0,0.0,1.0,0.0,1.0,0.0,1.0,0.0,1.0,3
chris paul,Chris Paul,-0.52,0.974,-0.341,0.983,-0.545,0.9728,0.013,1.0006,-1.375,0.9312,2.101,1.1051,-1.361,0.9319,0.808,1.0404,-0.545,0.9727,-1.154,0.9423,-0.084,0.9958,0.068,1.0034,12
christian braun,Christian Braun,0.357,1.0178,0.066,1.0033,0.67,1.0335,1.795,1.0898,-0.167,0.9916,-0.636,0.9682,-0.404,0.9798,-0.279,0.986,0.133,1.0066,-0.269,0.9866,-2.5,0.875,0.058,1.0029,12
christian koloko,Christian Koloko,-1.119,0.9441,-1.56,0.922,0.287,1.0143,0.0,1.0,0.0,1.0,0.0,1.0,0.0,1.0,0.0,1.0,0.0,1.0,0.0,1.0,0.0,1.0,0.0,1.0,3
chuma okeke,,0.0,1.0,0.0,1.0,0.0,1.0,0.0,1.0,0.0,1.0,0.0,1.0,0.0,1.0,0.0,1.0,0.0,1.0,0.0,1.0,0.0,1.0,0.0,1.0,0
cj mccollum,CJ McCollum,0.645,1.0322,0.84,1.042,-0.062,0.9969,0.285,1.0142,0.706,1.0353,0.475,1.0238,0.672,1.0336,0.895,1.0447,1.35,1.0675,0.559,1.028,0.022,1.0011,-0.519,0.974,12
clint capela,Clint Capela,-0.058,0.9971,-0.404,0.9798,0.586,1.0293,-0.804,0.9598,-0.041,0.9979,-1.281,0.9359,-1.199,0.9401,0.0,1.0,-1.708,0.9146,0.0,1.0,0.296,1.0148,1.476,1.0738,10
coby white,Coby White,1.245,1.0622,1.887,1.0944,-0.585,0.9707,1.02,1.051,0.517,1.0258,0.802,1.0401,-0.988,0.9506,1.199,1.0599,0.828,1.0414,-1.665,0.9168,-0.839,0.9581,-0.669,0.9666,12
cody martin,Cody Martin,-0.796,0.9602,-1.539,0.9231,0.961,1.048,-0.852,0.9574,-0.716,0.9642,-0.261,0.9869,0.741,1.0371,0.0,1.0,-1.13,0.9435,0.0,1.0,-0.385,0.9808,0.677,1.0338,10
cody williams,Cody Williams,-1.537,0.9232,-0.913,0.9544,-1.779,0.911,-1.777,0.9111,-1.133,0.9434,-1.171,0.9415,-1.161,0.942,0.0,1.0,-1.175,0.9412,0.0,1.0,-2.5,0.875,-1.158,0.9421,10
colby jones,Colby Jones,-0.782,0.9609,-1.081,0.9459,0.183,1.0092,0.0,1.0,-0.41,0.9795,-0.439,0.978,0.0,1.0,0.0,1.0,-0.919,0.954,0.0,1.0,0.0,1.0,0.0,1.0,6
cole anthony,Cole Anthony,-0.887,0.9556,-0.857,0.9571,-0.443,0.9779,-0.729,0.9635,0.662,1.0331,1.081,1.0541,0.018,1.0009,0.0,1.0,-0.189,0.9905,0.0,1.0,-0.825,0.9587,-0.71,0.9645,10
cole swider,,0.0,1.0,0.0,1.0,0.0,1.0,0.0,1.0,0.0,1.0,0.0,1.0,0.0,1.0,0.0,1.0,0.0,1.0,0.0,1.0,0.0,1.0,0.0,1.0,0
colin castleton,Colin Castleton,-0.896,0.9552,-0.989,0.9506,-0.23,0.9885,0.0,1.0,0.0,1.0,0.0,1.0,0.0,1.0,0.0,1.0,0.0,1.0,0.0,1.0,0.0,1.0,0.0,1.0,3
collin gillespie,Collin Gillespie,1.057,1.0528,0.863,1.0431,0.808,1.0404,0.0,1.0,0.0,1.0,0.0,1.0,0.0,1.0,0.0,1.0,0.0,1.0,0.0,1.0,0.0,1.0,0.0,1.0,3
collin sexton,Collin Sexton,-0.108,0.9946,0.369,1.0184,-0.889,0.9556,0.611,1.0306,1.817,1.0909,0.918,1.0459,0.848,1.0424,0.411,1.0206,1.094,1.0547,0.043,1.0022,0.029,1.0015,-0.674,0.9663,12
corey kispert,Corey Kispert,-0.616,0.9692,0.061,1.0031,-1.467,0.9267,0.094,1.0047,-0.58,0.971,-0.944,0.9528,0.952,1.0476,0.94,1.047,0.755,1.0378,-0.856,0.9572,0.676,1.0338,-0.772,0.9614,12
cory joseph,,0.0,1.0,0.0,1.0,0.0,1.0,0.0,1.0,-1.128,0.9436,1.125,1.0562,0.0,1.0,0.0,1.0,-0.435,0.9783,0.0,1.0,0.263,1.0131,0.0,1.0,4
craig porter jr.,Craig Porter Jr.,-0.722,0.9639,-0.548,0.9726,-0.626,0.9687,0.0,1.0,-0.677,0.9662,0.451,1.0226,0.0,1.0,0.0,1.0,-0.635,0.9682,0.0,1.0,0.0,1.0,0.0,1.0,6
cui yongxi,,0.0,1.0,0.0,1.0,0.0,1.0,0.0,1.0,0.0,1.0,0.0,1.0,0.0,1.0,0.0,1.0,0.0,1.0,0.0,1.0,0.0,1.0,0.0,1.0,0
d'angelo russell,D'Angelo Russell,0.13,1.0065,0.5,1.025,-0.596,0.9702,0.0,1.0,0.483,1.0241,1.808,1.0904,-1.725,0.9138,1.717,1.0858,1.022,1.0511,0.0,1.0,0.0,1.0,-0.829,0.9586,9
d.j. carton,,0.0,1.0,0.0,1.0,0.0,1.0,0.0,1.0,0.0,1.0,0.0,1.0,0.0,1.0,0.0,1.0,0.0,1.0,0.0,1.0,0.0,1.0,0.0,1.0,0
daeqwon plowden,Daeqwon Plowden,-0.596,0.9702,-0.021,0.9989,-1.277,0.9361,0.0,1.0,0.0,1.0,0.0,1.0,0.0,1.0,0.0,1.0,0.0,1.0,0.0,1.0,0.0,1.0,0.0,1.0,3
daishen nix,,0.0,1.0,0.0,1.0,0.0,1.0,0.0,1.0,0.0,1.0,0.0,1.0,0.0,1.0,0.0,1.0,0.0,1.0,0.0,1.0,0.0,1.0,0.0,1.0,0
dalano banton,Dalano Banton,-0.83,0.9585,-1.085,0.9458,0.085,1.0042,-1.029,0.9486,1.007,1.0503,0.759,1.0379,-0.542,0.9729,0.0,1.0,-0.006,0.9997,0.0,1.0,-0.271,0.9864,-1.313,0.9343,10
dalen terry,Dalen Terry,-1.043,0.9478,-1.51,0.9245,0.365,1.0183,-0.477,0.9761,-0.26,0.987,0.292,1.0146,-1.175,0.9413,0.0,1.0,-0.985,0.9508,0.0,1.0,0.436,1.0218,0.0,1.0,9
dalton knecht,Dalton Knecht,-1.246,0.9377,-0.478,0.9761,-1.905,0.9048,0.598,1.0299,-0.512,0.9744,-1.065,0.9468,0.8,1.04,0.0,1.0,1.506,1.0753,0.0,1.0,-0.098,0.9951,-1.375,0.9313,10
damian lillard,Damian Lillard,1.261,1.0631,1.564,1.0782,0.022,1.0011,2.5,1.125,0.876,1.0438,1.832,1.0916,-0.659,0.967,0.594,1.0297,1.385,1.0692,-0.529,0.9735,1.664,1.0832,-0.524,0.9738,12
damion baugh,,0.0,1.0,0.0,1.0,0.0,1.0,0.0,1.0,0.0,1.0,0.0,1.0,0.0,1.0,0.0,1.0,0.0,1.0,0.0,1.0,0.0,1.0,0.0,1.0,0
damion lee,,0.0,1.0,0.0,1.0,0.0,1.0,0.0,1.0,0.0,1.0,0.0,1.0,0.0,1.0,0.0,1.0,0.0,1.0,0.0,1.0,0.0,1.0,0.0,1.0,0
daniel gafford,Daniel Gafford,0.369,1.0185,0.523,1.0262,-0.11,0.9945,1.687,1.0843,1.88,1.094,-0.93,0.9535,-0.182,0.9909,0.0,1.0,0.0,1.0,0.0,1.0,-0.378,0.9811,1.77,1.0885,9
daniel theis,,0.0,1.0,0.0,1.0,0.0,1.0,0.0,1.0,-0.357,0.9822,-0.718,0.9641,0.0,1.0,0.0,1.0,-1.113,0.9444,0.0,1.0,0.63,1.0315,0.0,1.0,4
daniss jenkins,Daniss Jenkins,0.321,1.0161,-0.032,0.9984,0.766,1.0383,0.0,1.0,0.0,1.0,0.0,1.0,0.0,1.0,0.0,1.0,0.0,1.0,0.0,1.0,0.0,1.0,0.0,1.0,3
dante exum,Dante Exum,-0.551,0.9725,-0.535,0.9733,-0.272,0.9864,0.0,1.0,0.0,1.0,0.0,1.0,0.0,1.0,0.0,1.0,0.0,1.0,0.0,1.0,0.0,1.0,0.0,1.0,3
daquan jeffries,DaQuan Jeffries,-1.184,0.9408,-0.841,0.958,-1.128,0.9436,-1.063,0.9469,-0.832,0.9584,-0.911,0.9545,-0.414,0.9793,0.0,1.0,0.06,1.003,0.0,1.0,-0.665,0.9667,-0.808,0.9596,10
dario a aria,,0.0,1.0,0.0,1.0,0.0,1.0,0.0,1.0,0.0,1.0,0.0,1.0,0.0,1.0,0.0,1.0,0.0,1.0,0.0,1.0,0.0,1.0,0.0,1.0,0
dario saric,Dario Saric,-0.452,0.9774,-0.662,0.9669,0.17,1.0085,0.0,1.0,0.0,1.0,0.0,1.0,0.0,1.0,0.0,1.0,0.0,1.0,0.0,1.0,0.0,1.0,0.0,1.0,3
dariq whitehead,Dariq Whitehead,-1.337,0.9331,-0.834,0.9583,-1.478,0.9261,0.0,1.0,0.0,1.0,0.0,1.0,0.0,1.0,0.0,1.0,0.0,1.0,0.0,1.0,0.0,1.0,0.0,1.0,3
darius garland,Darius Garland,1.416,1.0708,2.033,1.1017,-0.466,0.9767,1.619,1.0809,1.046,1.0523,2.029,1.1015,-0.94,0.953,0.981,1.0491,1.139,1.057,-0.567,0.9717,-0.311,0.9844,-0.798,0.9601,12
david duke jr.,,0.0,1.0,0.0,1.0,0.0,1.0,0.0,1.0,0.0,1.0,0.0,1.0,0.0,1.0,0.0,1.0,0.0,1.0,0.0,1.0,0.0,1.0,0.0,1.0,0
david roddy,David Roddy,-0.851,0.9575,-0.878,0.9561,-0.327,0.9837,0.0,1.0,0.0,1.0,0.0,1.0,0.0,1.0,0.0,1.0,0.0,1.0,0.0,1.0,0.0,1.0,0.0,1.0,3
davion mitchell,Davion Mitchell,0.552,1.0276,0.481,1.0241,0.368,1.0184,-0.586,0.9707,-0.73,0.9635,1.322,1.0661,-1.524,0.9238,0.915,1.0458,-0.885,0.9558,0.152,1.0076,0.59,1.0295,-0.463,0.9769,12
day'ron sharpe,Day'Ron Sharpe,0.856,1.0428,0.471,1.0236,1.056,1.0528,-0.688,0.9656,1.23,1.0615,-0.381,0.9809,0.24,1.012,0.0,1.0,-1.075,0.9463,0.0,1.0,1.718,1.0859,1.367,1.0684,10
de'aaron fox,De'Aaron Fox,1.304,1.0652,1.321,1.066,0.546,1.0273,0.196,1.0098,1.662,1.0831,1.327,1.0663,0.579,1.0289,1.24,1.062,0.389,1.0194,0.114,1.0057,-0.532,0.9734,-0.107,0.9947,12
de'andre hunter,De'Andre Hunter,-0.064,0.9968,0.096,1.0048,-0.311,0.9845,1.156,1.0578,0.599,1.03,-0.992,0.9504,1.654,1.0827,-0.12,0.994,1.617,1.0808,0.611,1.0306,-1.92,0.904,-0.426,0.9787,12
de'anthony melton,De'Anthony Melton,0.669,1.0334,0.232,1.0116,1.067,1.0533,0.0,1.0,0.0,1.0,0.0,1.0,0.0,1.0,0.0,1.0,0.0,1.0,0.0,1.0,0.0,1.0,0.0,1.0,3
dean wade,Dean Wade,0.372,1.0186,-0.213,0.9893,1.198,1.0599,-0.069,0.9965,-1.55,0.9225,-0.92,0.954,0.0,1.0,0.0,1.0,-0.763,0.9618,0.0,1.0,1.644,1.0822,-0.03,0.9985,9
deandre ayton,Deandre Ayton,-0.121,0.9939,0.005,1.0003,-0.277,0.9861,-1.029,0.9486,0.1,1.005,-1.199,0.94,0.451,1.0225,0.0,1.0,-1.542,0.9229,0.0,1.0,-2.5,0.875,2.115,1.1057,10
deandre jordan,DeAndre Jordan,-0.892,0.9554,-0.942,0.9529,-0.304,0.9848,-0.253,0.9874,-1.274,0.9363,-0.762,0.9619,0.0,1.0,0.0,1.0,0.0,1.0,0.0,1.0,1.024,1.0512,0.0,1.0,7
dejounte murray,Dejounte Murray,0.895,1.0447,0.84,1.042,0.49,1.0245,-2.192,0.8904,0.963,1.0482,1.659,1.0829,-1.313,0.9343,0.0,1.0,-0.48,0.976,0.0,1.0,-0.999,0.9501,0.0,1.0,9
delon wright,,0.0,1.0,0.0,1.0,0.0,1.0,0.0,1.0,-1.05,0.9475,0.749,1.0375,0.0,1.0,0.0,1.0,-1.452,0.9274,0.0,1.0,0.0,1.0,0.0,1.0,3
demar derozan,DeMar DeRozan,0.121,1.006,1.209,1.0605,-1.869,0.9065,1.775,1.0888,0.818,1.0409,0.619,1.031,1.163,1.0582,1.392,1.0696,-0.345,0.9828,-0.406,0.9797,0.0,1.0,-0.658,0.9671,11
deni avdija,Deni Avdija,1.113,1.0556,1.787,1.0894,-0.701,0.965,0.067,1.0034,1.458,1.0729,0.591,1.0295,0.835,1.0417,1.63,1.0815,0.278,1.0139,-0.401,0.9799,-0.231,0.9884,-0.39,0.9805,12
dennis schroder,Dennis Schroder,-0.651,0.9675,-0.553,0.9724,-0.46,0.977,-0.089,0.9955,0.57,1.0285,1.731,1.0865,-1.583,0.9209,0.377,1.0188,-0.134,0.9933,-0.728,0.9636,-0.825,0.9587,-0.426,0.9787,12
dereck lively ii,Dereck Lively II,0.524,1.0262,0.074,1.0037,1.025,1.0513,0.584,1.0292,1.982,1.0991,0.316,1.0158,0.0,1.0,0.0,1.0,0.0,1.0,0.0,1.0,0.55,1.0275,0.0,1.0,7
derrick jones jr.,Derrick Jones Jr.,0.567,1.0284,-0.044,0.9978,1.329,1.0665,0.203,1.0102,0.022,1.0011,-1.401,0.9299,-1.292,0.9354,0.0,1.0,0.638,1.0319,-0.245,0.9877,1.731,1.0866,-0.117,0.9941,11
derrick white,Derrick White,1.575,1.0787,0.729,1.0364,2.188,1.1094,1.231,1.0615,-0.371,0.9814,1.158,1.0579,0.136,1.0068,-0.162,0.9919,1.596,1.0798,1.321,1.066,0.963,1.0482,-0.133,0.9934,12
desmond bane,Desmond Bane,1.106,1.0553,1.302,1.0651,0.14,1.007,0.489,1.0244,0.163,1.0081,1.365,1.0683,0.568,1.0284,0.052,1.0026,0.627,1.0314,1.548,1.0774,-0.225,0.9888,-0.261,0.9869,12
devin booker,Devin Booker,1.579,1.079,2.243,1.1122,-0.476,0.9762,1.163,1.0581,1.191,1.0596,1.976,1.0988,1.149,1.0575,1.133,1.0567,0.416,1.0208,-1.414,0.9293,-2.06,0.897,0.084,1.0042,12
devin carter,Devin Carter,0.155,1.0078,0.283,1.0142,-0.158,0.9921,0.0,1.0,0.0,1.0,0.0,1.0,0.0,1.0,0.0,1.0,0.0,1.0,0.0,1.0,0.0,1.0,0.0,1.0,3
devin vassell,Devin Vassell,0.924,1.0462,0.604,1.0302,0.971,1.0485,0.23,1.0115,-0.25,0.9875,0.1,1.005,0.437,1.0218,-0.355,0.9822,0.994,1.0497,-1.48,0.926,-0.512,0.9744,-0.576,0.9712,12
dillon brooks,Dillon Brooks,0.74,1.037,0.643,1.0321,0.498,1.0249,-0.103,0.9948,-0.585,0.9708,-1.108,0.9446,0.53,1.0265,-1.091,0.9455,0.939,1.0469,0.048,1.0024,-0.699,0.9651,-0.488,0.9756,12
dillon jones,Dillon Jones,-1.645,0.9178,-1.473,0.9263,-1.027,0.9487,0.0,1.0,-1.172,0.9414,-0.03,0.9985,0.0,1.0,0.0,1.0,-1.514,0.9243,0.0,1.0,0.0,1.0,0.0,1.0,6
domantas sabonis,Domantas Sabonis,0.817,1.0408,1.168,1.0584,-0.261,0.9869,0.482,1.0241,0.488,1.0244,0.797,1.0399,1.128,1.0564,-0.055,0.9973,-0.708,0.9646,-0.236,0.9882,-0.398,0.9801,2.5,1.125,12
dominick barlow,Dominick Barlow,-0.39,0.9805,-0.696,0.9652,0.369,1.0184,0.0,1.0,0.0,1.0,0.0,1.0,0.0,1.0,0.0,1.0,0.0,1.0,0.0,1.0,0.0,1.0,0.0,1.0,3
donovan clingan,Donovan Clingan,1.468,1.0734,1.337,1.0668,0.878,1.0439,-0.654,0.9673,-1.623,0.9189,-1.531,0.9234,-0.974,0.9513,0.0,1.0,-1.635,0.9182,0.0,1.0,0.0,1.0,1.295,1.0648,9
donovan mitchell,Donovan Mitchell,1.915,1.0957,2.247,1.1124,0.257,1.0128,1.673,1.0836,1.337,1.0668,1.428,1.0714,-0.428,0.9786,0.487,1.0244,1.606,1.0803,1.15,1.0575,0.93,1.0465,0.027,1.0014,12
donte divincenzo,Donte DiVincenzo,0.975,1.0487,0.766,1.0383,0.799,1.0399,0.108,1.0054,-1.109,0.9446,0.509,1.0254,0.088,1.0044,1.026,1.0513,1.077,1.0539,0.0,1.0,0.57,1.0285,-0.354,0.9823,11
dorian finney-smith,Dorian Finney-Smith,-0.331,0.9835,-0.751,0.9624,0.596,1.0298,-0.076,0.9962,-1.599,0.9201,-1.012,0.9494,0.0,1.0,0.0,1.0,-0.241,0.9879,1.34,1.067,0.183,1.0091,0.13,1.0065,10
doug mcdermott,Doug McDermott,-1.108,0.9446,-0.425,0.9787,-1.693,0.9153,0.0,1.0,0.0,1.0,0.0,1.0,0.0,1.0,0.0,1.0,0.0,1.0,0.0,1.0,0.0,1.0,0.0,1.0,3
draymond green,Draymond Green,-0.411,0.9795,-1.07,0.9465,0.983,1.0491,-1.961,0.902,-1.016,0.9492,1.601,1.0801,-0.089,0.9956,0.0,1.0,-1.068,0.9466,1.699,1.085,1.304,1.0652,1.857,1.0929,11
drew eubanks,Drew Eubanks,-1.304,0.9348,-0.952,0.9524,-1.196,0.9402,-0.253,0.9874,0.687,1.0343,-0.646,0.9677,0.0,1.0,0.0,1.0,0.361,1.018,0.0,1.0,-0.385,0.9808,0.0,1.0,8
drew peterson,Drew Peterson,-0.801,0.96,-0.796,0.9602,-0.361,0.982,0.0,1.0,0.0,1.0,0.0,1.0,0.0,1.0,0.0,1.0,0.0,1.0,0.0,1.0,0.0,1.0,0.0,1.0,3
drew timme,Drew Timme,-1.356,0.9322,-1.019,0.949,-1.193,0.9404,0.0,1.0,0.0,1.0,0.0,1.0,0.0,1.0,0.0,1.0,0.0,1.0,0.0,1.0,0.0,1.0,0.0,1.0,3
dru smith,Dru Smith,0.039,1.002,-0.884,0.9558,1.647,1.0824,0.0,1.0,0.0,1.0,0.0,1.0,0.0,1.0,0.0,1.0,0.0,1.0,0.0,1.0,0.0,1.0,0.0,1.0,3
duncan robinson,Duncan Robinson,0.541,1.027,0.869,1.0434,-0.341,0.9829,0.509,1.0255,-1.366,0.9317,-0.285,0.9857,0.765,1.0383,0.874,1.0437,0.811,1.0405,0.0,1.0,0.49,1.0245,-0.787,0.9606,11
duop reath,Duop Reath,-0.757,0.9622,-0.67,0.9665,-0.486,0.9757,0.0,1.0,0.0,1.0,0.0,1.0,0.0,1.0,0.0,1.0,0.0,1.0,0.0,1.0,-0.245,0.9878,0.0,1.0,4
dwight powell,Dwight Powell,-0.323,0.9838,-0.598,0.9701,0.342,1.0171,0.0,1.0,-0.9,0.955,-0.276,0.9862,0.0,1.0,0.0,1.0,-1.397,0.9302,0.0,1.0,0.61,1.0305,0.0,1.0,7
dyson daniels,Dyson Daniels,1.832,1.0916,0.775,1.0388,2.5,1.125,-1.532,0.9234,0.012,1.0006,0.518,1.0259,1.139,1.0569,-0.096,0.9952,-1.186,0.9407,-0.302,0.9849,-0.558,0.9721,1.347,1.0673,12
e.j. liddell,E.J. Liddell,-1.06,0.947,-0.423,0.9788,-1.592,0.9204,0.0,1.0,0.0,1.0,0.0,1.0,0.0,1.0,0.0,1.0,0.0,1.0,0.0,1.0,0.0,1.0,0.0,1.0,3
elfrid payton,,0.0,1.0,0.0,1.0,0.0,1.0,0.0,1.0,-0.512,0.9744,2.308,1.1154,0.0,1.0,0.0,1.0,-1.642,0.9179,0.0,1.0,0.0,1.0,0.0,1.0,3
elijah harkless,Elijah Harkless,0.202,1.0101,-0.114,0.9943,0.648,1.0324,0.0,1.0,0.0,1.0,0.0,1.0,0.0,1.0,0.0,1.0,0.0,1.0,0.0,1.0,0.0,1.0,0.0,1.0,3
emanuel miller,Emanuel Miller,-1.135,0.9433,-0.694,0.9653,-1.279,0.936,0.0,1.0,0.0,1.0,0.0,1.0,0.0,1.0,0.0,1.0,0.0,1.0,0.0,1.0,0.0,1.0,0.0,1.0,3
emoni bates,,0.0,1.0,0.0,1.0,0.0,1.0,0.0,1.0,0.0,1.0,0.0,1.0,0.0,1.0,0.0,1.0,0.0,1.0,0.0,1.0,0.0,1.0,0.0,1.0,0
enrique freeman,Enrique Freeman,-1.631,0.9185,-1.496,0.9252,-0.955,0.9523,0.0,1.0,0.0,1.0,0.0,1.0,0.0,1.0,0.0,1.0,0.0,1.0,0.0,1.0,0.0,1.0,0.0,1.0,3
eric gordon,Eric Gordon,-0.761,0.9619,-0.589,0.9705,-0.639,0.968,-0.008,0.9996,-0.395,0.9802,-0.66,0.967,0.0,1.0,0.0,1.0,0.956,1.0478,0.0,1.0,0.0,1.0,0.0,1.0,7
evan mobley,Evan Mobley,0.907,1.0454,0.444,1.0222,1.217,1.0608,0.707,1.0353,1.133,1.0566,-0.107,0.9946,1.64,1.082,-1.695,0.9152,-0.078,0.9961,1.463,1.0731,-0.512,0.9744,1.991,1.0996,12
franz wagner,Franz Wagner,1.953,1.0976,1.313,1.0657,1.989,1.0994,0.026,1.0013,1.846,1.0923,0.894,1.0447,1.419,1.0709,-0.031,0.9985,0.562,1.0281,-0.312,0.9844,0.87,1.0435,-0.086,0.9957,12
fred vanvleet,Fred VanVleet,1.093,1.0547,0.496,1.0248,1.536,1.0768,-0.552,0.9724,-0.915,0.9543,1.303,1.0651,-0.753,0.9624,0.767,1.0383,-0.407,0.9796,-0.108,0.9946,1.831,1.0916,0.527,1.0264,12
gabe vincent,Gabe Vincent,-0.787,0.9607,-0.625,0.9688,-0.632,0.9684,-0.117,0.9942,-1.439,0.9281,-0.583,0.9708,-0.718,0.9641,0.0,1.0,-0.123,0.9938,0.0,1.0,0.089,1.0045,-0.798,0.9601,10
garrett temple,Garrett Temple,-0.847,0.9576,-1.587,0.9207,0.932,1.0466,0.0,1.0,0.0,1.0,0.0,1.0,0.0,1.0,0.0,1.0,0.0,1.0,0.0,1.0,0.0,1.0,0.0,1.0,3
garrison mathews,Garrison Mathews,-0.409,0.9796,-0.164,0.9918,-0.613,0.9694,0.407,1.0204,-1.264,0.9368,-0.916,0.9542,-1.337,0.9331,0.0,1.0,0.966,1.0483,0.0,1.0,-1.086,0.9457,-1.112,0.9444,10
gary harris,Gary Harris,-1.101,0.9449,-1.431,0.9285,0.097,1.0048,0.0,1.0,-1.977,0.9011,-1.363,0.9319,0.0,1.0,0.0,1.0,-1.269,0.9366,0.0,1.0,1.09,1.0545,-1.004,0.9498,8
gary payton ii,Gary Payton II,0.662,1.0331,0.327,1.0164,0.884,1.0442,0.332,1.0166,0.09,1.0045,0.056,1.0028,-1.185,0.9407,0.0,1.0,-0.196,0.9902,0.0,1.0,0.717,1.0358,-0.359,0.982,10
gary trent jr.,Gary Trent Jr.,-0.507,0.9747,-0.088,0.9956,-0.962,0.9519,0.904,1.0452,-0.454,0.9773,-0.877,0.9561,-0.601,0.97,0.463,1.0232,1.644,1.0822,0.0,1.0,-0.452,0.9774,-1.2,0.94,11
georges niang,Georges Niang,-0.23,0.9885,0.46,1.023,-1.319,0.9341,0.21,1.0105,-0.711,0.9645,-0.891,0.9554,-1.351,0.9324,0.0,1.0,1.34,1.067,0.0,1.0,-1.079,0.9461,-0.21,0.9895,10
gg jackson,GG Jackson,-0.188,0.9906,0.408,1.0204,-1.135,0.9432,0.0,1.0,0.0,1.0,0.0,1.0,0.0,1.0,0.0,1.0,0.0,1.0,0.0,1.0,0.0,1.0,0.0,1.0,3
giannis antetokounmpo,Giannis Antetokounmpo,2.5,1.125,2.5,1.125,1.289,1.0644,2.211,1.1105,2.118,1.1059,1.447,1.0724,1.454,1.0727,-0.894,0.9553,-1.275,0.9362,1.155,1.0578,0.563,1.0281,1.306,1.0653,12
goga bitadze,Goga Bitadze,0.412,1.0206,0.005,1.0003,0.9,1.045,-0.076,0.9962,0.002,1.0001,-0.526,0.9737,-0.449,0.9776,0.0,1.0,-1.559,0.922,0.0,1.0,1.25,1.0625,1.476,1.0738,10
gradey dick,Gradey Dick,-0.646,0.9677,-0.637,0.9681,-0.3,0.985,-1.069,0.9465,-0.323,0.9839,-0.805,0.9598,0.485,1.0243,-0.721,0.9639,0.582,1.0291,-1.177,0.9411,-1.246,0.9377,-0.452,0.9774,12
grant williams,Grant Williams,0.151,1.0075,0.064,1.0032,0.219,1.011,0.0,1.0,0.0,1.0,0.0,1.0,0.0,1.0,0.0,1.0,0.0,1.0,0.0,1.0,0.0,1.0,0.0,1.0,3
grayson allen,Grayson Allen,1.245,1.0623,1.749,1.0875,-0.341,0.9829,0.809,1.0404,-0.172,0.9914,-0.175,0.9913,-0.836,0.9582,-0.873,0.9563,1.129,1.0564,0.0,1.0,-0.899,0.9551,-0.519,0.974,11
guerschon yabusele,Guerschon Yabusele,-0.312,0.9844,0.042,1.0021,-0.764,0.9618,0.251,1.0125,0.197,1.0098,-0.55,0.9725,-0.168,0.9916,1.351,1.0675,1.295,1.0647,-1.163,0.9418,-0.678,0.9661,1.764,1.0882,12
gui santos,Gui Santos,0.823,1.0412,0.871,1.0435,0.279,1.0139,-0.321,0.984,-1.463,0.9269,0.028,1.0014,0.0,1.0,0.0,1.0,-1.424,0.9288,0.0,1.0,-0.819,0.9591,0.0,1.0,8
harrison barnes,Harrison Barnes,-0.212,0.9894,0.388,1.0194,-1.153,0.9424,1.809,1.0905,0.643,1.0321,-0.588,0.9706,0.122,1.0061,-0.379,0.981,1.423,1.0711,-1.177,0.9411,-0.658,0.9671,-0.37,0.9815,12
harrison ingram,Harrison Ingram,-1.804,0.9098,-1.692,0.9154,-0.992,0.9504,0.0,1.0,0.0,1.0,0.0,1.0,0.0,1.0,0.0,1.0,0.0,1.0,0.0,1.0,0.0,1.0,0.0,1.0,3
haywood highsmith,Haywood Highsmith,-0.449,0.9776,-0.799,0.96,0.422,1.0211,-0.226,0.9887,-1.458,0.9271,-0.992,0.9504,-1.676,0.9162,0.0,1.0,-0.729,0.9636,-0.837,0.9582,-0.331,0.9834,-0.318,0.9841,11
herbert jones,Herbert Jones,0.53,1.0265,-0.062,0.9969,1.279,1.064,0.0,1.0,0.192,1.0096,-0.271,0.9865,0.0,1.0,0.0,1.0,-0.501,0.975,0.0,1.0,0.0,1.0,0.0,1.0,6
hunter tyson,Hunter Tyson,-0.79,0.9605,-0.344,0.9828,-1.136,0.9432,0.0,1.0,0.0,1.0,0.0,1.0,0.0,1.0,0.0,1.0,0.0,1.0,0.0,1.0,0.0,1.0,0.0,1.0,3
immanuel quickley,Immanuel Quickley,0.915,1.0458,1.123,1.0562,0.036,1.0018,0.421,1.021,1.283,1.0642,1.707,1.0853,-0.006,0.9997,0.0,1.0,1.039,1.0519,0.0,1.0,-0.518,0.9741,0.0,1.0,9
isaac jones,Isaac Jones,-1.227,0.9386,-1.047,0.9477,-0.86,0.957,0.0,1.0,0.0,1.0,0.0,1.0,0.0,1.0,0.0,1.0,0.0,1.0,0.0,1.0,0.0,1.0,0.0,1.0,3
isaac okoro,Isaac Okoro,-0.324,0.9838,-0.11,0.9945,-0.52,0.974,0.196,1.0098,-1.244,0.9378,-0.988,0.9506,0.0,1.0,0.0,1.0,-0.801,0.9599,0.0,1.0,0.463,1.0231,-0.426,0.9787,9
isaiah collier,Isaiah Collier,-1.246,0.9377,-0.423,0.9789,-2.002,0.8999,-2.5,0.875,0.032,1.0016,1.726,1.0863,-0.615,0.9693,1.413,1.0706,-1.525,0.9238,-1.627,0.9187,-1.406,0.9297,-0.777,0.9612,12
isaiah crawford,Isaiah Crawford,-1.223,0.9389,-1.278,0.9361,-0.44,0.978,0.0,1.0,0.0,1.0,0.0,1.0,0.0,1.0,0.0,1.0,0.0,1.0,0.0,1.0,0.0,1.0,0.0,1.0,3
isaiah hartenstein,Isaiah Hartenstein,1.685,1.0842,0.904,1.0452,2.119,1.106,-0.75,0.9625,-0.095,0.9953,-0.102,0.9949,-1.14,0.943,0.0,1.0,-1.687,0.9156,0.635,1.0317,-0.879,0.9561,2.486,1.1243,11
isaiah jackson,Isaiah Jackson,-0.262,0.9869,-0.272,0.9864,-0.097,0.9951,0.0,1.0,0.0,1.0,0.0,1.0,0.0,1.0,0.0,1.0,0.0,1.0,0.0,1.0,0.0,1.0,0.0,1.0,3
isaiah joe,Isaiah Joe,0.818,1.0409,0.869,1.0435,0.269,1.0134,0.897,1.0449,-1.429,0.9286,-0.03,0.9985,-0.03,0.9985,0.0,1.0,0.984,1.0492,0.0,1.0,0.203,1.0101,-0.581,0.9709,10
isaiah mobley,,0.0,1.0,0.0,1.0,0.0,1.0,0.0,1.0,0.0,1.0,0.0,1.0,0.0,1.0,0.0,1.0,0.0,1.0,0.0,1.0,0.0,1.0,0.0,1.0,0
isaiah stevens,Isaiah Stevens,-1.271,0.9364,-1.154,0.9423,-0.768,0.9616,0.0,1.0,0.0,1.0,0.0,1.0,0.0,1.0,0.0,1.0,0.0,1.0,0.0,1.0,0.0,1.0,0.0,1.0,3
isaiah stewart,Isaiah Stewart,-0.521,0.974,-0.611,0.9695,-0.07,0.9965,-0.069,0.9965,-0.842,0.9579,-1.021,0.9489,0.416,1.0208,0.0,1.0,-1.258,0.9371,0.0,1.0,-0.605,0.9697,1.641,1.082,10
isaiah wong,,0.0,1.0,0.0,1.0,0.0,1.0,0.0,1.0,0.0,1.0,0.0,1.0,0.0,1.0,0.0,1.0,0.0,1.0,0.0,1.0,0.0,1.0,0.0,1.0,0
ivica zubac,Ivica Zubac,0.727,1.0364,0.676,1.0338,0.412,1.0206,0.884,1.0442,1.089,1.0545,-0.223,0.9889,-0.895,0.9553,0.681,1.034,0.0,1.0,1.463,1.0731,1.284,1.0642,2.275,1.1137,11
ja morant,Ja Morant,1.182,1.0591,1.351,1.0676,0.222,1.0111,-0.579,0.971,1.987,1.0993,1.582,1.0791,-0.532,0.9734,1.326,1.0663,0.261,1.013,0.715,1.0358,0.757,1.0378,-0.566,0.9717,12
ja'kobe walter,Ja'Kobe Walter,0.106,1.0053,-0.455,0.9772,1.037,1.0519,-0.92,0.954,-0.23,0.9885,-0.555,0.9723,0.392,1.0196,0.0,1.0,0.07,1.0035,0.0,1.0,-0.151,0.9924,-0.597,0.9702,10
jabari smith jr.,Jabari Smith Jr.,0.56,1.028,0.476,1.0238,0.396,1.0198,-0.368,0.9816,-0.347,0.9827,-1.334,0.9333,1.36,1.068,-0.141,0.9929,0.745,1.0372,-0.345,0.9828,-0.245,0.9878,-0.148,0.9926,12
jabari walker,Jabari Walker,-0.589,0.9705,-0.513,0.9743,-0.393,0.9803,-0.001,1.0,-0.104,0.9948,-1.32,0.934,0.0,1.0,0.0,1.0,-0.051,0.9975,0.0,1.0,0.009,1.0004,0.0,1.0,8
jack mcveigh,,0.0,1.0,0.0,1.0,0.0,1.0,0.0,1.0,0.0,1.0,0.0,1.0,0.0,1.0,0.0,1.0,0.0,1.0,0.0,1.0,0.0,1.0,0.0,1.0,0
jackson rowe,Jackson Rowe,-0.467,0.9766,-0.686,0.9657,0.18,1.009,0.0,1.0,0.0,1.0,0.0,1.0,0.0,1.0,0.0,1.0,0.0,1.0,0.0,1.0,0.0,1.0,0.0,1.0,3
jacob toppin,Jacob Toppin,-1.024,0.9488,-0.863,0.9568,-0.735,0.9632,0.0,1.0,0.0,1.0,0.0,1.0,0.0,1.0,0.0,1.0,0.0,1.0,0.0,1.0,0.0,1.0,0.0,1.0,3
jaden hardy,Jaden Hardy,-0.672,0.9664,-0.122,0.9939,-1.269,0.9366,-0.647,0.9676,0.502,1.0251,-0.42,0.979,-1.116,0.9442,0.0,1.0,1.067,1.0533,0.0,1.0,-0.845,0.9577,-1.004,0.9498,10
jaden ivey,Jaden Ivey,-0.703,0.9649,-0.396,0.9802,-0.85,0.9575,-0.552,0.9724,0.905,1.0452,0.812,1.0406,0.755,1.0377,0.0,1.0,0.645,1.0322,0.0,1.0,0.056,1.0028,0.0,1.0,9
jaden mcdaniels,Jaden McDaniels,0.776,1.0388,0.284,1.0142,1.211,1.0605,-0.328,0.9836,-0.143,0.9928,-0.776,0.9612,-0.497,0.9752,0.722,1.0361,0.015,1.0007,-0.037,0.9981,-0.078,0.9961,0.156,1.0078,12
jaden springer,Jaden Springer,-0.696,0.9652,-1.159,0.9421,0.511,1.0256,0.0,1.0,0.0,1.0,0.0,1.0,0.0,1.0,0.0,1.0,0.0,1.0,0.0,1.0,0.0,1.0,0.0,1.0,3
jae crowder,,0.0,1.0,0.0,1.0,0.0,1.0,0.0,1.0,0.0,1.0,0.0,1.0,0.0,1.0,0.0,1.0,0.0,1.0,0.0,1.0,0.0,1.0,0.0,1.0,0
jae'sean tate,Jae'Sean Tate,-0.817,0.9591,-1.027,0.9487,0.01,1.0005,0.0,1.0,0.002,1.0001,-0.68,0.966,0.0,1.0,0.0,1.0,-0.58,0.971,0.0,1.0,0.0,1.0,0.0,1.0,6
jahlil okafor,,0.0,1.0,0.0,1.0,0.0,1.0,0.0,1.0,0.0,1.0,0.0,1.0,0.0,1.0,0.0,1.0,0.0,1.0,0.0,1.0,0.0,1.0,0.0,1.0,0
jahmir young,Jahmir Young,-1.091,0.9455,-0.794,0.9603,-1.004,0.9498,0.0,1.0,0.0,1.0,0.0,1.0,0.0,1.0,0.0,1.0,0.0,1.0,0.0,1.0,0.0,1.0,0.0,1.0,3
jaime jaquez jr.,Jaime Jaquez Jr.,-0.092,0.9954,0.191,1.0096,-0.54,0.973,-0.988,0.9506,1.157,1.0579,0.177,1.0088,1.104,1.0552,0.0,1.0,-0.757,0.9622,0.0,1.0,1.277,1.0639,-0.421,0.9789,10
jake laravia,Jake LaRavia,-0.323,0.9839,-0.459,0.9771,0.097,1.0049,-0.409,0.9795,-0.512,0.9744,0.013,1.0007,-1.465,0.9267,0.0,1.0,-0.857,0.9572,0.0,1.0,0.082,1.0041,-0.38,0.981,10
jakob poeltl,Jakob Poeltl,0.679,1.034,0.412,1.0206,0.771,1.0386,0.169,1.0085,0.774,1.0387,-0.608,0.9696,0.098,1.0049,0.0,1.0,-1.002,0.9499,0.55,1.0275,0.97,1.0485,2.393,1.1197,11
jalen bridges,,0.0,1.0,0.0,1.0,0.0,1.0,0.0,1.0,0.0,1.0,0.0,1.0,0.0,1.0,0.0,1.0,0.0,1.0,0.0,1.0,0.0,1.0,0.0,1.0,0
jalen brunson,Jalen Brunson,1.579,1.0789,2.5,1.125,-0.996,0.9502,2.5,1.125,1.875,1.0938,1.947,1.0974,-0.276,0.9862,0.356,1.0178,0.973,1.0487,-1.272,0.9364,0.309,1.0155,-0.318,0.9841,12
jalen duren,Jalen Duren,1.235,1.0618,1.348,1.0674,0.345,1.0172,1.033,1.0517,1.114,1.0557,-0.531,0.9735,1.001,1.05,-1.65,0.9175,0.0,1.0,-0.17,0.9915,-1.526,0.9237,2.213,1.1106,11
jalen green,Jalen Green,0.408,1.0204,0.676,1.0338,-0.293,0.9853,0.019,1.001,0.895,1.0448,0.249,1.0124,-0.905,0.9548,-0.787,0.9607,1.25,1.0625,-0.553,0.9724,0.683,1.0342,-1.143,0.9429,12
jalen hood-schifino,,0.0,1.0,0.0,1.0,0.0,1.0,0.0,1.0,0.0,1.0,0.0,1.0,0.0,1.0,0.0,1.0,0.0,1.0,0.0,1.0,0.0,1.0,0.0,1.0,0
jalen johnson,Jalen Johnson,0.935,1.0467,0.831,1.0415,0.596,1.0298,-1.178,0.9411,0.415,1.0207,0.538,1.0269,1.339,1.067,0.0,1.0,-0.774,0.9613,1.032,1.0516,1.831,1.0916,0.0,1.0,10
jalen mcdaniels,,0.0,1.0,0.0,1.0,0.0,1.0,0.0,1.0,0.0,1.0,0.0,1.0,0.0,1.0,0.0,1.0,0.0,1.0,0.0,1.0,0.0,1.0,0.0,1.0,0
jalen pickett,Jalen Pickett,-0.592,0.9704,-0.444,0.9778,-0.522,0.9739,0.0,1.0,-1.283,0.9358,0.971,1.0485,0.0,1.0,0.0,1.0,-0.49,0.9755,0.0,1.0,1.638,1.0819,0.0,1.0,7
jalen smith,Jalen Smith,0.748,1.0374,0.816,1.0408,0.208,1.0104,0.169,1.0085,0.624,1.0312,-0.723,0.9638,-0.487,0.9757,0.0,1.0,1.568,1.0784,0.0,1.0,-0.178,0.9911,0.007,1.0003,10
jalen suggs,Jalen Suggs,0.769,1.0385,-0.125,0.9938,1.917,1.0958,-1.389,0.9305,0.308,1.0154,0.788,1.0394,0.043,1.0021,0.0,1.0,0.672,1.0336,0.0,1.0,0.336,1.0168,0.0,1.0,9
jalen williams,Jalen Williams,1.589,1.0795,1.194,1.0597,1.399,1.0699,0.809,1.0404,1.463,1.0731,1.014,1.0507,-0.355,0.9822,-1.046,0.9477,0.444,1.0222,1.671,1.0835,2.452,1.1226,0.739,1.0369,12
jalen wilson,Jalen Wilson,-1.171,0.9415,-0.767,0.9616,-1.228,0.9386,-0.675,0.9663,-0.293,0.9853,-0.569,0.9715,-0.065,0.9968,-1.263,0.9368,-0.608,0.9696,-0.808,0.9596,-0.378,0.9811,-0.602,0.9699,12
jamal cain,Jamal Cain,-0.429,0.9786,-0.418,0.9791,-0.207,0.9897,0.0,1.0,0.075,1.0038,-1.252,0.9374,0.0,1.0,0.0,1.0,1.001,1.05,0.0,1.0,0.0,1.0,0.0,1.0,6
jamal murray,Jamal Murray,1.454,1.0727,2.485,1.1242,-1.179,0.941,1.476,1.0738,0.371,1.0186,1.187,1.0594,1.08,1.054,0.031,1.0016,0.662,1.0331,-0.879,0.956,-0.418,0.9791,-0.148,0.9926,12
jamal shead,Jamal Shead,0.32,1.016,-0.397,0.9801,1.408,1.0704,-1.369,0.9316,-0.434,0.9783,1.793,1.0897,-0.438,0.9781,0.0,1.0,-1.085,0.9457,0.0,1.0,-1.526,0.9237,-1.086,0.9457,10
jamaree bouyea,Jamaree Bouyea,-0.449,0.9776,-0.865,0.9567,0.539,1.0269,0.0,1.0,0.0,1.0,0.0,1.0,0.0,1.0,0.0,1.0,0.0,1.0,0.0,1.0,0.0,1.0,0.0,1.0,3
james harden,James Harden,0.866,1.0433,1.26,1.063,-0.315,0.9842,0.435,1.0217,1.565,1.0782,1.943,1.0971,-1.151,0.9425,-0.314,0.9843,1.122,1.0561,-0.752,0.9624,0.656,1.0328,-0.045,0.9978,12
james johnson,,0.0,1.0,0.0,1.0,0.0,1.0,0.0,1.0,0.0,1.0,0.0,1.0,0.0,1.0,0.0,1.0,0.0,1.0,0.0,1.0,0.0,1.0,0.0,1.0,0
james wiseman,James Wiseman,-1.651,0.9175,-1.426,0.9287,-1.125,0.9438,0.0,1.0,0.0,1.0,0.0,1.0,0.0,1.0,0.0,1.0,0.0,1.0,0.0,1.0,0.0,1.0,0.0,1.0,3
jamison battle,Jamison Battle,-1.205,0.9397,-0.901,0.955,-1.068,0.9466,0.203,1.0102,-1.206,0.9397,-0.8,0.96,-0.31,0.9845,0.0,1.0,1.267,1.0634,0.0,1.0,-0.398,0.9801,-1.365,0.9318,10
jarace walker,Jarace Walker,-1.07,0.9465,-0.881,0.9559,-0.805,0.9597,-0.123,0.9938,-0.357,0.9822,-0.3,0.985,-0.822,0.9589,0.0,1.0,0.617,1.0308,0.0,1.0,-0.899,0.9551,-1.349,0.9325,10
jared butler,,0.0,1.0,0.0,1.0,0.0,1.0,-0.471,0.9765,0.687,1.0343,1.64,1.082,-1.711,0.9145,0.0,1.0,-0.39,0.9805,0.0,1.0,0.0,1.0,-1.009,0.9496,6
jared mccain,Jared McCain,-0.269,0.9865,0.271,1.0135,-1.072,0.9464,0.0,1.0,1.041,1.052,-0.03,0.9985,-1.479,0.926,0.0,1.0,1.433,1.0717,0.0,1.0,0.0,1.0,0.0,1.0,7
jared rhoden,,0.0,1.0,0.0,1.0,0.0,1.0,0.0,1.0,0.0,1.0,0.0,1.0,0.0,1.0,0.0,1.0,0.0,1.0,0.0,1.0,0.0,1.0,0.0,1.0,0
jaren jackson jr.,Jaren Jackson Jr.,0.864,1.0432,0.287,1.0143,1.4,1.07,0.884,1.0442,1.87,1.0935,-0.781,0.961,1.222,1.0611,0.076,1.0038,1.44,1.072,2.03,1.1015,0.99,1.0495,0.898,1.0449,12
jarred vanderbilt,Jarred Vanderbilt,-0.466,0.9767,-0.727,0.9636,0.256,1.0128,0.0,1.0,-1.007,0.9497,-1.214,0.9393,0.0,1.0,0.0,1.0,-1.386,0.9307,0.0,1.0,0.0,1.0,0.0,1.0,6
jarrett allen,Jarrett Allen,1.946,1.0973,1.608,1.0804,1.455,1.0727,1.7,1.085,0.842,1.0421,-0.805,0.9598,-0.953,0.9523,0.0,1.0,-1.57,0.9215,0.677,1.0339,1.364,1.0682,2.285,1.1143,11
javonte green,Javonte Green,0.6,1.03,-0.353,0.9823,1.948,1.0974,-0.028,0.9986,-1.08,0.946,-1.257,0.9371,0.0,1.0,0.0,1.0,-0.947,0.9527,0.0,1.0,0.917,1.0458,-0.411,0.9795,9
jaxson hayes,Jaxson Hayes,-0.02,0.999,-0.243,0.9878,0.385,1.0192,0.795,1.0398,1.521,1.0761,-0.935,0.9533,0.0,1.0,0.0,1.0,-1.331,0.9335,0.0,1.0,1.417,1.0709,1.197,1.0599,9
jay huff,Jay Huff,-0.172,0.9914,0.157,1.0079,-0.657,0.9671,0.693,1.0347,-0.347,0.9827,-1.079,0.946,-1.593,0.9203,0.0,1.0,1.212,1.0606,0.0,1.0,-1.239,0.938,0.0,1.0,9
jaylen brown,Jaylen Brown,0.899,1.045,1.137,1.0569,-0.025,0.9988,-0.471,0.9765,1.211,1.0605,1.091,1.0545,1.467,1.0734,0.746,1.0373,0.122,1.0061,0.147,1.0074,-0.945,0.9527,0.228,1.0114,12
jaylen clark,Jaylen Clark,-0.243,0.9879,-0.671,0.9664,0.649,1.0325,0.0,1.0,-0.046,0.9977,-1.281,0.9359,0.0,1.0,0.0,1.0,0.883,1.0442,0.0,1.0,-0.398,0.9801,0.0,1.0,7
jaylen martin,,0.0,1.0,0.0,1.0,0.0,1.0,0.0,1.0,0.0,1.0,0.0,1.0,0.0,1.0,0.0,1.0,0.0,1.0,0.0,1.0,0.0,1.0,0.0,1.0,0
jaylen nowell,,0.0,1.0,0.0,1.0,0.0,1.0,0.0,1.0,0.0,1.0,0.0,1.0,0.0,1.0,0.0,1.0,0.0,1.0,0.0,1.0,0.0,1.0,0.0,1.0,0
jaylen sims,,0.0,1.0,0.0,1.0,0.0,1.0,0.0,1.0,0.0,1.0,0.0,1.0,0.0,1.0,0.0,1.0,0.0,1.0,0.0,1.0,0.0,1.0,0.0,1.0,0
jaylen wells,Jaylen Wells,0.229,1.0114,0.585,1.0292,-0.528,0.9736,-0.076,0.9962,-0.682,0.9659,-0.911,0.9545,-1.514,0.9243,1.067,1.0534,0.043,1.0021,0.521,1.0261,-0.205,0.9898,-0.978,0.9511,12
jaylin williams,Jaylin Williams,0.536,1.0268,-0.429,0.9786,1.939,1.097,0.047,1.0023,-1.366,0.9317,0.769,1.0384,0.0,1.0,0.0,1.0,-0.151,0.9924,0.0,1.0,2.192,1.1096,0.584,1.0292,9
jaylon tyson,Jaylon Tyson,0.06,1.003,0.229,1.0115,-0.272,0.9864,0.0,1.0,0.0,1.0,0.0,1.0,0.0,1.0,0.0,1.0,0.0,1.0,0.0,1.0,0.0,1.0,0.0,1.0,3
jayson tatum,Jayson Tatum,2.221,1.111,2.162,1.1081,1.082,1.0541,1.782,1.0891,1.259,1.063,1.659,1.0829,0.918,1.0459,-0.659,0.967,1.624,1.0812,0.658,1.0329,0.883,1.0442,-0.071,0.9965,12
jazian gortman,,0.0,1.0,0.0,1.0,0.0,1.0,0.0,1.0,0.0,1.0,0.0,1.0,0.0,1.0,0.0,1.0,0.0,1.0,0.0,1.0,0.0,1.0,0.0,1.0,0
jd davison,JD Davison,-0.392,0.9804,-0.458,0.9771,-0.057,0.9972,0.0,1.0,0.0,1.0,0.0,1.0,0.0,1.0,0.0,1.0,0.0,1.0,0.0,1.0,0.0,1.0,0.0,1.0,3
jeenathan williams,,0.0,1.0,0.0,1.0,0.0,1.0,0.0,1.0,0.0,1.0,0.0,1.0,0.0,1.0,0.0,1.0,0.0,1.0,0.0,1.0,0.0,1.0,0.0,1.0,0
jeff dowtin,,0.0,1.0,0.0,1.0,0.0,1.0,0.0,1.0,1.07,1.0535,0.98,1.049,0.0,1.0,0.0,1.0,0.797,1.0398,0.0,1.0,0.0,1.0,0.0,1.0,3
jeff dowtin jr.,,0.0,1.0,0.0,1.0,0.0,1.0,0.72,1.036,1.07,1.0535,0.98,1.049,0.0,1.0,0.0,1.0,0.797,1.0398,0.0,1.0,0.0,1.0,0.0,1.0,4
jeff green,Jeff Green,-1.193,0.9404,-0.692,0.9654,-1.41,0.9295,0.0,1.0,0.0,1.0,0.0,1.0,0.0,1.0,0.0,1.0,0.0,1.0,0.0,1.0,0.0,1.0,0.0,1.0,3
jerami grant,Jerami Grant,-0.279,0.9861,0.116,1.0058,-0.819,0.9591,-1.035,0.9482,-0.153,0.9924,-1.041,0.948,0.662,1.0331,-0.614,0.9693,0.25,1.0125,0.0,1.0,-0.445,0.9778,-0.499,0.9751,11
jeremiah robinson-earl,Jeremiah Robinson-Earl,-1.034,0.9483,-0.607,0.9696,-1.208,0.9396,-0.402,0.9799,-1.38,0.931,-0.819,0.959,-0.742,0.9629,0.0,1.0,-1.213,0.9393,0.0,1.0,-0.098,0.9951,-0.164,0.9918,10
jeremy sochan,Jeremy Sochan,-1.08,0.946,-0.945,0.9528,-0.716,0.9642,-0.586,0.9707,0.163,1.0081,-0.362,0.9819,1.208,1.0604,-1.585,0.9208,-1.296,0.9352,-0.222,0.9889,1.451,1.0725,0.857,1.0429,12
jericho sims,Jericho Sims,-1.01,0.9495,-0.23,0.9885,-1.822,0.9089,0.0,1.0,-1.933,0.9033,-1.945,0.9027,0.0,1.0,0.0,1.0,0.0,1.0,0.0,1.0,0.0,1.0,0.0,1.0,5
jesse edwards,,0.0,1.0,0.0,1.0,0.0,1.0,0.0,1.0,0.0,1.0,0.0,1.0,0.0,1.0,0.0,1.0,0.0,1.0,0.0,1.0,0.0,1.0,0.0,1.0,0
jett howard,Jett Howard,-0.966,0.9517,-0.576,0.9712,-1.115,0.9443,-0.661,0.9669,-1.254,0.9373,-0.911,0.9545,0.0,1.0,0.0,1.0,0.306,1.0153,0.0,1.0,0.0,1.0,0.0,1.0,7
jevon carter,Jevon Carter,-0.824,0.9588,-0.698,0.9651,-0.586,0.9707,0.0,1.0,0.0,1.0,0.0,1.0,0.0,1.0,0.0,1.0,0.0,1.0,0.0,1.0,0.0,1.0,0.0,1.0,3
jimmy butler,,0.0,1.0,0.0,1.0,0.0,1.0,0.0,1.0,2.001,1.1001,1.543,1.0772,0.0,1.0,0.0,1.0,-1.317,0.9342,0.0,1.0,0.0,1.0,0.0,1.0,3
jimmy butler iii,Jimmy Butler III,2.269,1.1134,2.044,1.1022,1.395,1.0698,1.156,1.0578,2.001,1.1001,1.543,1.0772,1.021,1.0511,-0.507,0.9746,-1.317,0.9342,-0.368,0.9816,0.0,1.0,1.182,1.0591,11
jock landale,Jock Landale,-0.057,0.9972,0.607,1.0304,-1.197,0.9402,0.0,1.0,-0.798,0.9601,-1.262,0.9369,0.0,1.0,0.0,1.0,-0.701,0.9649,0.0,1.0,0.349,1.0175,0.0,1.0,7
joe ingles,Joe Ingles,-1.151,0.9425,-0.869,0.9566,-1.005,0.9498,0.0,1.0,0.0,1.0,0.0,1.0,0.0,1.0,0.0,1.0,0.0,1.0,0.0,1.0,0.0,1.0,0.0,1.0,3
joel embiid,Joel Embiid,2.194,1.1097,2.266,1.1133,0.84,1.042,0.0,1.0,2.026,1.1013,0.812,1.0406,1.187,1.0594,0.0,1.0,1.312,1.0656,0.0,1.0,0.0,1.0,0.0,1.0,7
john collins,John Collins,-0.063,0.9969,0.205,1.0103,-0.501,0.975,0.802,1.0401,1.123,1.0562,-0.968,0.9516,1.713,1.0856,1.154,1.0577,0.845,1.0423,0.0,1.0,-0.972,0.9514,1.058,1.0529,11
john konchar,John Konchar,-0.397,0.9802,-0.883,0.9558,0.684,1.0342,0.0,1.0,-1.885,0.9058,-0.747,0.9626,0.0,1.0,0.0,1.0,-1.497,0.9252,0.0,1.0,0.0,1.0,0.0,1.0,6
johnny davis,,0.0,1.0,0.0,1.0,0.0,1.0,0.0,1.0,0.0,1.0,0.0,1.0,0.0,1.0,0.0,1.0,0.0,1.0,0.0,1.0,0.0,1.0,0.0,1.0,0
johnny furphy,Johnny Furphy,-0.414,0.9793,-0.799,0.9601,0.497,1.0249,0.0,1.0,0.0,1.0,0.0,1.0,0.0,1.0,0.0,1.0,0.0,1.0,0.0,1.0,0.0,1.0,0.0,1.0,3
johnny juzang,Johnny Juzang,-0.674,0.9663,-0.077,0.9962,-1.351,0.9325,0.366,1.0183,-1.235,0.9383,-1.094,0.9453,0.962,1.0481,0.0,1.0,1.205,1.0603,0.0,1.0,-1.446,0.9277,-1.019,0.949,10
jonas valanciunas,Jonas Valanciunas,0.094,1.0047,0.947,1.0473,-1.465,0.9268,-0.3,0.985,1.337,1.0668,-0.088,0.9956,-0.054,0.9973,0.0,1.0,-0.618,0.9691,0.0,1.0,-1.686,0.9157,1.61,1.0805,10
jonathan isaac,Jonathan Isaac,-0.003,0.9999,-1.122,0.9439,1.975,1.0988,-0.681,0.9659,-0.895,0.9552,-1.363,0.9319,-0.521,0.9739,0.0,1.0,-1.158,0.9421,0.0,1.0,-0.038,0.9981,-0.231,0.9885,10
jonathan kuminga,Jonathan Kuminga,0.116,1.0058,-0.429,0.9785,1.014,1.0507,-1.212,0.9394,1.851,1.0926,-0.175,0.9913,1.571,1.0786,-1.067,0.9467,-0.334,0.9833,0.0,1.0,0.83,1.0415,-0.225,0.9887,11
jonathan mogbo,Jonathan Mogbo,-1.312,0.9344,-1.732,0.9134,0.163,1.0081,-1.695,0.9152,-0.997,0.9501,-0.117,0.9942,0.554,1.0277,0.0,1.0,-1.587,0.9207,0.0,1.0,1.711,1.0856,0.135,1.0068,10
jordan clarkson,Jordan Clarkson,-0.556,0.9722,-0.34,0.983,-0.627,0.9687,-0.464,0.9768,1.312,1.0656,0.663,1.0331,1.243,1.0621,0.0,1.0,0.894,1.0447,0.0,1.0,-0.225,0.9888,0.0,1.0,9
jordan goodwin,Jordan Goodwin,0.823,1.0412,-0.103,0.9949,1.997,1.0999,0.0,1.0,-0.706,0.9647,0.278,1.0139,0.0,1.0,0.0,1.0,-0.262,0.9869,0.0,1.0,0.0,1.0,0.0,1.0,6
jordan hawkins,Jordan Hawkins,-1.781,0.911,-1.239,0.938,-1.741,0.913,-1.076,0.9462,-1.075,0.9463,-1.031,0.9485,0.378,1.0189,0.0,1.0,0.371,1.0186,0.0,1.0,0.269,1.0135,-1.184,0.9408,10
jordan mclaughlin,Jordan McLaughlin,-0.905,0.9548,-0.82,0.959,-0.547,0.9726,0.0,1.0,0.0,1.0,0.0,1.0,0.0,1.0,0.0,1.0,0.0,1.0,0.0,1.0,0.0,1.0,0.0,1.0,3
jordan miller,Jordan Miller,-0.301,0.985,0.037,1.0018,-0.728,0.9636,0.0,1.0,0.0,1.0,0.0,1.0,0.0,1.0,0.0,1.0,0.0,1.0,0.0,1.0,0.0,1.0,0.0,1.0,3
jordan poole,Jordan Poole,-0.339,0.9831,0.291,1.0146,-1.262,0.9369,0.564,1.0282,0.153,1.0076,1.101,1.055,0.496,1.0248,1.565,1.0782,1.496,1.0748,-1.542,0.9229,-1.72,0.914,-0.499,0.9751,12
jordan walsh,Jordan Walsh,0.186,1.0093,-0.305,0.9847,0.949,1.0475,0.0,1.0,0.0,1.0,0.0,1.0,0.0,1.0,0.0,1.0,0.0,1.0,0.0,1.0,0.0,1.0,0.0,1.0,3
jose alvarado,Jose Alvarado,0.7,1.035,0.21,1.0105,1.172,1.0586,-0.784,0.9608,-0.458,0.9771,1.399,1.0699,-0.881,0.956,0.163,1.0081,0.077,1.0039,0.0,1.0,-0.051,0.9974,-0.292,0.9854,11
josh christopher,,0.0,1.0,0.0,1.0,0.0,1.0,0.0,1.0,0.0,1.0,0.0,1.0,0.0,1.0,0.0,1.0,0.0,1.0,0.0,1.0,0.0,1.0,0.0,1.0,0
josh giddey,Josh Giddey,0.398,1.0199,0.81,1.0405,-0.552,0.9724,-1.144,0.9428,0.565,1.0283,1.943,1.0971,-0.473,0.9764,-0.421,0.979,-0.601,0.97,-0.439,0.978,-0.552,0.9724,-0.102,0.9949,12
josh green,Josh Green,-0.271,0.9865,-0.749,0.9626,0.724,1.0362,-0.511,0.9744,-1.492,0.9254,-0.839,0.9581,-1.081,0.9459,-1.609,0.9196,-0.929,0.9535,-0.392,0.9804,-2.1,0.895,-0.37,0.9815,12
josh hart,Josh Hart,0.756,1.0378,0.263,1.0131,1.205,1.0602,-0.158,0.9921,-0.09,0.9955,0.966,1.0483,0.285,1.0142,1.178,1.0589,-0.397,0.9802,-0.879,0.956,-1.306,0.9347,1.646,1.0823,12
josh minott,Josh Minott,0.297,1.0148,-0.021,0.999,0.691,1.0345,0.0,1.0,0.0,1.0,0.0,1.0,0.0,1.0,0.0,1.0,0.0,1.0,0.0,1.0,0.0,1.0,0.0,1.0,3
josh okogie,Josh Okogie,0.013,1.0007,-0.659,0.967,1.193,1.0597,0.0,1.0,1.099,1.055,-0.535,0.9732,0.0,1.0,0.0,1.0,0.095,1.0047,0.0,1.0,0.0,1.0,0.0,1.0,6
josh richardson,,0.0,1.0,0.0,1.0,0.0,1.0,0.0,1.0,0.0,1.0,0.0,1.0,0.0,1.0,0.0,1.0,0.0,1.0,0.0,1.0,0.0,1.0,0.0,1.0,0
jrue holiday,Jrue Holiday,1.432,1.0716,0.843,1.0421,1.671,1.0836,-0.13,0.9935,-0.473,0.9763,0.388,1.0194,0.776,1.0388,-1.025,0.9487,0.105,1.0052,0.474,1.0237,0.176,1.0088,0.424,1.0212,12
jt thor,,0.0,1.0,0.0,1.0,0.0,1.0,0.0,1.0,0.0,1.0,0.0,1.0,0.0,1.0,0.0,1.0,0.0,1.0,0.0,1.0,0.0,1.0,0.0,1.0,0
julian champagnie,Julian Champagnie,1.161,1.0581,1.15,1.0575,0.532,1.0266,-0.069,0.9965,-1.327,0.9337,-1.05,0.9475,-1.068,0.9466,0.0,1.0,0.69,1.0345,-1.045,0.9478,-2.073,0.8963,-0.89,0.9555,11
julian phillips,Julian Phillips,-1.004,0.9498,-0.961,0.9519,-0.518,0.9741,-0.226,0.9887,-1.118,0.9441,-0.988,0.9506,-1.631,0.9184,0.0,1.0,-1.12,0.944,0.0,1.0,0.156,1.0078,0.0,1.0,9
julian strawther,Julian Strawther,-0.716,0.9642,-0.457,0.9772,-0.774,0.9613,0.006,1.0003,-0.124,0.9938,-0.67,0.9665,0.637,1.0319,0.0,1.0,0.901,1.045,0.0,1.0,-1.479,0.926,-0.865,0.9568,10
julius randle,Julius Randle,0.66,1.033,0.675,1.0338,0.264,1.0132,-0.205,0.9897,1.322,1.0661,0.855,1.0428,1.63,1.0815,0.529,1.0264,-0.161,0.9919,0.824,1.0412,-0.391,0.9804,1.63,1.0815,12
justin champagnie,Justin Champagnie,0.222,1.0111,0.503,1.0251,-0.397,0.9801,0.258,1.0129,-0.687,0.9657,-1.209,0.9395,0.077,1.0039,0.0,1.0,0.05,1.0025,0.0,1.0,-0.265,0.9868,-0.803,0.9599,10
justin edwards,Justin Edwards,-0.784,0.9608,-0.495,0.9753,-0.857,0.9571,-0.402,0.9799,-0.507,0.9747,-0.853,0.9574,-0.148,0.9926,1.544,1.0772,0.517,1.0258,0.0,1.0,0.423,1.0211,-0.504,0.9748,11
justin minaya,,0.0,1.0,0.0,1.0,0.0,1.0,0.0,1.0,0.0,1.0,0.0,1.0,0.0,1.0,0.0,1.0,0.0,1.0,0.0,1.0,0.0,1.0,0.0,1.0,0
jusuf nurkia,,0.0,1.0,0.0,1.0,0.0,1.0,0.0,1.0,-0.158,0.9921,-0.439,0.978,0.0,1.0,0.0,1.0,-0.687,0.9656,0.0,1.0,0.0,1.0,0.0,1.0,3
jusuf nurkic,Jusuf Nurkic,0.373,1.0186,-0.274,0.9863,1.306,1.0653,-0.892,0.9554,-0.158,0.9921,-0.439,0.978,-0.801,0.9599,0.0,1.0,-0.687,0.9656,0.0,1.0,0.0,1.0,2.275,1.1137,9
kai jones,,0.0,1.0,0.0,1.0,0.0,1.0,0.0,1.0,0.0,1.0,0.0,1.0,0.0,1.0,0.0,1.0,0.0,1.0,0.0,1.0,0.0,1.0,0.0,1.0,0
karl-anthony towns,Karl-Anthony Towns,2.335,1.1168,1.866,1.0933,1.856,1.0928,1.795,1.0898,1.938,1.0969,-0.68,0.966,1.675,1.0837,-1.329,0.9335,1.651,1.0826,-0.463,0.9769,-1.766,0.9117,2.259,1.113,12
karlo matkovia,,0.0,1.0,0.0,1.0,0.0,1.0,0.0,1.0,1.055,1.0528,-1.041,0.948,0.0,1.0,0.0,1.0,1.305,1.0653,0.0,1.0,0.0,1.0,0.0,1.0,3
kawhi leonard,Kawhi Leonard,2.5,1.125,2.5,1.125,1.291,1.0645,1.36,1.068,0.808,1.0404,0.239,1.012,1.173,1.0587,0.0,1.0,0.946,1.0473,0.0,1.0,0.463,1.0231,0.0,1.0,9
keaton wallace,Keaton Wallace,-0.553,0.9723,-0.643,0.9679,-0.086,0.9957,0.0,1.0,-0.701,0.9649,1.38,1.069,0.0,1.0,0.0,1.0,-0.646,0.9677,0.0,1.0,0.0,1.0,0.0,1.0,6
keegan murray,Keegan Murray,0.184,1.0092,-0.098,0.9951,0.579,1.029,-0.266,0.9867,-0.633,0.9683,-0.992,0.9504,-0.684,0.9658,0.853,1.0427,0.472,1.0236,0.852,1.0426,-1.573,0.9214,0.259,1.013,12
keion brooks jr.,,0.0,1.0,0.0,1.0,0.0,1.0,0.0,1.0,0.0,1.0,0.0,1.0,0.0,1.0,0.0,1.0,0.0,1.0,0.0,1.0,0.0,1.0,0.0,1.0,0
kel'el ware,Kel'el Ware,0.392,1.0196,0.447,1.0224,0.076,1.0038,-0.028,0.9986,-0.575,0.9713,-1.522,0.9239,-0.04,0.998,0.0,1.0,-1.058,0.9471,0.0,1.0,0.203,1.0101,0.594,1.0297,10
keldon johnson,Keldon Johnson,-0.042,0.9979,0.108,1.0054,-0.282,0.9859,0.006,1.0003,0.973,1.0486,-0.656,0.9672,0.928,1.0464,0.0,1.0,0.316,1.0158,0.0,1.0,-0.038,0.9981,-0.648,0.9676,10
kelly olynyk,Kelly Olynyk,-0.58,0.971,-0.317,0.9841,-0.719,0.964,-0.076,0.9962,0.036,1.0018,0.461,1.023,0.0,1.0,0.0,1.0,-0.552,0.9724,0.0,1.0,0.0,1.0,0.244,1.0122,8
kelly oubre jr.,Kelly Oubre Jr.,-0.168,0.9916,-0.105,0.9947,-0.185,0.9907,-0.328,0.9836,0.677,1.0338,-0.843,0.9578,0.987,1.0493,0.194,1.0097,-0.061,0.9969,-0.695,0.9653,0.042,1.0021,0.275,1.0137,12
kenrich williams,Kenrich Williams,-0.298,0.9851,-0.311,0.9844,-0.108,0.9946,0.128,1.0064,-0.541,0.973,-0.415,0.9792,-0.11,0.9945,0.0,1.0,0.178,1.0089,0.0,1.0,1.15,1.0575,-0.571,0.9715,10
kentavious caldwell-pope,Kentavious Caldwell-Pope,0.027,1.0014,-0.385,0.9808,0.74,1.037,0.162,1.0081,-1.375,0.9312,-0.786,0.9607,0.029,1.0014,1.672,1.0836,-0.369,0.9815,-0.955,0.9523,-0.919,0.9541,-0.385,0.9807,12
kenyon martin jr.,,0.0,1.0,0.0,1.0,0.0,1.0,0.0,1.0,-1.046,0.9477,-0.839,0.9581,0.0,1.0,0.0,1.0,-1.438,0.9281,0.0,1.0,0.0,1.0,0.0,1.0,3
keon ellis,Keon Ellis,-0.493,0.9754,-0.673,0.9664,0.1,1.005,1.054,1.0527,-1.565,0.9218,-0.781,0.961,-0.846,0.9577,0.142,1.0071,-0.179,0.9911,-0.718,0.9641,-0.331,0.9834,-0.06,0.997,12
keon johnson,,0.0,1.0,0.0,1.0,0.0,1.0,-1.668,0.9166,-0.133,0.9933,-0.122,0.9939,-0.193,0.9904,-0.939,0.9531,-0.113,0.9943,-1.963,0.9019,-0.799,0.9601,-0.54,0.973,9
keshad johnson,Keshad Johnson,-0.528,0.9736,-0.644,0.9678,-0.029,0.9986,0.0,1.0,0.0,1.0,0.0,1.0,0.0,1.0,0.0,1.0,0.0,1.0,0.0,1.0,0.0,1.0,0.0,1.0,3
kessler edwards,,0.0,1.0,0.0,1.0,0.0,1.0,0.0,1.0,-1.283,0.9358,-0.405,0.9797,0.0,1.0,0.0,1.0,-1.147,0.9426,0.0,1.0,0.0,1.0,0.0,1.0,3
kevin durant,Kevin Durant,1.534,1.0767,1.875,1.0938,0.073,1.0037,2.5,1.125,1.283,1.0642,0.557,1.0278,1.512,1.0756,-0.335,0.9833,1.662,1.0831,2.101,1.1051,0.229,1.0115,-0.622,0.9689,12
kevin huerter,Kevin Huerter,0.373,1.0187,0.24,1.012,0.399,1.0199,-0.668,0.9666,-0.711,0.9645,-0.309,0.9845,-0.134,0.9933,1.112,1.0556,1.084,1.0542,0.0,1.0,-0.472,0.9764,-0.787,0.9606,11
kevin knox ii,,0.0,1.0,0.0,1.0,0.0,1.0,0.0,1.0,0.0,1.0,0.0,1.0,0.0,1.0,0.0,1.0,0.0,1.0,0.0,1.0,0.0,1.0,0.0,1.0,0
kevin love,Kevin Love,0.002,1.0001,0.332,1.0166,-0.582,0.9709,0.0,1.0,0.0,1.0,0.0,1.0,0.0,1.0,0.0,1.0,0.0,1.0,0.0,1.0,0.0,1.0,0.0,1.0,3
kevin mccullar jr.,Kevin McCullar Jr.,-0.994,0.9503,-0.971,0.9515,-0.478,0.9761,0.0,1.0,0.0,1.0,0.0,1.0,0.0,1.0,0.0,1.0,0.0,1.0,0.0,1.0,0.0,1.0,0.0,1.0,3
kevin porter jr.,Kevin Porter Jr.,0.546,1.0273,0.272,1.0136,0.725,1.0362,-0.777,0.9612,0.958,1.0479,1.466,1.0733,-1.023,0.9489,0.0,1.0,-0.957,0.9521,0.0,1.0,0.743,1.0372,-0.731,0.9635,10
kevon looney,Kevon Looney,-0.164,0.9918,-0.493,0.9753,0.508,1.0254,-0.552,0.9724,-0.124,0.9938,-0.073,0.9963,-0.729,0.9636,0.0,1.0,-1.047,0.9476,0.0,1.0,0.65,1.0325,1.388,1.0694,10
keyonte george,Keyonte George,-0.042,0.9979,1.28,1.064,-2.354,0.8823,-0.933,0.9533,0.798,1.0399,1.235,1.0618,0.648,1.0324,-0.203,0.9898,1.177,1.0589,-1.532,0.9234,-0.191,0.9904,-0.829,0.9586,12
khris middleton,Khris Middleton,-0.431,0.9785,-0.065,0.9968,-0.836,0.9582,1.122,1.0561,-0.779,0.9611,1.293,1.0647,0.298,1.0149,0.0,1.0,-0.289,0.9855,0.0,1.0,0.0,1.0,0.0,1.0,8
killian hayes,Killian Hayes,-0.737,0.9631,-1.056,0.9472,0.239,1.0119,0.0,1.0,0.0,1.0,0.0,1.0,0.0,1.0,0.0,1.0,0.0,1.0,0.0,1.0,0.0,1.0,0.0,1.0,3
kj martin,,0.0,1.0,0.0,1.0,0.0,1.0,0.0,1.0,-1.046,0.9477,-0.839,0.9581,0.0,1.0,0.0,1.0,-1.438,0.9281,0.0,1.0,0.0,1.0,-0.602,0.9699,4
kj simpson,KJ Simpson,-0.817,0.9591,-1.109,0.9445,0.156,1.0078,-2.076,0.8962,-0.109,0.9945,0.6,1.03,-0.767,0.9617,0.0,1.0,-1.092,0.9454,0.0,1.0,-0.692,0.9654,0.0,1.0,9
klay thompson,Klay Thompson,-0.01,0.9995,0.106,1.0053,-0.21,0.9895,-0.266,0.9867,-1.405,0.9298,-0.752,0.9624,1.198,1.0599,-1.522,0.9239,0.866,1.0433,-0.108,0.9946,-0.111,0.9944,-0.968,0.9516,12
kobe brown,Kobe Brown,-0.951,0.9524,-0.476,0.9762,-1.258,0.9371,0.0,1.0,0.0,1.0,0.0,1.0,0.0,1.0,0.0,1.0,0.0,1.0,0.0,1.0,0.0,1.0,0.0,1.0,3
kobe bufkin,Kobe Bufkin,-0.516,0.9742,-0.451,0.9775,-0.342,0.9829,0.0,1.0,0.0,1.0,0.0,1.0,0.0,1.0,0.0,1.0,0.0,1.0,0.0,1.0,0.0,1.0,0.0,1.0,3
kris dunn,Kris Dunn,0.28,1.014,-0.514,0.9743,1.524,1.0762,-0.79,0.9605,-1.133,0.9434,0.388,1.0194,-1.372,0.9314,1.047,1.0523,-0.902,0.9549,1.226,1.0613,1.925,1.0962,0.512,1.0256,12
kris murray,Kris Murray,-0.432,0.9784,-1.238,0.9381,1.233,1.0617,-1.029,0.9486,-0.58,0.971,-0.959,0.9521,-1.572,0.9214,0.0,1.0,-1.358,0.9321,0.0,1.0,0.943,1.0472,-0.823,0.9588,10
kristaps porziaais,,0.0,1.0,0.0,1.0,0.0,1.0,0.0,1.0,0.818,1.0409,-0.396,0.9802,0.0,1.0,0.0,1.0,1.703,1.0852,0.0,1.0,0.0,1.0,0.0,1.0,3
kristaps porzingis,Kristaps Porzingis,1.328,1.0664,1.375,1.0687,0.501,1.0251,1.251,1.0626,0.818,1.0409,-0.396,0.9802,0.976,1.0488,-1.219,0.9391,1.703,1.0852,0.0,1.0,-1.059,0.9471,1.404,1.0702,11
kyle anderson,Kyle Anderson,-0.709,0.9646,-1.407,0.9296,0.921,1.0461,-0.321,0.984,0.313,1.0156,1.043,1.0521,0.0,1.0,0.0,1.0,-0.629,0.9686,0.0,1.0,0.0,1.0,-0.648,0.9676,8
kyle filipowski,Kyle Filipowski,0.247,1.0124,0.92,1.046,-1.079,0.946,-0.389,0.9806,0.007,1.0004,-0.723,0.9638,1.301,1.0651,0.0,1.0,0.205,1.0103,0.0,1.0,-1.046,0.9477,0.228,1.0114,10
kyle kuzma,Kyle Kuzma,-0.893,0.9553,-0.668,0.9666,-0.792,0.9604,-1.552,0.9224,0.507,1.0254,-0.617,0.9691,1.547,1.0773,0.549,1.0275,-0.096,0.9952,1.349,1.0675,-0.472,0.9764,-1.097,0.9452,12
kyle lowry,Kyle Lowry,-0.877,0.9561,-0.975,0.9513,-0.214,0.9893,0.0,1.0,-1.094,0.9453,1.091,1.0545,0.0,1.0,0.0,1.0,-1.013,0.9494,0.0,1.0,0.0,1.0,0.0,1.0,6
kylor kelley,,0.0,1.0,0.0,1.0,0.0,1.0,0.0,1.0,0.0,1.0,0.0,1.0,0.0,1.0,0.0,1.0,0.0,1.0,0.0,1.0,0.0,1.0,0.0,1.0,0
kyrie irving,Kyrie Irving,1.863,1.0932,2.04,1.102,0.508,1.0254,1.877,1.0939,1.157,1.0579,0.672,1.0336,1.267,1.0633,-1.132,0.9434,1.451,1.0725,-0.013,0.9993,0.009,1.0004,0.471,1.0235,12
kyshawn george,Kyshawn George,0.031,1.0016,-0.079,0.996,0.209,1.0105,-1.389,0.9305,-0.706,0.9647,-0.049,0.9975,-0.016,0.9992,0.508,1.0254,-0.324,0.9838,1.642,1.0821,0.696,1.0348,0.022,1.0011,12
lamar stevens,,0.0,1.0,0.0,1.0,0.0,1.0,0.0,1.0,0.0,1.0,0.0,1.0,0.0,1.0,0.0,1.0,0.0,1.0,0.0,1.0,0.0,1.0,0.0,1.0,0
lamelo ball,LaMelo Ball,2.5,1.125,2.5,1.125,-0.554,0.9723,-0.695,0.9652,1.715,1.0858,2.053,1.1027,-0.556,0.9722,0.66,1.033,1.689,1.0845,0.0,1.0,-0.905,0.9547,0.259,1.013,11
landry shamet,Landry Shamet,-0.2,0.99,-0.633,0.9684,0.675,1.0337,0.285,1.0142,-1.118,0.9441,-1.276,0.9362,0.0,1.0,0.0,1.0,1.157,1.0578,0.0,1.0,-0.812,0.9594,-1.086,0.9457,9
larry nance jr.,Larry Nance Jr.,-0.899,0.955,-0.936,0.9532,-0.331,0.9835,0.0,1.0,0.0,1.0,0.0,1.0,0.0,1.0,0.0,1.0,0.0,1.0,0.0,1.0,0.0,1.0,0.0,1.0,3
lauri markkanen,Lauri Markkanen,1.914,1.0957,2.124,1.1062,0.473,1.0236,0.271,1.0136,0.337,1.0169,-1.262,0.9369,1.665,1.0832,-0.573,0.9714,1.561,1.0781,0.0,1.0,-0.271,0.9864,0.641,1.032,11
lebron james,LeBron James,1.265,1.0632,1.163,1.0581,0.737,1.0369,0.679,1.034,0.866,1.0433,2.111,1.1056,1.561,1.078,-1.35,0.9325,0.655,1.0327,1.264,1.0632,0.269,1.0135,0.367,1.0184,12
leonard miller,Leonard Miller,0.085,1.0042,0.379,1.019,-0.483,0.9758,0.0,1.0,0.0,1.0,0.0,1.0,0.0,1.0,0.0,1.0,0.0,1.0,0.0,1.0,0.0,1.0,0.0,1.0,3
lester quinones,,0.0,1.0,0.0,1.0,0.0,1.0,0.0,1.0,0.0,1.0,0.0,1.0,0.0,1.0,0.0,1.0,0.0,1.0,0.0,1.0,0.0,1.0,0.0,1.0,0
liam robbins,,0.0,1.0,0.0,1.0,0.0,1.0,0.0,1.0,0.0,1.0,0.0,1.0,0.0,1.0,0.0,1.0,0.0,1.0,0.0,1.0,0.0,1.0,0.0,1.0,0
lindy waters iii,Lindy Waters III,-0.76,0.962,-0.563,0.9719,-0.683,0.9659,0.0,1.0,-1.516,0.9242,-0.824,0.9588,0.0,1.0,0.0,1.0,0.271,1.0135,0.0,1.0,-0.198,0.9901,-1.117,0.9441,8
lonnie walker iv,,0.0,1.0,0.0,1.0,0.0,1.0,0.0,1.0,0.0,1.0,0.0,1.0,0.0,1.0,0.0,1.0,0.0,1.0,0.0,1.0,0.0,1.0,0.0,1.0,0
lonzo ball,Lonzo Ball,0.213,1.0106,-0.549,0.9725,1.439,1.0719,-0.539,0.9731,-1.681,0.9159,0.923,1.0461,0.0,1.0,0.0,1.0,-0.445,0.9777,0.0,1.0,-1.473,0.9264,0.0,1.0,8
luguentz dort,Luguentz Dort,-0.2,0.99,-0.332,0.9834,0.145,1.0073,0.244,1.0122,-1.574,0.9213,-1.118,0.9441,-1.666,0.9167,-1.436,0.9282,-0.296,0.9852,1.765,1.0883,0.636,1.0318,0.429,1.0215,12
luka donaia,,0.0,1.0,0.0,1.0,0.0,1.0,0.0,1.0,1.885,1.0943,1.842,1.0921,0.0,1.0,0.0,1.0,1.541,1.077,0.0,1.0,0.0,1.0,0.0,1.0,3
luka doncic,Luka Doncic,2.5,1.125,2.5,1.125,0.663,1.0332,1.932,1.0966,0.0,1.0,0.0,1.0,-0.812,0.9594,0.0,1.0,0.0,1.0,0.587,1.0294,-0.211,0.9894,-0.091,0.9954,8
luka garza,Luka Garza,0.863,1.0432,1.682,1.0841,-1.065,0.9468,0.0,1.0,0.0,1.0,0.0,1.0,0.0,1.0,0.0,1.0,0.0,1.0,0.0,1.0,0.0,1.0,0.0,1.0,3
luke kennard,Luke Kennard,-0.382,0.9809,0.113,1.0057,-1.042,0.9479,0.428,1.0214,-1.254,0.9373,0.826,1.0413,0.274,1.0137,0.0,1.0,-0.251,0.9874,0.0,1.0,0.917,1.0458,-1.066,0.9467,10
luke kornet,Luke Kornet,0.283,1.0142,0.262,1.0131,0.162,1.0081,0.523,1.0261,1.633,1.0816,-0.126,0.9937,-1.455,0.9273,0.0,1.0,-1.486,0.9257,0.0,1.0,-0.852,0.9574,1.383,1.0691,10
luke travers,Luke Travers,-1.003,0.9498,-0.721,0.9639,-0.939,0.953,0.0,1.0,0.0,1.0,0.0,1.0,0.0,1.0,0.0,1.0,0.0,1.0,0.0,1.0,0.0,1.0,0.0,1.0,3
mac mcclung,Mac McClung,-0.711,0.9645,-0.361,0.9819,-0.93,0.9535,0.0,1.0,0.0,1.0,0.0,1.0,0.0,1.0,0.0,1.0,0.0,1.0,0.0,1.0,0.0,1.0,0.0,1.0,3
malachi flynn,,0.0,1.0,0.0,1.0,0.0,1.0,0.0,1.0,0.0,1.0,0.0,1.0,0.0,1.0,0.0,1.0,0.0,1.0,0.0,1.0,0.0,1.0,0.0,1.0,0
malaki branham,Malaki Branham,-1.279,0.9361,-1.092,0.9454,-0.893,0.9553,0.0,1.0,0.0,1.0,0.0,1.0,0.0,1.0,0.0,1.0,0.0,1.0,0.0,1.0,0.0,1.0,0.0,1.0,3
malcolm brogdon,,0.0,1.0,0.0,1.0,0.0,1.0,0.0,1.0,1.807,1.0904,1.38,1.069,-1.303,0.9349,0.0,1.0,-1.04,0.948,0.0,1.0,0.0,1.0,0.0,1.0,4
malevy leons,Malevy Leons,-0.789,0.9606,-0.767,0.9616,-0.385,0.9807,0.0,1.0,0.0,1.0,0.0,1.0,0.0,1.0,0.0,1.0,0.0,1.0,0.0,1.0,0.0,1.0,0.0,1.0,3
malik beasley,,0.0,1.0,0.0,1.0,0.0,1.0,1.278,1.0639,-0.648,0.9676,-0.891,0.9554,0.707,1.0353,-1.564,0.9218,1.724,1.0862,-1.594,0.9203,-1.393,0.9304,-1.076,0.9462,9
malik monk,Malik Monk,-0.018,0.9991,0.625,1.0312,-1.141,0.9429,-0.675,0.9663,0.415,1.0207,1.332,1.0666,0.343,1.0172,1.306,1.0653,0.088,1.0044,0.299,1.0149,-0.712,0.9644,-0.292,0.9854,12
marcus bagley,,0.0,1.0,0.0,1.0,0.0,1.0,0.0,1.0,0.0,1.0,0.0,1.0,0.0,1.0,0.0,1.0,0.0,1.0,0.0,1.0,0.0,1.0,0.0,1.0,0
marcus garrett,,0.0,1.0,0.0,1.0,0.0,1.0,0.0,1.0,0.0,1.0,0.0,1.0,0.0,1.0,0.0,1.0,0.0,1.0,0.0,1.0,0.0,1.0,0.0,1.0,0
marcus sasser,Marcus Sasser,0.131,1.0065,0.044,1.0022,0.211,1.0106,0.033,1.0017,-0.395,0.9802,1.255,1.0627,-1.396,0.9302,0.0,1.0,0.589,1.0295,0.0,1.0,1.624,1.0812,-1.164,0.9418,10
marcus smart,Marcus Smart,1.065,1.0533,0.086,1.0043,2.198,1.1099,-0.886,0.9557,-0.449,0.9776,0.629,1.0315,0.0,1.0,0.0,1.0,-0.04,0.998,0.0,1.0,0.0,1.0,0.0,1.0,7
marjon beauchamp,MarJon Beauchamp,-0.636,0.9682,-0.651,0.9674,-0.253,0.9874,0.0,1.0,0.0,1.0,0.0,1.0,0.0,1.0,0.0,1.0,0.0,1.0,0.0,1.0,0.0,1.0,0.0,1.0,3
mark williams,Mark Williams,0.093,1.0046,-0.012,0.9994,0.226,1.0113,0.53,1.0265,1.177,1.0588,-0.68,0.966,-1.126,0.9437,0.0,1.0,-1.614,0.9193,0.0,1.0,-2.073,0.8963,2.069,1.1034,10
markelle fultz,Markelle Fultz,-1.744,0.9128,-2.149,0.8926,-0.054,0.9973,0.0,1.0,0.0,1.0,0.0,1.0,0.0,1.0,0.0,1.0,0.0,1.0,0.0,1.0,0.0,1.0,0.0,1.0,3
markieff morris,,0.0,1.0,0.0,1.0,0.0,1.0,0.0,1.0,0.0,1.0,0.0,1.0,0.0,1.0,0.0,1.0,0.0,1.0,0.0,1.0,0.0,1.0,0.0,1.0,0
marvin bagley iii,Marvin Bagley III,-0.438,0.9781,0.037,1.0018,-1.031,0.9484,0.0,1.0,0.0,1.0,0.0,1.0,0.0,1.0,0.0,1.0,0.0,1.0,0.0,1.0,0.0,1.0,0.0,1.0,3
mason jones,,0.0,1.0,0.0,1.0,0.0,1.0,0.0,1.0,0.0,1.0,0.0,1.0,0.0,1.0,0.0,1.0,0.0,1.0,0.0,1.0,0.0,1.0,0.0,1.0,0
mason plumlee,Mason Plumlee,-1.416,0.9292,-0.967,0.9516,-1.415,0.9292,-0.103,0.9948,-1.036,0.9482,0.384,1.0192,-1.607,0.9196,0.0,1.0,-1.715,0.9143,0.0,1.0,-2.067,0.8967,0.723,1.0362,10
matas buzelis,Matas Buzelis,0.139,1.0069,0.308,1.0154,-0.237,0.9882,-0.328,0.9836,0.308,1.0154,-0.968,0.9516,-0.566,0.9717,0.0,1.0,0.921,1.0461,0.0,1.0,-0.064,0.9968,-0.932,0.9534,10
matisse thybulle,Matisse Thybulle,0.163,1.0082,-1.225,0.9388,2.5,1.125,0.0,1.0,0.0,1.0,0.0,1.0,0.0,1.0,0.0,1.0,0.0,1.0,0.0,1.0,0.0,1.0,0.0,1.0,3
matt ryan,,0.0,1.0,0.0,1.0,0.0,1.0,0.0,1.0,0.0,1.0,0.0,1.0,0.0,1.0,0.0,1.0,0.0,1.0,0.0,1.0,0.0,1.0,0.0,1.0,0
max christie,Max Christie,-0.412,0.9794,-0.428,0.9786,-0.153,0.9924,0.019,1.001,-0.517,0.9742,-0.545,0.9727,0.603,1.0301,-1.63,0.9185,-0.141,0.993,-0.259,0.987,-0.198,0.9901,-0.978,0.9511,12
max strus,Max Strus,-0.328,0.9836,0.021,1.0011,-0.761,0.962,0.278,1.0139,-1.55,0.9225,0.384,1.0192,0.25,1.0125,0.0,1.0,-0.168,0.9916,0.0,1.0,-0.251,0.9874,-0.127,0.9936,10
maxi kleber,Maxi Kleber,-1.442,0.9279,-1.32,0.934,-0.852,0.9574,0.0,1.0,-1.201,0.94,-1.002,0.9499,0.0,1.0,0.0,1.0,-1.414,0.9293,0.0,1.0,-0.398,0.9801,0.0,1.0,7
maxwell lewis,,0.0,1.0,0.0,1.0,0.0,1.0,0.0,1.0,0.0,1.0,0.0,1.0,0.0,1.0,0.0,1.0,0.0,1.0,0.0,1.0,0.0,1.0,0.0,1.0,0
micah potter,Micah Potter,-0.302,0.9849,0.231,1.0115,-1.074,0.9463,0.0,1.0,-1.73,0.9135,-1.233,0.9383,0.0,1.0,0.0,1.0,-1.376,0.9312,0.0,1.0,0.61,1.0305,0.0,1.0,7
michael porter jr.,Michael Porter Jr.,1.407,1.0704,2.261,1.1131,-0.887,0.9556,1.237,1.0619,-0.201,0.9899,-0.94,0.953,1.478,1.0739,-0.701,0.965,1.285,1.0642,-0.373,0.9813,1.184,1.0592,-0.37,0.9815,12
mikal bridges,Mikal Bridges,0.713,1.0356,0.384,1.0192,0.894,1.0447,0.332,1.0166,-0.58,0.971,0.119,1.006,1.395,1.0697,-0.279,0.986,-0.224,0.9888,-0.392,0.9804,-0.145,0.9928,-0.153,0.9923,12
mike conley,Mike Conley,0.097,1.0048,0.006,1.0003,0.203,1.0102,0.081,1.004,-1.089,0.9455,1.423,1.0711,-1.012,0.9494,-1.543,0.9228,-0.269,0.9866,0.0,1.0,0.676,1.0338,-0.741,0.963,11
miles bridges,Miles Bridges,0.304,1.0152,0.551,1.0275,-0.301,0.985,-0.464,0.9768,1.439,1.0719,0.504,1.0252,1.374,1.0687,-1.198,0.9401,1.011,1.0506,1.704,1.0852,1.064,1.0532,-0.045,0.9978,12
miles mcbride,Miles McBride,0.77,1.0385,0.539,1.0269,0.746,1.0373,-0.021,0.9989,-1.191,0.9404,0.307,1.0153,0.323,1.0161,-0.638,0.9681,-0.279,0.986,0.0,1.0,0.309,1.0155,-0.323,0.9838,11
miles norris,,0.0,1.0,0.0,1.0,0.0,1.0,0.0,1.0,0.0,1.0,0.0,1.0,0.0,1.0,0.0,1.0,0.0,1.0,0.0,1.0,0.0,1.0,0.0,1.0,0
mitchell robinson,Mitchell Robinson,1.116,1.0558,0.463,1.0232,1.644,1.0822,0.0,1.0,0.0,1.0,0.0,1.0,0.0,1.0,0.0,1.0,0.0,1.0,0.0,1.0,0.0,1.0,0.0,1.0,3
mo bamba,Mo Bamba,-0.969,0.9515,-0.829,0.9585,-0.674,0.9663,0.0,1.0,0.0,1.0,0.0,1.0,0.0,1.0,0.0,1.0,0.0,1.0,0.0,1.0,0.0,1.0,0.0,1.0,3
monte morris,Monte Morris,-0.472,0.9764,-0.153,0.9923,-0.771,0.9614,0.0,1.0,0.221,1.011,0.822,1.0411,0.0,1.0,0.0,1.0,0.499,1.025,0.0,1.0,0.0,1.0,0.0,1.0,6
moritz wagner,Moritz Wagner,0.43,1.0215,0.316,1.0158,0.391,1.0195,0.788,1.0394,1.764,1.0882,-1.122,0.9439,0.883,1.0441,0.0,1.0,1.378,1.0689,0.0,1.0,0.0,1.0,0.0,1.0,8
moses brown,,0.0,1.0,0.0,1.0,0.0,1.0,0.0,1.0,0.0,1.0,0.0,1.0,0.0,1.0,0.0,1.0,0.0,1.0,0.0,1.0,0.0,1.0,0.0,1.0,0
moses moody,Moses Moody,1.265,1.0632,0.582,1.0291,1.763,1.0882,0.101,1.0051,-0.318,0.9841,-0.896,0.9552,-0.369,0.9816,0.0,1.0,0.928,1.0464,0.0,1.0,0.396,1.0198,-0.323,0.9838,10
mouhamed gueye,Mouhamed Gueye,0.092,1.0046,-0.594,0.9703,1.251,1.0626,0.0,1.0,0.764,1.0382,-0.911,0.9545,0.0,1.0,0.0,1.0,0.7,1.035,0.0,1.0,0.0,1.0,0.0,1.0,6
moussa diabate,Moussa Diabate,0.944,1.0472,0.533,1.0266,1.141,1.0571,-0.402,0.9799,0.919,1.046,-1.248,0.9376,-0.649,0.9675,0.0,1.0,-1.552,0.9224,0.0,1.0,-0.432,0.9784,1.398,1.0699,10
myles turner,Myles Turner,-0.007,0.9996,-0.152,0.9924,0.253,1.0126,0.217,1.0108,-0.061,0.997,-1.257,0.9371,0.333,1.0167,0.0,1.0,1.184,1.0592,0.36,1.018,0.543,1.0271,1.728,1.0864,11
n'faly dante,N'Faly Dante,-0.965,0.9517,-1.234,0.9383,0.049,1.0025,0.0,1.0,0.0,1.0,0.0,1.0,0.0,1.0,0.0,1.0,0.0,1.0,0.0,1.0,0.0,1.0,0.0,1.0,3
nae'qwan tomlin,Nae'Qwan Tomlin,-0.073,0.9964,-0.284,0.9858,0.341,1.017,0.0,1.0,0.0,1.0,0.0,1.0,0.0,1.0,0.0,1.0,0.0,1.0,0.0,1.0,0.0,1.0,0.0,1.0,3
naji marshall,Naji Marshall,0.557,1.0278,0.421,1.021,0.485,1.0243,-0.198,0.9901,1.012,1.0506,-0.112,0.9944,-0.59,0.9705,1.585,1.0793,-0.206,0.9897,-0.501,0.975,-0.465,0.9768,-0.174,0.9913,12
nate williams,Nate Williams,-0.878,0.9561,-0.577,0.9711,-0.918,0.9541,0.0,1.0,0.0,1.0,0.0,1.0,0.0,1.0,0.0,1.0,0.0,1.0,0.0,1.0,0.0,1.0,0.0,1.0,3
naz reid,Naz Reid,0.346,1.0173,-0.095,0.9952,0.932,1.0466,-0.035,0.9982,0.26,1.013,-0.497,0.9752,1.384,1.0692,-0.746,0.9627,1.478,1.0739,0.933,1.0466,0.616,1.0308,0.62,1.031,12
neemias queta,Neemias Queta,1.649,1.0824,0.891,1.0446,2.063,1.1032,0.183,1.0091,0.255,1.0127,-1.031,0.9485,0.0,1.0,0.0,1.0,-1.659,0.917,0.0,1.0,0.376,1.0188,0.594,1.0297,9
nic claxton,Nic Claxton,0.399,1.0199,0.251,1.0126,0.435,1.0218,-0.695,0.9652,1.133,1.0566,-0.521,0.974,1.232,1.0616,-1.502,0.9249,-1.341,0.9329,-0.822,0.9589,0.029,1.0015,1.651,1.0825,12
nick richards,Nick Richards,-1.365,0.9317,-0.687,0.9656,-1.799,0.9101,0.448,1.0224,0.949,1.0474,-1.146,0.9427,-1.642,0.9179,0.0,1.0,-1.58,0.921,0.0,1.0,-0.745,0.9627,1.873,1.0936,10
nick smith jr.,Nick Smith Jr.,-1.576,0.9212,-0.786,0.9607,-2.089,0.8955,-1.144,0.9428,-0.522,0.9739,0.427,1.0213,0.264,1.0132,1.458,1.0729,0.326,1.0163,0.0,1.0,-0.905,0.9547,-1.055,0.9472,11
nickeil alexander-walker,Nickeil Alexander-Walker,1.03,1.0515,0.991,1.0495,0.523,1.0261,-0.001,1.0,-0.75,0.9625,0.196,1.0098,-1.327,0.9337,-0.984,0.9508,0.482,1.0241,-1.173,0.9414,0.149,1.0075,-0.432,0.9784,12
nicolas batum,Nicolas Batum,-0.607,0.9697,-0.903,0.9549,0.255,1.0128,0.305,1.0153,-1.943,0.9028,-1.204,0.9398,0.0,1.0,0.0,1.0,-0.891,0.9554,0.0,1.0,1.544,1.0772,-0.911,0.9544,9
nikola jokia,,0.0,1.0,0.0,1.0,0.0,1.0,0.0,1.0,0.963,1.0482,2.169,1.1084,0.0,1.0,0.0,1.0,0.728,1.0364,0.0,1.0,0.0,1.0,0.0,1.0,3
nikola jokic,Nikola Jokic,2.5,1.125,2.5,1.125,1.104,1.0552,2.5,1.125,0.0,1.0,0.0,1.0,1.689,1.0844,0.0,1.0,0.0,1.0,0.384,1.0192,0.576,1.0288,2.5,1.125,8
nikola jovia,,0.0,1.0,0.0,1.0,0.0,1.0,0.0,1.0,-0.764,0.9618,-0.141,0.993,0.0,1.0,0.0,1.0,0.032,1.0016,0.0,1.0,0.0,1.0,0.0,1.0,3
nikola jovic,Nikola Jovic,-0.281,0.986,-0.638,0.9681,0.508,1.0254,0.013,1.0006,0.0,1.0,0.0,1.0,0.157,1.0078,0.0,1.0,0.0,1.0,0.0,1.0,1.951,1.0976,-0.56,0.972,7
nikola vuaevia,,0.0,1.0,0.0,1.0,0.0,1.0,0.0,1.0,0.167,1.0084,-0.059,0.997,0.0,1.0,0.0,1.0,0.347,1.0174,0.0,1.0,0.0,1.0,0.0,1.0,3
nikola vucevic,Nikola Vucevic,0.187,1.0094,0.413,1.0206,-0.315,0.9842,0.686,1.0343,0.167,1.0084,-0.059,0.997,0.859,1.0429,-0.528,0.9736,0.347,1.0174,0.942,1.0471,1.331,1.0665,1.95,1.0975,12
noah clowney,Noah Clowney,-0.521,0.974,-0.303,0.9848,-0.613,0.9693,-1.035,0.9482,-1.23,0.9385,-1.339,0.9331,-0.929,0.9535,0.0,1.0,0.188,1.0094,0.0,1.0,0.777,1.0388,-0.38,0.981,10
norman powell,Norman Powell,1.196,1.0598,1.225,1.0612,0.476,1.0238,2.129,1.1064,0.934,1.0467,-0.559,0.972,0.461,1.0231,0.118,1.0059,1.634,1.0817,-1.343,0.9329,-1.239,0.938,-0.705,0.9648,12
obi toppin,Obi Toppin,0.756,1.0378,1.319,1.0659,-0.66,0.967,0.999,1.05,-0.192,0.9904,-0.704,0.9648,0.357,1.0179,0.0,1.0,1.112,1.0556,0.0,1.0,0.443,1.0221,-0.576,0.9712,10
ochai agbaji,Ochai Agbaji,-0.765,0.9617,-0.908,0.9546,-0.086,0.9957,0.366,1.0183,-0.949,0.9526,-0.795,0.9602,-0.099,0.995,0.0,1.0,0.005,1.0002,0.658,1.0329,0.55,1.0275,-0.586,0.9707,11
og anunoby,OG Anunoby,1.422,1.0711,1.093,1.0547,1.206,1.0603,0.4,1.02,0.235,1.0118,-0.81,0.9595,1.011,1.0505,-0.96,0.952,0.434,1.0217,0.815,1.0407,-0.225,0.9888,0.764,1.0382,12
olivier-maxence prosper,Olivier-Maxence Prosper,0.056,1.0028,0.337,1.0168,-0.471,0.9764,-0.675,0.9663,0.653,1.0326,-0.444,0.9778,0.0,1.0,0.0,1.0,-1.303,0.9348,0.0,1.0,1.17,1.0585,0.0,1.0,8
onyeka okongwu,Onyeka Okongwu,0.406,1.0203,0.307,1.0154,0.353,1.0176,0.686,1.0343,0.473,1.0237,-0.641,0.9679,0.191,1.0096,0.0,1.0,-0.573,0.9713,-0.259,0.987,-0.231,0.9884,1.795,1.0898,11
orlando robinson,Orlando Robinson,-0.697,0.9651,-0.529,0.9735,-0.604,0.9698,0.0,1.0,0.362,1.0181,0.1,1.005,0.0,1.0,0.0,1.0,-1.019,0.949,0.0,1.0,0.0,1.0,0.96,1.048,7
oscar tshiebwe,Oscar Tshiebwe,-0.455,0.9773,0.235,1.0118,-1.418,0.9291,0.0,1.0,0.0,1.0,0.0,1.0,0.0,1.0,0.0,1.0,0.0,1.0,0.0,1.0,0.0,1.0,0.0,1.0,3
oshae brissett,,0.0,1.0,0.0,1.0,0.0,1.0,0.0,1.0,0.0,1.0,0.0,1.0,0.0,1.0,0.0,1.0,0.0,1.0,0.0,1.0,0.0,1.0,0.0,1.0,0
oso ighodaro,Oso Ighodaro,0.466,1.0233,-0.092,0.9954,1.19,1.0595,-0.334,0.9833,-0.808,0.9596,-0.266,0.9867,0.0,1.0,0.0,1.0,-1.698,0.9151,0.0,1.0,0.81,1.0405,0.61,1.0305,9
ousmane dieng,Ousmane Dieng,-0.853,0.9573,-0.475,0.9763,-1.044,0.9478,0.0,1.0,0.0,1.0,0.0,1.0,0.0,1.0,0.0,1.0,0.0,1.0,0.0,1.0,0.0,1.0,0.0,1.0,3
p.j. dozier,,0.0,1.0,0.0,1.0,0.0,1.0,0.0,1.0,0.0,1.0,0.0,1.0,0.0,1.0,0.0,1.0,0.0,1.0,0.0,1.0,0.0,1.0,0.0,1.0,0
p.j. tucker,,0.0,1.0,0.0,1.0,0.0,1.0,0.0,1.0,0.0,1.0,0.0,1.0,0.0,1.0,0.0,1.0,0.0,1.0,0.0,1.0,0.0,1.0,0.0,1.0,0
p.j. washington,P.J. Washington,0.06,1.003,-0.484,0.9758,0.988,1.0494,-1.029,0.9486,0.298,1.0149,-0.771,0.9614,1.443,1.0722,-1.112,0.9444,0.198,1.0099,-0.865,0.9567,-0.812,0.9594,0.264,1.0132,12
pacome dadiet,Pacome Dadiet,-0.934,0.9533,-0.6,0.97,-1.001,0.95,0.0,1.0,0.0,1.0,0.0,1.0,0.0,1.0,0.0,1.0,0.0,1.0,0.0,1.0,0.0,1.0,0.0,1.0,3
paolo banchero,Paolo Banchero,0.966,1.0483,0.817,1.0409,0.687,1.0344,-0.375,0.9812,2.084,1.1042,1.0,1.05,1.35,1.0675,-0.549,0.9726,0.71,1.0355,1.108,1.0554,1.404,1.0702,-0.097,0.9952,12
pascal siakam,Pascal Siakam,1.462,1.0731,1.326,1.0663,0.883,1.0442,1.142,1.0571,0.454,1.0227,0.09,1.0045,1.526,1.0763,-0.766,0.9617,0.489,1.0244,0.11,1.0055,0.757,1.0378,1.166,1.0583,12
pat connaughton,Pat Connaughton,-0.657,0.9671,-0.767,0.9616,-0.094,0.9953,0.0,1.0,0.182,1.0091,0.307,1.0153,0.0,1.0,0.0,1.0,-0.462,0.9769,0.0,1.0,0.0,1.0,0.0,1.0,6
pat spencer,Pat Spencer,-0.698,0.9651,-0.186,0.9907,-1.211,0.9394,0.0,1.0,0.0,1.0,0.0,1.0,0.0,1.0,0.0,1.0,0.0,1.0,0.0,1.0,0.0,1.0,0.0,1.0,3
patrick baldwin jr.,Patrick Baldwin Jr.,-1.012,0.9494,-1.034,0.9483,-0.407,0.9797,0.0,1.0,0.0,1.0,0.0,1.0,0.0,1.0,0.0,1.0,0.0,1.0,0.0,1.0,0.0,1.0,0.0,1.0,3
patrick williams,Patrick Williams,-1.48,0.926,-1.788,0.9106,-0.108,0.9946,-1.491,0.9254,-0.522,0.9739,-0.728,0.9636,0.229,1.0115,-0.594,0.9703,-0.234,0.9883,-1.173,0.9414,-0.792,0.9604,-0.122,0.9939,12
patty mills,,0.0,1.0,0.0,1.0,0.0,1.0,0.0,1.0,0.0,1.0,0.0,1.0,0.0,1.0,0.0,1.0,0.0,1.0,0.0,1.0,0.0,1.0,0.0,1.0,0
paul george,Paul George,0.914,1.0457,0.327,1.0163,1.44,1.072,-0.484,0.9758,-0.226,0.9887,0.87,1.0435,1.045,1.0523,0.788,1.0394,0.115,1.0058,0.0,1.0,-0.145,0.9928,1.352,1.0676,11
paul reed,Paul Reed,1.838,1.0919,1.151,1.0576,2.021,1.1011,0.0,1.0,0.0,1.0,0.0,1.0,0.0,1.0,0.0,1.0,0.0,1.0,0.0,1.0,0.0,1.0,0.0,1.0,3
payton pritchard,Payton Pritchard,1.441,1.072,1.959,1.0979,-0.281,0.986,1.863,1.0932,-0.798,0.9601,0.923,1.0461,0.475,1.0237,0.27,1.0135,1.361,1.068,0.583,1.0291,1.057,1.0528,-0.231,0.9885,12
pelle larsson,Pelle Larsson,0.481,1.0241,0.403,1.0201,0.35,1.0175,-0.171,0.9914,-0.318,0.9841,-0.54,0.973,0.0,1.0,0.0,1.0,-0.846,0.9577,0.0,1.0,-0.565,0.9717,-0.803,0.9599,9
pete nance,Pete Nance,-1.111,0.9444,-0.634,0.9683,-1.332,0.9334,0.0,1.0,0.0,1.0,0.0,1.0,0.0,1.0,0.0,1.0,0.0,1.0,0.0,1.0,0.0,1.0,0.0,1.0,3
peyton watson,Peyton Watson,0.481,1.0241,0.422,1.0211,0.317,1.0158,-0.559,0.9721,-0.551,0.9725,-1.041,0.948,-1.057,0.9471,-0.811,0.9594,-0.535,0.9732,1.131,1.0566,1.237,1.0619,-0.53,0.9735,12
phillip wheeler,,0.0,1.0,0.0,1.0,0.0,1.0,0.0,1.0,0.0,1.0,0.0,1.0,0.0,1.0,0.0,1.0,0.0,1.0,0.0,1.0,0.0,1.0,0.0,1.0,0
pj dozier,,0.0,1.0,0.0,1.0,0.0,1.0,0.0,1.0,0.0,1.0,0.0,1.0,0.0,1.0,0.0,1.0,0.0,1.0,0.0,1.0,0.0,1.0,0.0,1.0,0
pj hall,PJ Hall,-0.509,0.9745,-0.502,0.9749,-0.238,0.9881,0.0,1.0,0.0,1.0,0.0,1.0,0.0,1.0,0.0,1.0,0.0,1.0,0.0,1.0,0.0,1.0,0.0,1.0,3
precious achiuwa,Precious Achiuwa,-0.093,0.9953,-0.044,0.9978,-0.129,0.9936,-1.144,0.9428,-0.031,0.9984,-1.118,0.9441,0.717,1.0358,0.0,1.0,-1.286,0.9357,0.0,1.0,0.59,1.0295,1.007,1.0503,10
quentin grimes,Quentin Grimes,-0.44,0.978,-0.391,0.9804,-0.28,0.986,-0.001,1.0,0.085,1.0042,-0.131,0.9934,0.824,1.0412,0.225,1.0112,1.101,1.0551,-0.07,0.9965,1.531,1.0765,-0.334,0.9833,12
quenton jackson,Quenton Jackson,0.004,1.0002,0.076,1.0038,-0.125,0.9937,0.0,1.0,0.0,1.0,0.0,1.0,0.0,1.0,0.0,1.0,0.0,1.0,0.0,1.0,0.0,1.0,0.0,1.0,3
quincy olivari,,0.0,1.0,0.0,1.0,0.0,1.0,0.0,1.0,0.0,1.0,0.0,1.0,0.0,1.0,0.0,1.0,0.0,1.0,0.0,1.0,0.0,1.0,0.0,1.0,0
quinten post,Quinten Post,0.36,1.018,0.232,1.0116,0.384,1.0192,0.006,1.0003,-1.584,0.9208,-0.737,0.9631,-0.334,0.9833,0.0,1.0,0.766,1.0383,0.0,1.0,-1.359,0.932,-0.329,0.9836,10
rayan rupert,Rayan Rupert,-1.993,0.9003,-1.842,0.9079,-1.144,0.9428,0.0,1.0,0.0,1.0,0.0,1.0,0.0,1.0,0.0,1.0,0.0,1.0,0.0,1.0,0.0,1.0,0.0,1.0,3
rayj dennis,RayJ Dennis,-0.428,0.9786,-0.362,0.9819,-0.304,0.9848,0.0,1.0,0.0,1.0,0.0,1.0,0.0,1.0,0.0,1.0,0.0,1.0,0.0,1.0,0.0,1.0,0.0,1.0,3
reece beekman,,0.0,1.0,0.0,1.0,0.0,1.0,0.0,1.0,0.0,1.0,0.0,1.0,0.0,1.0,0.0,1.0,0.0,1.0,0.0,1.0,0.0,1.0,0.0,1.0,0
reed sheppard,Reed Sheppard,0.216,1.0108,0.333,1.0166,-0.111,0.9944,-0.954,0.9523,-1.511,0.9244,-0.362,0.9819,0.0,1.0,0.0,1.0,-0.307,0.9847,0.0,1.0,1.691,1.0846,0.0,1.0,8
reggie jackson,,0.0,1.0,0.0,1.0,0.0,1.0,0.0,1.0,0.0,1.0,0.0,1.0,0.0,1.0,0.0,1.0,0.0,1.0,0.0,1.0,0.0,1.0,0.0,1.0,0
richaun holmes,,0.0,1.0,0.0,1.0,0.0,1.0,0.0,1.0,1.104,1.0552,-0.8,0.96,0.0,1.0,0.0,1.0,-1.597,0.9201,0.0,1.0,0.0,1.0,0.0,1.0,3
ricky council iv,,0.0,1.0,0.0,1.0,0.0,1.0,-0.994,0.9503,0.129,1.0064,-0.646,0.9677,-0.286,0.9857,0.0,1.0,-0.791,0.9604,0.0,1.0,0.296,1.0148,-1.081,0.9459,7
riley minix,Riley Minix,-1.032,0.9484,-0.645,0.9677,-1.137,0.9431,0.0,1.0,0.0,1.0,0.0,1.0,0.0,1.0,0.0,1.0,0.0,1.0,0.0,1.0,0.0,1.0,0.0,1.0,3
rj barrett,RJ Barrett,0.892,1.0446,1.251,1.0625,-0.241,0.9879,-1.539,0.9231,1.638,1.0819,1.019,1.0509,1.056,1.0528,0.011,1.0005,0.216,1.0108,-0.87,0.9565,-1.459,0.927,-0.076,0.9962,12
rob dillingham,Rob Dillingham,-1.634,0.9183,-1.777,0.9112,-0.467,0.9767,-0.818,0.9591,-0.415,0.9793,1.452,1.0726,0.0,1.0,0.0,1.0,-0.663,0.9668,0.0,1.0,0.0,1.0,0.0,1.0,7
robert williams iii,Robert Williams III,0.599,1.03,0.171,1.0085,1.02,1.051,0.0,1.0,0.0,1.0,0.0,1.0,0.0,1.0,0.0,1.0,0.0,1.0,0.0,1.0,0.0,1.0,0.0,1.0,3
ron harper jr.,Ron Harper Jr.,0.392,1.0196,0.379,1.0189,0.196,1.0098,0.0,1.0,0.0,1.0,0.0,1.0,0.0,1.0,0.0,1.0,0.0,1.0,0.0,1.0,0.0,1.0,0.0,1.0,3
ronald holland ii,Ronald Holland II,0.088,1.0044,-1.098,0.9451,2.133,1.1067,-0.443,0.9778,-0.017,0.9992,-0.887,0.9557,-1.244,0.9378,0.0,1.0,-0.808,0.9596,0.0,1.0,-0.452,0.9774,-0.988,0.9506,10
royce o'neale,Royce O'Neale,-0.693,0.9654,-0.609,0.9695,-0.452,0.9774,0.087,1.0044,-1.618,0.9191,-0.17,0.9915,-1.7,0.915,0.0,1.0,0.399,1.0199,0.181,1.009,-0.972,0.9514,-0.555,0.9722,11
rudy gobert,Rudy Gobert,1.485,1.0743,-0.187,0.9907,2.5,1.125,0.85,1.0425,0.158,1.0079,-0.964,0.9518,-1.42,0.929,0.0,1.0,0.0,1.0,1.193,1.0596,1.778,1.0889,2.44,1.122,10
rui hachimura,Rui Hachimura,-0.031,0.9984,-0.009,0.9996,-0.054,0.9973,0.7,1.035,-0.323,0.9839,-1.132,0.9434,-0.635,0.9682,-1.674,0.9163,0.773,1.0386,0.99,1.0495,0.77,1.0385,0.115,1.0057,12
russell westbrook,Russell Westbrook,-0.367,0.9816,-0.262,0.9869,-0.347,0.9826,-2.389,0.8805,0.279,1.014,1.534,1.0767,1.433,1.0716,0.335,1.0168,-1.102,0.9449,-0.742,0.9629,1.317,1.0659,-0.277,0.9862,12
ryan dunn,Ryan Dunn,-0.495,0.9753,-1.107,0.9446,0.864,1.0432,-0.797,0.9601,-1.23,0.9385,-0.872,0.9564,-1.559,0.9221,0.0,1.0,-0.912,0.9544,0.0,1.0,-0.151,0.9924,-0.932,0.9534,10
ryan rollins,Ryan Rollins,0.619,1.031,0.792,1.0396,-0.032,0.9984,0.033,1.0017,-0.439,0.978,0.398,1.0199,-1.254,0.9373,0.0,1.0,0.406,1.0203,0.0,1.0,-0.405,0.9798,-1.061,0.947,10
sam hauser,Sam Hauser,0.867,1.0434,0.926,1.0463,0.279,1.014,1.095,1.0547,-0.589,0.9705,-0.853,0.9574,-0.673,0.9663,0.0,1.0,1.717,1.0859,0.0,1.0,-1.239,0.938,-0.602,0.9699,10
sam merrill,Sam Merrill,0.366,1.0183,0.876,1.0438,-0.741,0.963,0.305,1.0153,-1.851,0.9075,-0.175,0.9913,-0.251,0.9874,0.0,1.0,-0.59,0.9705,0.0,1.0,0.096,1.0048,-1.045,0.9477,10
sandro mamukelashvili,Sandro Mamukelashvili,0.759,1.038,0.779,1.039,0.3,1.015,0.387,1.0193,0.594,1.0297,-0.55,0.9725,-1.033,0.9484,0.0,1.0,1.523,1.0762,0.0,1.0,0.603,1.0302,0.0,1.0,9
santi aldama,Santi Aldama,0.191,1.0095,0.295,1.0147,-0.1,0.995,0.06,1.003,-0.041,0.9979,0.186,1.0093,-1.209,0.9395,-0.076,0.9962,0.572,1.0286,0.587,1.0294,1.097,1.0548,-0.612,0.9694,12
scoot henderson,Scoot Henderson,-0.482,0.9759,-0.531,0.9734,-0.126,0.9937,-1.308,0.9346,1.012,1.0506,1.384,1.0692,-0.203,0.9899,1.088,1.0544,-0.424,0.9788,-1.428,0.9286,-1.179,0.941,-0.174,0.9913,12
scottie barnes,Scottie Barnes,1.679,1.0839,0.992,1.0496,1.952,1.0976,-2.138,0.8931,1.152,1.0576,1.24,1.062,1.606,1.0803,0.442,1.0221,-0.864,0.9568,1.288,1.0644,0.89,1.0445,0.888,1.0444,12
scotty pippen jr.,Scotty Pippen Jr.,0.709,1.0354,0.065,1.0032,1.449,1.0725,-0.613,0.9693,0.095,1.0047,1.457,1.0728,-0.625,0.9688,0.0,1.0,-0.746,0.9627,0.0,1.0,-0.178,0.9911,-0.313,0.9843,10
seth curry,Seth Curry,-0.508,0.9746,-0.128,0.9936,-0.895,0.9552,0.7,1.035,-1.123,0.9438,-0.641,0.9679,-0.262,0.9869,0.0,1.0,0.911,1.0455,0.0,1.0,-0.231,0.9884,-0.988,0.9506,10
shaedon sharpe,Shaedon Sharpe,-0.041,0.998,0.165,1.0083,-0.382,0.9809,-0.076,0.9962,0.861,1.0431,-0.304,0.9848,0.79,1.0395,1.478,1.0739,0.873,1.0436,-0.889,0.9556,-0.986,0.9507,-0.854,0.9573,12
shai gilgeous-alexander,Shai Gilgeous-Alexander,2.5,1.125,2.5,1.125,1.484,1.0742,2.5,1.125,2.244,1.1122,1.803,1.0902,-0.58,0.971,-0.68,0.966,1.195,1.0597,1.231,1.0615,1.511,1.0755,0.558,1.0279,12
shake milton,,0.0,1.0,0.0,1.0,0.0,1.0,0.06,1.003,0.221,1.011,0.49,1.0245,0.0,1.0,0.0,1.0,-0.106,0.9947,0.0,1.0,0.0,1.0,-1.282,0.9359,5
sidy cissoko,Sidy Cissoko,-0.796,0.9602,-1.295,0.9353,0.53,1.0265,0.0,1.0,0.0,1.0,0.0,1.0,0.0,1.0,0.0,1.0,0.0,1.0,0.0,1.0,0.0,1.0,0.0,1.0,3
simone fontecchio,Simone Fontecchio,0.386,1.0193,0.553,1.0276,-0.124,0.9938,-0.505,0.9748,-0.803,0.9599,-1.296,0.9352,-0.217,0.9892,0.0,1.0,0.299,1.0149,0.0,1.0,-0.452,0.9774,-0.674,0.9663,10
skal labissiere,Skal Labissiere,-1.495,0.9252,-1.402,0.9299,-0.822,0.9589,0.0,1.0,0.0,1.0,0.0,1.0,0.0,1.0,0.0,1.0,0.0,1.0,0.0,1.0,0.0,1.0,0.0,1.0,3
spencer dinwiddie,,0.0,1.0,0.0,1.0,0.0,1.0,-0.001,1.0,0.619,1.0309,0.831,1.0416,-1.106,0.9447,0.96,1.048,-0.068,0.9966,-0.562,0.9719,-1.326,0.9337,-0.854,0.9573,9
spencer jones,Spencer Jones,-0.643,0.9679,-1.023,0.9489,0.388,1.0194,0.0,1.0,0.0,1.0,0.0,1.0,0.0,1.0,0.0,1.0,0.0,1.0,0.0,1.0,0.0,1.0,0.0,1.0,3
stanley umude,Stanley Umude,-0.978,0.9511,-1.179,0.941,-0.076,0.9962,0.0,1.0,0.0,1.0,0.0,1.0,0.0,1.0,0.0,1.0,0.0,1.0,0.0,1.0,0.0,1.0,0.0,1.0,3
stephen curry,Stephen Curry,2.252,1.1126,2.5,1.125,-0.587,0.9706,2.102,1.1051,-0.022,0.9989,1.885,1.0942,1.256,1.0628,-1.391,0.9304,1.679,1.0839,0.89,1.0445,0.596,1.0298,0.084,1.0042,12
stephon castle,Stephon Castle,1.262,1.0631,0.839,1.042,1.303,1.0651,-1.621,0.919,1.356,1.0678,1.202,1.0601,0.869,1.0435,0.57,1.0285,-0.653,0.9674,-0.089,0.9955,-0.325,0.9838,-0.55,0.9725,12
steven adams,Steven Adams,0.352,1.0176,-0.203,0.9898,1.135,1.0567,-0.722,0.9639,-1.157,0.9421,-0.949,0.9525,0.0,1.0,0.0,1.0,-1.725,0.9137,0.0,1.0,0.243,1.0121,0.0,1.0,8
svi mykhailiuk,Svi Mykhailiuk,0.209,1.0104,0.421,1.021,-0.282,0.9859,-0.804,0.9598,-0.72,0.964,-0.126,0.9937,-0.507,0.9746,0.0,1.0,0.461,1.0231,0.0,1.0,0.156,1.0078,0.0,1.0,9
t.j. mcconnell,T.J. McConnell,0.387,1.0194,0.491,1.0246,-0.013,0.9993,-0.185,0.9908,1.39,1.0695,2.198,1.1099,-1.444,0.9278,0.0,1.0,-1.369,0.9316,0.0,1.0,-0.104,0.9948,-0.87,0.9565,10
taj gibson,Taj Gibson,-1.351,0.9325,-1.62,0.919,-0.12,0.994,0.0,1.0,0.0,1.0,0.0,1.0,0.0,1.0,0.0,1.0,0.0,1.0,0.0,1.0,0.0,1.0,0.0,1.0,3
talen horton-tucker,,0.0,1.0,0.0,1.0,0.0,1.0,-0.049,0.9976,1.308,1.0654,0.956,1.0478,-1.617,0.9191,0.0,1.0,0.223,1.0111,0.0,1.0,0.696,1.0348,0.0,1.0,6
tari eason,Tari Eason,0.759,1.0379,0.043,1.0022,1.598,1.0799,-0.654,0.9673,-0.26,0.987,-0.795,0.9602,-0.075,0.9962,-0.487,0.9757,-0.417,0.9791,0.0,1.0,0.823,1.0412,0.568,1.0284,11
taurean prince,Taurean Prince,-0.51,0.9745,-0.135,0.9932,-0.886,0.9557,0.414,1.0207,-1.317,0.9341,-0.829,0.9586,-0.241,0.9879,-1.716,0.9142,0.243,1.0122,-0.354,0.9823,-0.385,0.9808,-0.947,0.9526,12
taylor hendricks,Taylor Hendricks,-0.561,0.972,-0.55,0.9725,-0.267,0.9867,0.0,1.0,0.0,1.0,0.0,1.0,0.0,1.0,0.0,1.0,0.0,1.0,0.0,1.0,0.0,1.0,0.0,1.0,3
taze moore,,0.0,1.0,0.0,1.0,0.0,1.0,0.0,1.0,0.0,1.0,0.0,1.0,0.0,1.0,0.0,1.0,0.0,1.0,0.0,1.0,0.0,1.0,0.0,1.0,0
terance mann,Terance Mann,-0.594,0.9703,-0.377,0.9812,-0.644,0.9678,-0.239,0.988,-0.614,0.9693,-0.588,0.9706,0.0,1.0,0.0,1.0,-0.563,0.9719,0.0,1.0,1.064,1.0532,-0.865,0.9568,9
terence davis,,0.0,1.0,0.0,1.0,0.0,1.0,0.0,1.0,0.0,1.0,0.0,1.0,0.0,1.0,0.0,1.0,0.0,1.0,0.0,1.0,0.0,1.0,0.0,1.0,0
terrence shannon jr.,Terrence Shannon Jr.,-0.459,0.9771,-0.094,0.9953,-0.846,0.9577,0.0,1.0,0.0,1.0,0.0,1.0,0.0,1.0,0.0,1.0,0.0,1.0,0.0,1.0,0.0,1.0,0.0,1.0,3
terry rozier,Terry Rozier,-0.765,0.9618,-0.53,0.9735,-0.751,0.9624,-1.199,0.9401,-0.201,0.9899,0.374,1.0187,-0.296,0.9852,1.606,1.0803,-0.213,0.9893,0.0,1.0,-1.459,0.927,-0.736,0.9632,11
terry taylor,,0.0,1.0,0.0,1.0,0.0,1.0,0.0,1.0,0.0,1.0,0.0,1.0,0.0,1.0,0.0,1.0,0.0,1.0,0.0,1.0,0.0,1.0,0.0,1.0,0
thomas bryant,Thomas Bryant,-0.25,0.9875,0.134,1.0067,-0.788,0.9606,0.36,1.018,-0.395,0.9802,-1.459,0.927,0.0,1.0,0.0,1.0,0.717,1.0359,0.0,1.0,0.0,1.0,0.0,1.0,7
tidjane salaun,Tidjane Salaun,-1.034,0.9483,-1.324,0.9338,0.058,1.0029,-1.831,0.9084,-0.803,0.9599,-1.233,0.9383,0.509,1.0255,0.0,1.0,-0.819,0.9591,0.0,1.0,0.289,1.0145,-0.808,0.9596,10
tim hardaway jr.,Tim Hardaway Jr.,-0.26,0.987,0.177,1.0088,-0.885,0.9557,0.394,1.0197,-0.357,0.9822,-1.002,0.9499,0.171,1.0085,0.636,1.0318,1.579,1.0789,-0.666,0.9667,-0.739,0.9631,-0.514,0.9743,12
tobias harris,Tobias Harris,1.143,1.0571,0.929,1.0464,0.881,1.044,0.06,1.003,-0.366,0.9817,-0.641,0.9679,1.502,1.0751,-1.156,0.9422,0.15,1.0075,-0.6,0.97,-0.258,0.9871,0.44,1.022,12
tolu smith,Tolu Smith,-0.308,0.9846,-0.215,0.9892,-0.299,0.9851,0.0,1.0,0.0,1.0,0.0,1.0,0.0,1.0,0.0,1.0,0.0,1.0,0.0,1.0,0.0,1.0,0.0,1.0,3
tony bradley,Tony Bradley,-1.012,0.9494,-1.138,0.9431,-0.223,0.9889,0.0,1.0,0.0,1.0,0.0,1.0,0.0,1.0,0.0,1.0,0.0,1.0,0.0,1.0,0.0,1.0,0.0,1.0,3
torrey craig,,0.0,1.0,0.0,1.0,0.0,1.0,0.0,1.0,0.0,1.0,0.0,1.0,0.0,1.0,0.0,1.0,0.0,1.0,0.0,1.0,0.0,1.0,0.0,1.0,0
tosan evbuomwan,Tosan Evbuomwan,-0.699,0.9651,-0.79,0.9605,-0.146,0.9927,0.0,1.0,1.031,1.0516,-0.28,0.986,0.0,1.0,0.0,1.0,-0.718,0.9641,0.0,1.0,0.0,1.0,0.0,1.0,6
toumani camara,Toumani Camara,0.479,1.0239,-0.113,0.9943,1.256,1.0628,-0.613,0.9693,-0.653,0.9674,-0.944,0.9528,-0.694,0.9653,0.411,1.0206,-0.085,0.9957,-0.851,0.9575,-0.612,0.9694,1.337,1.0668,12
trae young,Trae Young,1.072,1.0536,2.166,1.1083,-1.458,0.9271,-0.389,0.9806,1.196,1.0598,2.299,1.1149,-1.278,0.9361,1.523,1.0762,0.427,1.0213,-0.979,0.9511,-0.011,0.9994,-0.545,0.9727,12
trayce jackson-davis,Trayce Jackson-Davis,-0.42,0.979,-0.644,0.9678,0.212,1.0106,-0.362,0.9819,0.366,1.0183,0.331,1.0165,-0.462,0.9769,0.0,1.0,-1.68,0.916,0.0,1.0,-0.759,0.9621,1.089,1.0545,10
tre jones,Tre Jones,0.729,1.0365,1.02,1.051,-0.192,0.9904,0.0,1.0,0.328,1.0164,1.895,1.0947,0.0,1.0,0.0,1.0,-1.168,0.9416,0.0,1.0,0.0,1.0,-1.164,0.9418,7
tre mann,Tre Mann,-1.09,0.9455,-0.903,0.9549,-0.811,0.9595,0.0,1.0,0.0,1.0,0.0,1.0,0.0,1.0,0.0,1.0,0.0,1.0,0.0,1.0,0.0,1.0,0.0,1.0,3
trendon watford,Trendon Watford,-1.204,0.9398,-0.942,0.9529,-0.993,0.9504,-0.715,0.9642,1.55,1.0775,0.836,1.0418,1.62,1.081,0.0,1.0,-0.518,0.9741,0.0,1.0,1.965,1.0982,-0.54,0.973,10
trentyn flowers,Trentyn Flowers,-1.139,0.9431,-0.9,0.955,-0.923,0.9539,0.0,1.0,0.0,1.0,0.0,1.0,0.0,1.0,0.0,1.0,0.0,1.0,0.0,1.0,0.0,1.0,0.0,1.0,3
trevelin queen,,0.0,1.0,0.0,1.0,0.0,1.0,0.0,1.0,0.0,1.0,0.0,1.0,0.0,1.0,0.0,1.0,0.0,1.0,0.0,1.0,0.0,1.0,0.0,1.0,0
trey alexander,Trey Alexander,-1.381,0.9309,-1.242,0.9379,-0.854,0.9573,0.0,1.0,0.0,1.0,0.0,1.0,0.0,1.0,0.0,1.0,0.0,1.0,0.0,1.0,0.0,1.0,0.0,1.0,3
trey jemison,Trey Jemison,-2.375,0.8812,-2.121,0.8939,-1.495,0.9253,0.0,1.0,0.0,1.0,0.0,1.0,0.0,1.0,0.0,1.0,0.0,1.0,0.0,1.0,0.0,1.0,0.0,1.0,3
trey jemison iii,,0.0,1.0,0.0,1.0,0.0,1.0,0.0,1.0,0.0,1.0,0.0,1.0,0.0,1.0,0.0,1.0,0.0,1.0,0.0,1.0,0.0,1.0,0.0,1.0,0
trey lyles,,0.0,1.0,0.0,1.0,0.0,1.0,-0.375,0.9812,-0.929,0.9535,-0.973,0.9513,-0.919,0.9541,0.0,1.0,-0.507,0.9746,0.0,1.0,-0.538,0.9731,-0.091,0.9954,7
trey murphy iii,Trey Murphy III,0.904,1.0452,1.294,1.0647,-0.29,0.9855,0.958,1.0479,1.036,1.0518,-0.03,0.9985,1.094,1.0547,-1.478,0.9261,1.368,1.0684,-1.726,0.9137,0.029,1.0015,-0.225,0.9887,12
tristan da silva,Tristan da Silva,-0.331,0.9834,-0.428,0.9786,0.025,1.0012,-0.715,0.9642,-0.803,0.9599,-0.632,0.9684,0.696,1.0348,0.0,1.0,-0.525,0.9738,0.0,1.0,0.243,1.0121,-0.751,0.9624,10
tristan thompson,,0.0,1.0,0.0,1.0,0.0,1.0,0.0,1.0,0.0,1.0,0.0,1.0,0.0,1.0,0.0,1.0,0.0,1.0,0.0,1.0,0.0,1.0,0.0,1.0,0
tristan vukcevic,Tristan Vukcevic,-0.347,0.9827,0.107,1.0053,-0.954,0.9523,-0.035,0.9982,0.677,1.0338,-0.944,0.9528,0.205,1.0103,0.0,1.0,1.468,1.0734,0.0,1.0,0.0,1.0,0.0,1.0,8
tristen newton,Tristen Newton,-0.578,0.9711,-0.679,0.9661,-0.077,0.9962,0.0,1.0,0.0,1.0,0.0,1.0,0.0,1.0,0.0,1.0,0.0,1.0,0.0,1.0,0.0,1.0,0.0,1.0,3
ty jerome,Ty Jerome,2.5,1.125,2.5,1.125,0.093,1.0047,1.802,1.0901,1.361,1.0681,1.529,1.0764,-1.386,0.9307,0.0,1.0,1.323,1.0661,0.0,1.0,-0.398,0.9801,-0.916,0.9542,10
tyler herro,Tyler Herro,0.805,1.0402,1.265,1.0632,-0.458,0.9771,1.795,1.0898,0.706,1.0353,1.317,1.0659,0.181,1.009,1.005,1.0503,1.222,1.0611,-1.324,0.9338,-1.393,0.9304,-0.416,0.9792,12
tyler kolek,Tyler Kolek,-0.411,0.9794,-0.231,0.9884,-0.5,0.975,0.0,1.0,0.0,1.0,0.0,1.0,0.0,1.0,0.0,1.0,0.0,1.0,0.0,1.0,0.0,1.0,0.0,1.0,3
tyler smith,Tyler Smith,-0.622,0.9689,-0.69,0.9655,-0.154,0.9923,0.0,1.0,0.0,1.0,0.0,1.0,0.0,1.0,0.0,1.0,0.0,1.0,0.0,1.0,0.0,1.0,0.0,1.0,3
tyrese haliburton,Tyrese Haliburton,1.948,1.0974,2.233,1.1116,0.355,1.0177,2.387,1.1194,0.002,1.0001,2.27,1.1135,-0.708,0.9646,1.499,1.075,0.818,1.0409,-1.068,0.9466,1.07,1.0535,-0.066,0.9967,12
tyrese martin,Tyrese Martin,-0.886,0.9557,-0.79,0.9605,-0.56,0.972,-0.811,0.9595,-0.803,0.9599,-0.482,0.9759,-0.345,0.9828,0.0,1.0,0.171,1.0085,0.0,1.0,-1.066,0.9467,-0.926,0.9537,10
tyrese maxey,Tyrese Maxey,1.202,1.0601,1.545,1.0773,-0.077,0.9962,1.557,1.0779,1.395,1.0697,1.428,1.0714,-0.158,0.9921,1.433,1.0717,1.406,1.0703,0.01,1.0005,0.763,1.0382,-0.2,0.99,12
tyson etienne,Tyson Etienne,-1.112,0.9444,-0.253,0.9873,-2.006,0.8997,0.0,1.0,0.0,1.0,0.0,1.0,0.0,1.0,0.0,1.0,0.0,1.0,0.0,1.0,0.0,1.0,0.0,1.0,3
tyty washington jr.,TyTy Washington Jr.,-1.053,0.9474,-0.982,0.9509,-0.589,0.9705,0.0,1.0,0.0,1.0,0.0,1.0,0.0,1.0,0.0,1.0,0.0,1.0,0.0,1.0,0.0,1.0,0.0,1.0,3
tyus jones,Tyus Jones,-1.042,0.9479,-0.516,0.9742,-1.387,0.9306,0.36,1.018,-0.822,0.9589,1.832,1.0916,-1.538,0.9231,-1.177,0.9411,0.783,1.0391,-0.728,0.9636,0.83,1.0415,-0.999,0.9501,12
ulrich chomche,,0.0,1.0,0.0,1.0,0.0,1.0,0.0,1.0,0.0,1.0,0.0,1.0,0.0,1.0,0.0,1.0,0.0,1.0,0.0,1.0,0.0,1.0,0.0,1.0,0
vasilije micia,,0.0,1.0,0.0,1.0,0.0,1.0,0.0,1.0,-0.342,0.9829,1.601,1.0801,0.0,1.0,0.0,1.0,-0.833,0.9584,0.0,1.0,0.0,1.0,0.0,1.0,3
vasilije micic,,0.0,1.0,0.0,1.0,0.0,1.0,-1.974,0.9013,-0.342,0.9829,1.601,1.0801,-1.687,0.9157,0.0,1.0,-0.833,0.9584,0.0,1.0,0.0,1.0,0.0,1.0,5
victor wembanyama,Victor Wembanyama,2.5,1.125,2.357,1.1179,2.5,1.125,-0.103,0.9948,0.575,1.0287,0.052,1.0026,1.723,1.0862,-1.005,0.9498,1.413,1.0706,1.959,1.098,0.91,1.0455,1.244,1.0622,12
vince williams jr.,Vince Williams Jr.,0.127,1.0063,-0.136,0.9932,0.519,1.026,0.0,1.0,-0.973,0.9514,-0.107,0.9946,0.0,1.0,0.0,1.0,-1.03,0.9485,0.0,1.0,0.0,1.0,0.0,1.0,6
vit krejci,Vit Krejci,-0.627,0.9686,-0.54,0.973,-0.43,0.9785,0.707,1.0353,-1.215,0.9392,0.547,1.0274,-0.39,0.9805,0.0,1.0,-0.013,0.9994,0.0,1.0,0.963,1.0482,-1.086,0.9457,10
vlatko aanaar,,0.0,1.0,0.0,1.0,0.0,1.0,0.0,1.0,0.0,1.0,0.0,1.0,0.0,1.0,0.0,1.0,0.0,1.0,0.0,1.0,0.0,1.0,0.0,1.0,0
walker kessler,Walker Kessler,0.505,1.0253,0.162,1.0081,0.829,1.0414,0.455,1.0227,-0.308,0.9846,-1.079,0.946,-1.234,0.9383,0.0,1.0,-1.625,0.9188,1.548,1.0774,0.917,1.0458,2.352,1.1176,11
wendell carter jr.,Wendell Carter Jr.,0.796,1.0398,0.096,1.0048,1.587,1.0793,-1.26,0.937,0.197,1.0098,-0.79,0.9605,0.682,1.0341,0.0,1.0,-0.784,0.9608,1.325,1.0663,0.263,1.0131,1.558,1.0779,11
wendell moore jr.,Wendell Moore Jr.,-1.353,0.9323,-1.62,0.919,-0.124,0.9938,0.0,1.0,-0.633,0.9683,-0.319,0.9841,0.0,1.0,0.0,1.0,-1.22,0.939,0.0,1.0,0.0,1.0,0.0,1.0,6
xavier tillman,Xavier Tillman,-0.969,0.9516,-1.687,0.9156,0.841,1.0421,0.0,1.0,0.0,1.0,0.0,1.0,0.0,1.0,0.0,1.0,0.0,1.0,0.0,1.0,0.0,1.0,0.0,1.0,3
yuki kawamura,Yuki Kawamura,-0.756,0.9622,-0.283,0.9859,-1.169,0.9416,0.0,1.0,0.0,1.0,0.0,1.0,0.0,1.0,0.0,1.0,0.0,1.0,0.0,1.0,0.0,1.0,0.0,1.0,3
yuri collins,,0.0,1.0,0.0,1.0,0.0,1.0,0.0,1.0,0.0,1.0,0.0,1.0,0.0,1.0,0.0,1.0,0.0,1.0,0.0,1.0,0.0,1.0,0.0,1.0,0
yves missi,Yves Missi,-1.094,0.9453,-0.686,0.9657,-1.203,0.9399,-0.974,0.9513,0.221,1.011,-1.281,0.9359,-1.092,0.9454,0.0,1.0,-1.67,0.9165,-1.736,0.9132,-0.952,0.9524,2.032,1.1016,11
zaccharie risacher,Zaccharie Risacher,-0.859,0.957,-0.595,0.9703,-0.845,0.9577,-0.681,0.9659,-0.425,0.9788,-1.055,0.9472,0.053,1.0026,-0.248,0.9876,0.454,1.0227,-1.352,0.9324,-0.331,0.9834,-0.839,0.9581,12
zach collins,Zach Collins,-0.359,0.9821,-0.277,0.9862,-0.303,0.9849,-0.028,0.9986,-0.226,0.9887,-0.449,0.9776,0.0,1.0,0.0,1.0,-0.992,0.9504,0.0,1.0,0.089,1.0045,0.723,1.0362,9
zach edey,Zach Edey,0.967,1.0484,0.497,1.0249,1.256,1.0628,-0.055,0.9972,1.604,1.0802,-0.992,0.9504,0.112,1.0056,0.0,1.0,0.738,1.0369,0.0,1.0,-0.645,0.9677,2.105,1.1052,10
zach lavine,Zach LaVine,0.013,1.0007,0.644,1.0322,-1.108,0.9446,1.319,1.066,0.032,1.0016,0.456,1.0228,0.589,1.0294,-1.239,0.938,1.24,1.062,0.559,1.028,0.216,1.0108,-0.798,0.9601,12
zeke nnaji,Zeke Nnaji,-0.977,0.9512,-1.225,0.9388,0.008,1.0004,0.0,1.0,-1.506,0.9247,-1.3,0.935,0.0,1.0,0.0,1.0,-1.507,0.9246,0.0,1.0,-0.011,0.9994,0.0,1.0,7
ziaire williams,Ziaire Williams,-0.179,0.9911,-0.853,0.9574,1.111,1.0556,-0.593,0.9703,-0.793,0.9603,-1.118,0.9441,-1.047,0.9477,0.0,1.0,0.16,1.008,0.0,1.0,0.102,1.0051,-0.571,0.9715,10
zion williamson,Zion Williamson,0.623,1.0311,0.68,1.034,0.173,1.0087,1.115,1.0557,2.38,1.119,1.231,1.0615,1.537,1.0768,0.0,1.0,-1.352,0.9324,0.0,1.0,0.122,1.0061,0.0,1.0,9
zyon pullin,Zyon Pullin,-1.463,0.9268,-1.14,0.943,-1.215,0.9392,0.0,1.0,0.0,1.0,0.0,1.0,0.0,1.0,0.0,1.0,0.0,1.0,0.0,1.0,0.0,1.0,0.0,1.0,3
