Player,touches,paint_touches,paint_fgm,paint_fga,paint_ftm,paint_fta,paint_pts,Passes,Assists,Turnovers,Fouls,FG%,ppp_paint,paint_pass_pct,paint_ast_pct,paint_to_pct,Foul%,possessions,Touches Per Poss,paint_per_poss,season_year,player
A.J. Lawson,280,16,7,8,2,2,17,6,1,1,1,0.875,1.0625,0.375,0.0625,0.0625,0.0625,450,0.6222,0.0356,2026,A.J. Lawson
Aaron Gordon,1728,169,77,111,23,32,183,36,8,4,15,0.6937,1.0828,0.213,0.0473,0.0237,0.0888,2056,0.8405,0.0822,2026,Aaron Gordon
Aaron Holiday,1155,3,0,2,0,0,0,1,0,0,0,0.0,0.0,0.3333,0.0,0.0,0.0,1562,0.7394,0.0019,2026,Aaron Holiday
Aaron Nesmith,2246,45,10,23,4,6,25,16,2,1,3,0.4348,0.5556,0.3556,0.0444,0.0222,0.0667,2808,0.7999,0.016,2026,Aaron Nesmith
Aaron Wiggins,2159,74,31,42,5,8,68,18,2,4,4,0.7381,0.9189,0.2432,0.027,0.0541,0.0541,2925,0.7381,0.0253,2026,Aaron Wiggins
Ace Bailey,2410,144,62,92,16,22,142,29,4,7,11,0.6739,0.9861,0.2014,0.0278,0.0486,0.0764,4241,0.5683,0.034,2026,Ace Bailey
Adama Bal,293,15,3,7,2,2,8,6,1,0,1,0.4286,0.5333,0.4,0.0667,0.0,0.0667,518,0.5656,0.029,2026,Adama Bal
Adem Bona,1201,231,87,148,37,44,211,35,3,21,23,0.5878,0.9134,0.1515,0.013,0.0909,0.0996,2555,0.4701,0.0904,2026,Adem Bona
Adou Thiero,183,18,5,9,2,4,12,5,2,1,2,0.5556,0.6667,0.2778,0.1111,0.0556,0.1111,299,0.612,0.0602,2026,Adou Thiero
AJ Green,3402,29,6,12,0,0,12,16,5,0,0,0.5,0.4138,0.5517,0.1724,0.0,0.0,4533,0.7505,0.0064,2026,AJ Green
AJ Johnson,725,25,6,11,5,6,18,6,2,5,3,0.5455,0.72,0.24,0.08,0.2,0.12,940,0.7713,0.0266,2026,AJ Johnson
Ajay Mitchell,2587,49,23,30,0,0,46,13,3,3,0,0.7667,0.9388,0.2653,0.0612,0.0612,0.0,3082,0.8394,0.0159,2026,Ajay Mitchell
Al Horford,1947,119,30,52,9,10,70,52,14,8,5,0.5769,0.5882,0.437,0.1176,0.0672,0.042,1997,0.975,0.0596,2026,Al Horford
Alex Antetokounmpo,29,3,0,0,4,6,4,0,0,0,2,0.0,1.3333,0.0,0.0,0.0,0.6667,46,0.6304,0.0652,2026,Alex Antetokounmpo
Alex Caruso,1646,55,17,27,1,2,35,23,4,4,1,0.6296,0.6364,0.4182,0.0727,0.0727,0.0182,2129,0.7731,0.0258,2026,Alex Caruso
Alex Morales,39,2,0,0,0,0,0,1,0,1,0,0.0,0.0,0.5,0.0,0.5,0.0,48,0.8125,0.0417,2026,Alex Morales
Alex Sarr,2729,264,115,180,29,48,266,31,5,15,24,0.6389,1.0076,0.1174,0.0189,0.0568,0.0909,2755,0.9906,0.0958,2026,Alex Sarr
Alijah Martin,209,18,4,6,2,2,11,9,1,1,1,0.6667,0.6111,0.5,0.0556,0.0556,0.0556,283,0.7385,0.0636,2026,Alijah Martin
Alondes Williams,116,9,5,5,2,2,12,2,0,1,1,1.0,1.3333,0.2222,0.0,0.1111,0.1111,209,0.555,0.0431,2026,Alondes Williams
Alperen Sengun,5121,468,145,242,36,52,342,160,46,19,25,0.5992,0.7308,0.3419,0.0983,0.0406,0.0534,4788,1.0695,0.0977,2026,Alperen Sengun
Amari Williams,174,25,8,15,2,4,19,6,1,0,2,0.5333,0.76,0.24,0.04,0.0,0.08,292,0.5959,0.0856,2026,Amari Williams
Amen Thompson,5788,545,184,265,54,74,435,194,44,29,35,0.6943,0.7982,0.356,0.0807,0.0532,0.0642,5880,0.9844,0.0927,2026,Amen Thompson
Amir Coffey,496,13,4,4,0,0,8,7,2,0,2,1.0,0.6154,0.5385,0.1538,0.0,0.1538,965,0.514,0.0135,2026,Amir Coffey
Andersson Garcia,209,26,3,7,0,0,6,15,1,3,0,0.4286,0.2308,0.5769,0.0385,0.1154,0.0,357,0.5854,0.0728,2026,Andersson Garcia
Andre Drummond,1430,307,107,201,23,42,242,60,13,17,19,0.5323,0.7883,0.1954,0.0423,0.0554,0.0619,2510,0.5697,0.1223,2026,Andre Drummond
Andre Jackson Jr.,823,49,7,19,2,2,16,25,2,2,1,0.3684,0.3265,0.5102,0.0408,0.0408,0.0204,825,0.9976,0.0594,2026,Andre Jackson Jr.
Andrew Nembhard,4984,33,12,19,0,0,24,11,2,1,0,0.6316,0.7273,0.3333,0.0606,0.0303,0.0,3728,1.3369,0.0089,2026,Andrew Nembhard
Andrew Wiggins,2828,148,60,98,8,12,133,34,9,6,6,0.6122,0.8986,0.2297,0.0608,0.0405,0.0405,4270,0.6623,0.0347,2026,Andrew Wiggins
Anfernee Simons,2456,22,6,8,0,0,13,13,0,1,0,0.75,0.5909,0.5909,0.0,0.0455,0.0,2736,0.8977,0.008,2026,Anfernee Simons
Anthony Black,3654,100,45,62,9,10,101,25,7,6,5,0.7258,1.01,0.25,0.07,0.06,0.05,3927,0.9305,0.0255,2026,Anthony Black
Anthony Davis,1128,146,73,108,20,28,168,10,3,9,14,0.6759,1.1507,0.0685,0.0205,0.0616,0.0959,1223,0.9223,0.1194,2026,Anthony Davis
Anthony Edwards,4333,50,17,33,9,10,41,8,3,2,5,0.5152,0.82,0.16,0.06,0.04,0.1,4382,0.9888,0.0114,2026,Anthony Edwards
Anthony Gill,1175,130,58,82,4,6,123,35,4,6,2,0.7073,0.9462,0.2692,0.0308,0.0462,0.0154,2011,0.5843,0.0646,2026,Anthony Gill
Antonio Reeves,70,2,0,0,0,0,0,2,0,0,0,0.0,0.0,1.0,0.0,0.0,0.0,130,0.5385,0.0154,2026,Antonio Reeves
Ariel Hukporti,519,129,31,51,18,22,81,51,7,10,11,0.6078,0.6279,0.3953,0.0543,0.0775,0.0853,987,0.5258,0.1307,2026,Ariel Hukporti
Asa Newell,658,72,32,44,5,10,71,18,4,2,5,0.7273,0.9861,0.25,0.0556,0.0278,0.0694,1063,0.619,0.0677,2026,Asa Newell
Ausar Thompson,2917,326,120,187,10,28,253,101,27,17,12,0.6417,0.7761,0.3098,0.0828,0.0521,0.0368,3791,0.7695,0.086,2026,Ausar Thompson
Austin Reaves,3705,43,14,19,6,6,35,16,4,3,3,0.7368,0.814,0.3721,0.093,0.0698,0.0698,3613,1.0255,0.0119,2026,Austin Reaves
Ayo Dosunmu,3687,64,18,37,10,12,46,15,2,3,6,0.4865,0.7188,0.2344,0.0312,0.0469,0.0938,3955,0.9322,0.0162,2026,Ayo Dosunmu
Bam Adebayo,4101,296,118,179,35,44,275,73,12,10,22,0.6592,0.9291,0.2466,0.0405,0.0338,0.0743,4885,0.8395,0.0606,2026,Bam Adebayo
Baylor Scheierman,1655,37,8,10,0,0,16,23,4,2,0,0.8,0.4324,0.6216,0.1081,0.0541,0.0,2799,0.5913,0.0132,2026,Baylor Scheierman
Ben Saraf,2122,32,10,16,4,4,24,12,1,1,2,0.625,0.75,0.375,0.0312,0.0312,0.0625,1876,1.1311,0.0171,2026,Ben Saraf
Ben Sheppard,2203,53,11,20,4,6,26,29,3,0,3,0.55,0.4906,0.5472,0.0566,0.0,0.0566,2931,0.7516,0.0181,2026,Ben Sheppard
Bennedict Mathurin,2769,129,51,72,37,43,142,26,4,4,20,0.7083,1.1008,0.2016,0.031,0.031,0.155,3342,0.8285,0.0386,2026,Bennedict Mathurin
Bez Mbeng,619,25,9,13,1,2,19,8,2,1,0,0.6923,0.76,0.32,0.08,0.04,0.0,1080,0.5731,0.0231,2026,Bez Mbeng
Bilal Coulibaly,2543,112,44,64,14,20,106,28,4,7,10,0.6875,0.9464,0.25,0.0357,0.0625,0.0893,3139,0.8101,0.0357,2026,Bilal Coulibaly
Bismack Biyombo,163,22,8,13,1,2,17,4,0,2,1,0.6154,0.7727,0.1818,0.0,0.0909,0.0455,280,0.5821,0.0786,2026,Bismack Biyombo
Blake Hinson,360,13,5,10,0,0,10,2,1,1,0,0.5,0.7692,0.1538,0.0769,0.0769,0.0,609,0.5911,0.0213,2026,Blake Hinson
Blake Wesley,772,14,5,9,0,0,10,4,1,1,0,0.5556,0.7143,0.2857,0.0714,0.0714,0.0,766,1.0078,0.0183,2026,Blake Wesley
Bobby Portis,3048,173,75,118,10,14,163,38,8,6,6,0.6356,0.9422,0.2197,0.0462,0.0347,0.0347,3207,0.9504,0.0539,2026,Bobby Portis
Bobi Klintman,101,9,1,4,0,0,2,4,1,0,0,0.25,0.2222,0.4444,0.1111,0.0,0.0,150,0.6733,0.06,2026,Bobi Klintman
Bogdan Bogdanovic,786,6,2,4,0,0,4,1,1,1,0,0.5,0.6667,0.1667,0.1667,0.1667,0.0,886,0.8871,0.0068,2026,Bogdan Bogdanovic
Bogdan BogdanoviÄ‡,786,6,2,4,0,0,4,1,1,1,0,0.5,0.6667,0.1667,0.1667,0.1667,0.0,886,0.8871,0.0068,2026,Bogdan Bogdanovi
Bones Hyland,2754,20,4,7,0,0,8,12,2,1,0,0.5714,0.4,0.6,0.1,0.05,0.0,2447,1.1255,0.0082,2026,Bones Hyland
Bradley Beal,177,7,2,4,4,4,8,1,1,0,2,0.5,1.1429,0.1429,0.1429,0.0,0.2857,243,0.7284,0.0288,2026,Bradley Beal
Branden Carlson,727,109,56,73,8,12,121,23,7,6,6,0.7671,1.1101,0.211,0.0642,0.055,0.055,1000,0.727,0.109,2026,Branden Carlson
Brandin Podziemski,4846,127,35,52,7,8,78,59,10,6,4,0.6731,0.6142,0.4646,0.0787,0.0472,0.0315,4721,1.0265,0.0269,2026,Brandin Podziemski
Brandon Clarke,27,5,2,4,0,0,4,1,1,0,0,0.5,0.8,0.2,0.2,0.0,0.0,47,0.5745,0.1064,2026,Brandon Clarke
Brandon Ingram,4241,124,48,71,18,22,116,29,7,6,10,0.6761,0.9355,0.2339,0.0565,0.0484,0.0806,5290,0.8017,0.0234,2026,Brandon Ingram
Brandon Miller,3828,123,49,64,9,10,108,43,8,7,5,0.7656,0.878,0.3496,0.065,0.0569,0.0407,3983,0.9611,0.0309,2026,Brandon Miller
Brandon Williams,3167,41,9,13,5,6,24,20,4,3,3,0.6923,0.5854,0.4878,0.0976,0.0732,0.0732,3127,1.0128,0.0131,2026,Brandon Williams
Brice Sensabaugh,2744,62,14,32,7,8,39,17,1,3,6,0.4375,0.629,0.2742,0.0161,0.0484,0.0968,3708,0.74,0.0167,2026,Brice Sensabaugh
Bronny James,747,11,4,6,0,0,8,4,0,1,0,0.6667,0.7273,0.3636,0.0,0.0909,0.0,745,1.0027,0.0148,2026,Bronny James
Brook Lopez,1889,133,48,81,19,24,119,26,4,10,11,0.5926,0.8947,0.1955,0.0301,0.0752,0.0827,3187,0.5927,0.0417,2026,Brook Lopez
Brooks Barnhizer,397,27,7,11,0,0,14,14,0,1,0,0.6364,0.5185,0.5185,0.0,0.037,0.0,705,0.5631,0.0383,2026,Brooks Barnhizer
Bruce Brown,3034,190,60,110,20,26,145,50,11,12,14,0.5455,0.7632,0.2632,0.0579,0.0632,0.0737,4060,0.7473,0.0468,2026,Bruce Brown
Bryce McGowens,1147,22,8,10,7,8,23,6,1,2,4,0.8,1.0455,0.2727,0.0455,0.0909,0.1818,1855,0.6183,0.0119,2026,Bryce McGowens
Bub Carrington,4855,42,8,15,1,4,18,21,7,2,2,0.5333,0.4286,0.5,0.1667,0.0476,0.0476,4822,1.0068,0.0087,2026,Bub Carrington
Buddy Boeheim,12,0,0,0,0,0,0,0,0,0,0,0.0,0.0,0.0,0.0,0.0,0.0,30,0.4,0.0,2026,Buddy Boeheim
Buddy Hield,1514,45,19,28,4,6,42,13,2,1,3,0.6786,0.9333,0.2889,0.0444,0.0222,0.0667,1723,0.8787,0.0261,2026,Buddy Hield
Cade Cunningham,5583,96,30,48,19,22,80,31,9,3,11,0.625,0.8333,0.3229,0.0938,0.0312,0.1146,4396,1.27,0.0218,2026,Cade Cunningham
Caleb Houstan,94,5,1,2,0,0,2,3,0,0,0,0.5,0.4,0.6,0.0,0.0,0.0,155,0.6065,0.0323,2026,Caleb Houstan
Caleb Love,1849,13,5,6,2,2,12,6,0,0,1,0.8333,0.9231,0.4615,0.0,0.0,0.0769,2124,0.8705,0.0061,2026,Caleb Love
Caleb Martin,1027,29,5,8,0,0,10,18,2,2,0,0.625,0.3448,0.6207,0.069,0.069,0.0,1780,0.577,0.0163,2026,Caleb Martin
Cam Christie,711,33,10,19,5,6,25,9,0,1,3,0.5263,0.7576,0.2727,0.0,0.0303,0.0909,945,0.7524,0.0349,2026,Cam Christie
Cam Spencer,3809,51,12,18,2,2,27,25,9,6,1,0.6667,0.5294,0.4902,0.1765,0.1176,0.0196,3556,1.0711,0.0143,2026,Cam Spencer
Cam Thomas,1721,15,6,10,1,2,14,1,0,1,1,0.6,0.9333,0.0667,0.0,0.0667,0.0667,1735,0.9919,0.0086,2026,Cam Thomas
Cam Whitmore,432,48,22,36,3,4,48,5,0,3,2,0.6111,1.0,0.1042,0.0,0.0625,0.0417,758,0.5699,0.0633,2026,Cam Whitmore
Cameron Johnson,2013,57,24,30,1,2,50,23,4,1,1,0.8,0.8772,0.4035,0.0702,0.0175,0.0175,3414,0.5896,0.0167,2026,Cameron Johnson
Cameron Payne,887,3,1,2,0,0,2,1,0,0,0,0.5,0.6667,0.3333,0.0,0.0,0.0,794,1.1171,0.0038,2026,Cameron Payne
Caris LeVert,2080,48,12,18,6,8,31,21,2,3,3,0.6667,0.6458,0.4375,0.0417,0.0625,0.0625,2367,0.8787,0.0203,2026,Caris LeVert
Carter Bryant,1001,59,22,29,4,6,48,23,2,2,3,0.7586,0.8136,0.3898,0.0339,0.0339,0.0508,1663,0.6019,0.0355,2026,Carter Bryant
Cason Wallace,2829,94,27,41,2,4,56,43,11,5,1,0.6585,0.5957,0.4574,0.117,0.0532,0.0106,4244,0.6666,0.0221,2026,Cason Wallace
Cedric Coward,3400,143,54,74,22,26,134,44,5,8,12,0.7297,0.9371,0.3077,0.035,0.0559,0.0839,3377,1.0068,0.0423,2026,Cedric Coward
Chaney Johnson,505,52,16,25,8,8,40,19,6,3,4,0.64,0.7692,0.3654,0.1154,0.0577,0.0769,713,0.7083,0.0729,2026,Chaney Johnson
Charles Bassey,248,52,24,36,8,12,57,8,2,1,4,0.6667,1.0962,0.1538,0.0385,0.0192,0.0769,310,0.8,0.1677,2026,Charles Bassey
Chaz Lanier,251,2,0,0,0,0,0,2,0,0,0,0.0,0.0,1.0,0.0,0.0,0.0,537,0.4674,0.0037,2026,Chaz Lanier
Chet Holmgren,3116,375,186,247,48,60,427,53,8,21,28,0.753,1.1387,0.1413,0.0213,0.056,0.0747,4117,0.7569,0.0911,2026,Chet Holmgren
Chris Boucher,113,7,4,5,0,0,8,1,0,0,0,0.8,1.1429,0.1429,0.0,0.0,0.0,182,0.6209,0.0385,2026,Chris Boucher
Chris Livingston,21,0,0,0,0,0,0,0,0,0,0,0.0,0.0,0.0,0.0,0.0,0.0,36,0.5833,0.0,2026,Chris Livingston
Chris MaÃ±on,57,6,1,1,0,0,2,5,1,0,0,1.0,0.3333,0.8333,0.1667,0.0,0.0,90,0.6333,0.0667,2026,Chris Maon
Chris Paul,510,4,0,2,0,0,0,2,1,0,0,0.0,0.0,0.5,0.25,0.0,0.0,453,1.1258,0.0088,2026,Chris Paul
Chris Youngblood,183,3,1,1,2,2,4,1,0,0,0,1.0,1.3333,0.3333,0.0,0.0,0.0,375,0.488,0.008,2026,Chris Youngblood
Christian Braun,2088,179,63,92,24,28,155,56,11,7,12,0.6848,0.8659,0.3128,0.0615,0.0391,0.067,2908,0.718,0.0616,2026,Christian Braun
Christian Koloko,412,105,24,47,5,6,54,42,9,9,3,0.5106,0.5143,0.4,0.0857,0.0857,0.0286,752,0.5479,0.1396,2026,Christian Koloko
Chucky Hepburn,31,0,0,0,0,0,0,0,0,0,0,0.0,0.0,0.0,0.0,0.0,0.0,25,1.24,0.0,2026,Chucky Hepburn
CJ Huntley,34,6,4,4,0,0,8,1,0,0,0,1.0,1.3333,0.1667,0.0,0.0,0.0,84,0.4048,0.0714,2026,CJ Huntley
CJ McCollum,4372,55,15,19,6,8,37,28,7,3,4,0.7895,0.6727,0.5091,0.1273,0.0545,0.0727,4777,0.9152,0.0115,2026,CJ McCollum
Clint Capela,1182,298,102,185,22,33,230,76,11,11,19,0.5514,0.7718,0.255,0.0369,0.0369,0.0638,1842,0.6417,0.1618,2026,Clint Capela
Coby White,2620,18,5,6,2,2,13,8,2,2,1,0.8333,0.7222,0.4444,0.1111,0.1111,0.0556,2582,1.0147,0.007,2026,Coby White
Cody Martin,73,2,0,1,0,0,0,1,1,0,0,0.0,0.0,0.5,0.5,0.0,0.0,114,0.6404,0.0175,2026,Cody Martin
Cody Williams,2195,135,50,73,7,10,107,42,4,11,5,0.6849,0.7926,0.3111,0.0296,0.0815,0.037,3457,0.6349,0.0391,2026,Cody Williams
Colby Jones,11,0,0,0,0,0,0,0,0,0,0,0.0,0.0,0.0,0.0,0.0,0.0,14,0.7857,0.0,2026,Colby Jones
Cole Anthony,1253,10,2,4,0,0,4,6,0,0,0,0.5,0.4,0.6,0.0,0.0,0.0,1051,1.1922,0.0095,2026,Cole Anthony
Colin Castleton,30,6,2,3,0,0,5,3,1,0,0,0.6667,0.8333,0.5,0.1667,0.0,0.0,42,0.7143,0.1429,2026,Colin Castleton
Collin Gillespie,4813,78,9,15,0,0,19,52,19,6,0,0.6,0.2436,0.6667,0.2436,0.0769,0.0,4624,1.0409,0.0169,2026,Collin Gillespie
Collin Murray-Boyles,1905,378,105,172,26,44,238,156,30,19,23,0.6105,0.6296,0.4127,0.0794,0.0503,0.0608,2508,0.7596,0.1507,2026,Collin Murray-Boyles
Collin Sexton,3260,67,19,34,7,8,46,23,1,2,2,0.5588,0.6866,0.3433,0.0149,0.0299,0.0299,3384,0.9634,0.0198,2026,Collin Sexton
Cooper Flagg,4511,130,57,84,8,12,128,29,5,5,6,0.6786,0.9846,0.2231,0.0385,0.0385,0.0462,4674,0.9651,0.0278,2026,Cooper Flagg
Corey Kispert,1457,50,25,33,6,8,57,12,2,1,4,0.7576,1.14,0.24,0.04,0.02,0.08,2287,0.6371,0.0219,2026,Corey Kispert
Cormac Ryan,394,14,7,11,4,4,19,1,1,0,1,0.6364,1.3571,0.0714,0.0714,0.0,0.0714,536,0.7351,0.0261,2026,Cormac Ryan
Craig Porter Jr.,2221,92,13,23,0,0,26,61,19,5,0,0.5652,0.2826,0.663,0.2065,0.0543,0.0,2343,0.9479,0.0393,2026,Craig Porter Jr.
Curtis Jones,132,2,1,1,0,0,2,1,0,0,0,1.0,1.0,0.5,0.0,0.0,0.0,178,0.7416,0.0112,2026,Curtis Jones
D'Angelo Russell,1209,10,3,6,0,0,6,2,0,2,0,0.5,0.6,0.2,0.0,0.2,0.0,1051,1.1503,0.0095,2026,D'Angelo Russell
Daeqwon Plowden,1111,53,25,33,7,8,57,13,2,2,3,0.7576,1.0755,0.2453,0.0377,0.0377,0.0566,1736,0.64,0.0305,2026,Daeqwon Plowden
Dalano Banton,130,2,1,1,0,0,2,1,0,0,0,1.0,1.0,0.5,0.0,0.0,0.0,128,1.0156,0.0156,2026,Dalano Banton
Dalen Terry,939,33,6,14,0,0,12,14,2,5,0,0.4286,0.3636,0.4242,0.0606,0.1515,0.0,1167,0.8046,0.0283,2026,Dalen Terry
Dalton Knecht,703,23,10,18,4,4,24,3,1,0,2,0.5556,1.0435,0.1304,0.0435,0.0,0.087,1116,0.6299,0.0206,2026,Dalton Knecht
Daniel Gafford,1469,318,147,207,49,67,352,47,7,14,31,0.7101,1.1069,0.1478,0.022,0.044,0.0975,2339,0.628,0.136,2026,Daniel Gafford
Daniss Jenkins,3199,49,16,23,6,6,39,18,7,3,3,0.6957,0.7959,0.3673,0.1429,0.0612,0.0612,2972,1.0764,0.0165,2026,Daniss Jenkins
Danny Wolf,2023,92,25,40,21,24,72,33,8,3,11,0.625,0.7826,0.3587,0.087,0.0326,0.1196,2367,0.8547,0.0389,2026,Danny Wolf
DaQuan Jeffries,52,3,1,1,0,0,2,2,0,0,0,1.0,0.6667,0.6667,0.0,0.0,0.0,116,0.4483,0.0259,2026,DaQuan Jeffries
Dario Saric,40,3,0,2,0,0,0,1,0,0,0,0.0,0.0,0.3333,0.0,0.0,0.0,82,0.4878,0.0366,2026,Dario Saric
Dario Å ariÄ‡,40,3,0,2,0,0,0,1,0,0,0,0.0,0.0,0.3333,0.0,0.0,0.0,82,0.4878,0.0366,2026,Dario ari
Dariq Whitehead,278,5,3,4,0,0,6,0,0,0,0,0.75,1.2,0.0,0.0,0.0,0.0,399,0.6967,0.0125,2026,Dariq Whitehead
Darius Brown,5,0,0,0,0,0,0,0,0,0,0,0.0,0.0,0.0,0.0,0.0,0.0,4,1.25,0.0,2026,Darius Brown
Darius Garland,2809,20,6,10,0,0,12,8,2,1,0,0.6,0.6,0.4,0.1,0.05,0.0,2647,1.0612,0.0076,2026,Darius Garland
DaRon Holmes II,273,21,2,6,5,6,9,9,0,0,1,0.3333,0.4286,0.4286,0.0,0.0,0.0476,408,0.6691,0.0515,2026,DaRon Holmes II
David Jones Garcia,132,2,1,2,0,0,2,0,0,0,0,0.5,1.0,0.0,0.0,0.0,0.0,150,0.88,0.0133,2026,David Jones Garcia
David Roddy,116,12,5,10,2,2,13,0,0,0,1,0.5,1.0833,0.0,0.0,0.0,0.0833,155,0.7484,0.0774,2026,David Roddy
Davion Mitchell,4421,24,3,5,0,0,6,15,3,2,0,0.6,0.25,0.625,0.125,0.0833,0.0,4131,1.0702,0.0058,2026,Davion Mitchell
Day'Ron Sharpe,2177,422,165,246,64,92,401,84,28,28,42,0.6707,0.9502,0.1991,0.0664,0.0664,0.0995,2330,0.9343,0.1811,2026,Day'Ron Sharpe
De'Aaron Fox,4726,59,27,36,2,2,57,17,3,4,1,0.75,0.9661,0.2881,0.0508,0.0678,0.0169,4691,1.0075,0.0126,2026,De'Aaron Fox
De'Andre Hunter,1798,56,22,32,7,10,51,10,0,4,5,0.6875,0.9107,0.1786,0.0,0.0714,0.0893,2432,0.7393,0.023,2026,De'Andre Hunter
De'Anthony Melton,2437,75,20,38,4,4,44,26,8,7,2,0.5263,0.5867,0.3467,0.1067,0.0933,0.0267,2261,1.0778,0.0332,2026,De'Anthony Melton
Dean Wade,1681,82,21,34,9,12,51,35,5,3,6,0.6176,0.622,0.4268,0.061,0.0366,0.0732,2708,0.6208,0.0303,2026,Dean Wade
Deandre Ayton,2671,672,317,438,57,84,700,133,18,36,40,0.7237,1.0417,0.1979,0.0268,0.0536,0.0595,3996,0.6684,0.1682,2026,Deandre Ayton
DeAndre Jordan,241,47,19,28,6,10,45,9,3,3,4,0.6786,0.9574,0.1915,0.0638,0.0638,0.0851,411,0.5864,0.1144,2026,DeAndre Jordan
DeJon Jarreau,522,15,4,7,0,0,8,7,0,1,0,0.5714,0.5333,0.4667,0.0,0.0667,0.0,483,1.0807,0.0311,2026,DeJon Jarreau
Dejounte Murray,932,6,2,4,0,0,4,1,0,1,0,0.5,0.6667,0.1667,0.0,0.1667,0.0,809,1.152,0.0074,2026,Dejounte Murray
DeMar DeRozan,3327,56,20,26,9,12,49,18,3,4,5,0.7692,0.875,0.3214,0.0536,0.0714,0.0893,4975,0.6687,0.0113,2026,DeMar DeRozan
Deni Avdija,5536,103,31,50,13,16,80,34,3,5,9,0.62,0.7767,0.3301,0.0291,0.0485,0.0874,4621,1.198,0.0223,2026,Deni Avdija
Dennis Schroder,3961,23,3,4,3,4,9,15,4,2,2,0.75,0.3913,0.6522,0.1739,0.087,0.087,3464,1.1435,0.0066,2026,Dennis Schroder
Dennis SchrÃ¶der,3961,23,3,4,3,4,9,15,4,2,2,0.75,0.3913,0.6522,0.1739,0.087,0.087,3464,1.1435,0.0066,2026,Dennis Schrder
Dereck Lively II,170,33,11,15,6,8,28,10,0,2,4,0.7333,0.8485,0.303,0.0,0.0606,0.1212,247,0.6883,0.1336,2026,Dereck Lively II
Derik Queen,4036,227,99,153,26,30,230,36,10,15,15,0.6471,1.0132,0.1586,0.0441,0.0661,0.0661,4268,0.9456,0.0532,2026,Derik Queen
Derrick Jones Jr.,1633,130,59,89,13,16,133,28,4,3,8,0.6629,1.0231,0.2154,0.0308,0.0231,0.0615,2663,0.6132,0.0488,2026,Derrick Jones Jr.
Derrick White,5991,86,19,31,4,4,42,45,10,6,2,0.6129,0.4884,0.5233,0.1163,0.0698,0.0233,5176,1.1575,0.0166,2026,Derrick White
Desmond Bane,4869,121,46,70,15,16,111,32,5,10,7,0.6571,0.9174,0.2645,0.0413,0.0826,0.0579,5740,0.8483,0.0211,2026,Desmond Bane
Devin Booker,4112,84,19,42,18,22,58,22,6,8,10,0.4524,0.6905,0.2619,0.0714,0.0952,0.119,4452,0.9236,0.0189,2026,Devin Booker
Devin Carter,1469,56,19,29,4,4,44,20,4,2,2,0.6552,0.7857,0.3571,0.0714,0.0357,0.0357,1435,1.0237,0.039,2026,Devin Carter
Devin Vassell,2830,32,7,12,2,2,16,18,5,1,1,0.5833,0.5,0.5625,0.1562,0.0312,0.0312,4249,0.666,0.0075,2026,Devin Vassell
Dillon Brooks,2371,49,15,27,9,12,41,11,3,3,6,0.5556,0.8367,0.2245,0.0612,0.0612,0.1224,3500,0.6774,0.014,2026,Dillon Brooks
Dillon Jones,61,0,0,0,0,0,0,0,0,0,0,0.0,0.0,0.0,0.0,0.0,0.0,81,0.7531,0.0,2026,Dillon Jones
Domantas Sabonis,1212,199,74,117,26,32,177,47,11,11,16,0.6325,0.8894,0.2362,0.0553,0.0553,0.0804,1182,1.0254,0.1684,2026,Domantas Sabonis
Dominick Barlow,1961,233,96,135,25,28,222,65,21,13,16,0.7111,0.9528,0.279,0.0901,0.0558,0.0687,3493,0.5614,0.0667,2026,Dominick Barlow
Donovan Clingan,3230,676,239,372,81,120,574,176,36,43,59,0.6425,0.8491,0.2604,0.0533,0.0636,0.0873,4351,0.7424,0.1554,2026,Donovan Clingan
Donovan Mitchell,4842,62,28,42,3,4,61,13,2,3,1,0.6667,0.9839,0.2097,0.0323,0.0484,0.0161,4827,1.0031,0.0128,2026,Donovan Mitchell
Donte DiVincenzo,4422,55,11,18,3,4,25,31,8,4,2,0.6111,0.4545,0.5636,0.1455,0.0727,0.0364,5136,0.861,0.0107,2026,Donte DiVincenzo
Dorian Finney-Smith,741,43,11,19,4,4,26,20,3,1,2,0.5789,0.6047,0.4651,0.0698,0.0233,0.0465,1244,0.5957,0.0346,2026,Dorian Finney-Smith
Doug McDermott,570,7,3,4,0,0,6,3,0,0,0,0.75,0.8571,0.4286,0.0,0.0,0.0,906,0.6291,0.0077,2026,Doug McDermott
Drake Powell,1847,22,10,16,4,4,24,4,1,0,1,0.625,1.0909,0.1818,0.0455,0.0,0.0455,2637,0.7004,0.0083,2026,Drake Powell
Draymond Green,4591,147,35,63,16,24,88,59,15,9,12,0.5556,0.5986,0.4014,0.102,0.0612,0.0816,3766,1.2191,0.039,2026,Draymond Green
Drew Eubanks,666,155,64,98,9,14,141,33,2,12,7,0.6531,0.9097,0.2129,0.0129,0.0774,0.0452,1140,0.5842,0.136,2026,Drew Eubanks
Drew Peterson,78,3,0,0,0,0,0,3,0,0,0,0.0,0.0,1.0,0.0,0.0,0.0,128,0.6094,0.0234,2026,Drew Peterson
Drew Timme,374,23,11,13,2,2,24,9,2,0,1,0.8462,1.0435,0.3913,0.087,0.0,0.0435,458,0.8166,0.0502,2026,Drew Timme
Dru Smith,2247,72,15,30,9,10,40,28,3,2,4,0.5,0.5556,0.3889,0.0417,0.0278,0.0556,2386,0.9417,0.0302,2026,Dru Smith
Duncan Robinson,2455,38,18,21,1,2,37,12,2,4,1,0.8571,0.9737,0.3158,0.0526,0.1053,0.0263,4316,0.5688,0.0088,2026,Duncan Robinson
Duop Reath,305,17,6,10,0,0,14,5,1,2,0,0.6,0.8235,0.2941,0.0588,0.1176,0.0,545,0.5596,0.0312,2026,Duop Reath
Dwight Powell,1108,172,38,58,25,36,107,79,8,11,18,0.6552,0.6221,0.4593,0.0465,0.064,0.1047,1911,0.5798,0.09,2026,Dwight Powell
Dylan Cardwell,1057,300,95,143,15,34,208,120,17,10,16,0.6643,0.6933,0.4,0.0567,0.0333,0.0533,1850,0.5714,0.1622,2026,Dylan Cardwell
Dylan Harper,3274,75,26,42,3,4,56,25,6,4,2,0.619,0.7467,0.3333,0.08,0.0533,0.0267,3211,1.0196,0.0234,2026,Dylan Harper
Dyson Daniels,4909,386,129,200,10,16,271,141,35,20,8,0.645,0.7021,0.3653,0.0907,0.0518,0.0207,5304,0.9255,0.0728,2026,Dyson Daniels
E.J. Liddell,493,35,17,25,1,2,38,7,1,1,1,0.68,1.0857,0.2,0.0286,0.0286,0.0286,706,0.6983,0.0496,2026,E.J. Liddell
Egor DÃ«min,2810,23,7,12,3,4,17,8,2,1,2,0.5833,0.7391,0.3478,0.087,0.0435,0.087,2650,1.0604,0.0087,2026,Egor Dmin
Elijah Harkless,914,11,4,7,3,4,12,2,0,0,2,0.5714,1.0909,0.1818,0.0,0.0,0.1818,1159,0.7886,0.0095,2026,Elijah Harkless
Emanuel Miller,44,3,2,3,0,0,4,0,0,0,0,0.6667,1.3333,0.0,0.0,0.0,0.0,69,0.6377,0.0435,2026,Emanuel Miller
Enrique Freeman,42,2,0,1,2,2,2,0,0,0,1,0.0,1.0,0.0,0.0,0.0,0.5,85,0.4941,0.0235,2026,Enrique Freeman
Eric Gordon,103,1,0,0,0,0,0,1,1,0,0,0.0,0.0,1.0,1.0,0.0,0.0,150,0.6867,0.0067,2026,Eric Gordon
Ethan Thompson,976,30,10,16,0,0,21,10,1,3,0,0.625,0.7,0.3333,0.0333,0.1,0.0,1352,0.7219,0.0222,2026,Ethan Thompson
Evan Mobley,4140,492,205,271,49,86,468,115,22,32,38,0.7565,0.9512,0.2337,0.0447,0.065,0.0772,4199,0.9859,0.1172,2026,Evan Mobley
Franz Wagner,1838,86,32,59,8,10,72,16,2,4,4,0.5424,0.8372,0.186,0.0233,0.0465,0.0465,2169,0.8474,0.0396,2026,Franz Wagner
Gabe Vincent,1204,9,2,3,0,0,4,4,1,0,0,0.6667,0.4444,0.4444,0.1111,0.0,0.0,1822,0.6608,0.0049,2026,Gabe Vincent
Garrett Temple,149,1,0,0,1,2,1,0,0,0,1,0.0,1.0,0.0,0.0,0.0,1.0,146,1.0205,0.0068,2026,Garrett Temple
Garrison Mathews,255,1,0,0,0,0,0,1,1,0,0,0.0,0.0,1.0,1.0,0.0,0.0,413,0.6174,0.0024,2026,Garrison Mathews
Gary Harris,700,18,4,4,0,0,8,13,2,1,0,1.0,0.4444,0.7222,0.1111,0.0556,0.0,1280,0.5469,0.0141,2026,Gary Harris
Gary Payton II,2064,272,125,169,8,10,260,77,17,9,5,0.7396,0.9559,0.2831,0.0625,0.0331,0.0184,2278,0.9061,0.1194,2026,Gary Payton II
Gary Trent Jr.,1291,5,2,4,0,0,6,0,0,0,1,0.5,1.2,0.0,0.0,0.0,0.2,2721,0.4745,0.0018,2026,Gary Trent Jr.
GG Jackson,2107,77,37,55,7,8,82,14,4,3,4,0.6727,1.0649,0.1818,0.0519,0.039,0.0519,2457,0.8575,0.0313,2026,GG Jackson
Giannis Antetokounmpo,2553,248,109,147,46,76,267,31,10,12,34,0.7415,1.0766,0.125,0.0403,0.0484,0.1371,2123,1.2025,0.1168,2026,Giannis Antetokounmpo
Goga Bitadze,1402,288,126,177,33,44,292,70,15,13,19,0.7119,1.0139,0.2431,0.0521,0.0451,0.066,2006,0.6989,0.1436,2026,Goga Bitadze
Gradey Dick,1228,58,18,28,7,8,43,18,4,7,4,0.6429,0.7414,0.3103,0.069,0.1207,0.069,2231,0.5504,0.026,2026,Gradey Dick
Grant Nelson,59,15,3,4,2,4,8,6,1,2,2,0.75,0.5333,0.4,0.0667,0.1333,0.1333,69,0.8551,0.2174,2026,Grant Nelson
Grant Williams,977,54,8,10,7,8,24,34,4,3,4,0.8,0.4444,0.6296,0.0741,0.0556,0.0741,1441,0.678,0.0375,2026,Grant Williams
Grayson Allen,2751,33,5,8,2,4,13,21,3,0,2,0.625,0.3939,0.6364,0.0909,0.0,0.0606,2973,0.9253,0.0111,2026,Grayson Allen
Guerschon Yabusele,1415,96,14,31,6,10,34,46,6,7,5,0.4516,0.3542,0.4792,0.0625,0.0729,0.0521,2110,0.6706,0.0455,2026,Guerschon Yabusele
Gui Santos,2554,178,56,80,23,33,138,64,16,13,18,0.7,0.7753,0.3596,0.0899,0.073,0.1011,2764,0.924,0.0644,2026,Gui Santos
Harrison Barnes,2427,65,21,27,6,8,50,28,2,5,4,0.7778,0.7692,0.4308,0.0308,0.0769,0.0615,4119,0.5892,0.0158,2026,Harrison Barnes
Harrison Ingram,33,4,2,3,0,0,4,1,0,0,0,0.6667,1.0,0.25,0.0,0.0,0.0,55,0.6,0.0727,2026,Harrison Ingram
Hayden Gray,26,0,0,0,0,0,0,0,0,0,0,0.0,0.0,0.0,0.0,0.0,0.0,52,0.5,0.0,2026,Hayden Gray
Haywood Highsmith,101,6,1,2,2,2,5,3,1,0,1,0.5,0.8333,0.5,0.1667,0.0,0.1667,175,0.5771,0.0343,2026,Haywood Highsmith
Herbert Jones,2499,54,18,31,7,8,44,13,1,5,4,0.5806,0.8148,0.2407,0.0185,0.0926,0.0741,3285,0.7607,0.0164,2026,Herbert Jones
Hugo GonzÃ¡lez,1274,88,30,43,4,10,64,36,4,4,5,0.6977,0.7273,0.4091,0.0455,0.0455,0.0568,2123,0.6001,0.0415,2026,Hugo Gonzlez
Hunter Dickinson,60,7,3,5,0,0,6,2,1,0,0,0.6,0.8571,0.2857,0.1429,0.0,0.0,96,0.625,0.0729,2026,Hunter Dickinson
Hunter Sallis,62,0,0,0,0,0,0,0,0,0,0,0.0,0.0,0.0,0.0,0.0,0.0,55,1.1273,0.0,2026,Hunter Sallis
Hunter Tyson,212,6,1,2,0,0,2,3,2,1,0,0.5,0.3333,0.5,0.3333,0.1667,0.0,318,0.6667,0.0189,2026,Hunter Tyson
Immanuel Quickley,5043,59,19,27,3,4,43,26,6,2,2,0.7037,0.7288,0.4407,0.1017,0.0339,0.0339,4545,1.1096,0.013,2026,Immanuel Quickley
Isaac Jones,27,4,2,2,2,2,6,1,1,0,1,1.0,1.5,0.25,0.25,0.0,0.25,69,0.3913,0.058,2026,Isaac Jones
Isaac Okoro,1851,129,44,70,9,14,98,37,7,10,7,0.6286,0.7597,0.2868,0.0543,0.0775,0.0543,3568,0.5188,0.0362,2026,Isaac Okoro
Isaiah Collier,3981,25,8,8,2,2,18,14,5,1,1,1.0,0.72,0.56,0.2,0.04,0.04,3183,1.2507,0.0079,2026,Isaiah Collier
Isaiah Crawford,83,6,1,3,0,0,2,2,1,1,0,0.3333,0.3333,0.3333,0.1667,0.1667,0.0,181,0.4586,0.0331,2026,Isaiah Crawford
Isaiah Hartenstein,2149,391,138,206,37,58,323,123,30,19,30,0.6699,0.8261,0.3146,0.0767,0.0486,0.0767,2336,0.9199,0.1674,2026,Isaiah Hartenstein
Isaiah Jackson,1156,266,104,160,31,46,242,59,8,17,22,0.65,0.9098,0.2218,0.0301,0.0639,0.0827,1845,0.6266,0.1442,2026,Isaiah Jackson
Isaiah Joe,1968,36,5,9,8,8,18,15,5,7,4,0.5556,0.5,0.4167,0.1389,0.1944,0.1111,3108,0.6332,0.0116,2026,Isaiah Joe
Isaiah Livers,379,30,5,11,3,4,13,16,4,1,2,0.4545,0.4333,0.5333,0.1333,0.0333,0.0667,713,0.5316,0.0421,2026,Isaiah Livers
Isaiah Stevens,94,2,1,1,0,0,2,0,0,1,0,1.0,1.0,0.0,0.0,0.5,0.0,84,1.119,0.0238,2026,Isaiah Stevens
Isaiah Stewart,1458,282,129,187,40,48,307,33,5,17,19,0.6898,1.0887,0.117,0.0177,0.0603,0.0674,2627,0.555,0.1073,2026,Isaiah Stewart
Ivica Zubac,2304,524,190,320,46,71,437,110,22,29,34,0.5938,0.834,0.2099,0.042,0.0553,0.0649,2898,0.795,0.1808,2026,Ivica Zubac
Ja Morant,1431,18,7,8,0,0,14,7,1,2,0,0.875,0.7778,0.3889,0.0556,0.1111,0.0,1228,1.1653,0.0147,2026,Ja Morant
Ja'Kobe Walter,1784,99,24,45,20,26,71,36,9,5,12,0.5333,0.7172,0.3636,0.0909,0.0505,0.1212,3001,0.5945,0.033,2026,Ja'Kobe Walter
Jabari Smith Jr.,3999,186,70,113,29,34,170,40,11,8,16,0.6195,0.914,0.2151,0.0591,0.043,0.086,5377,0.7437,0.0346,2026,Jabari Smith Jr.
Jabari Walker,906,125,44,77,28,38,117,20,3,5,19,0.5714,0.936,0.16,0.024,0.04,0.152,1580,0.5734,0.0791,2026,Jabari Walker
Jacob Toppin,35,3,3,3,0,0,6,0,0,0,0,1.0,2.0,0.0,0.0,0.0,0.0,32,1.0938,0.0938,2026,Jacob Toppin
Jaden Hardy,1313,6,4,4,0,0,8,2,0,0,0,1.0,1.3333,0.3333,0.0,0.0,0.0,1887,0.6958,0.0032,2026,Jaden Hardy
Jaden Ivey,1097,34,14,22,7,8,35,5,2,2,4,0.6364,1.0294,0.1471,0.0588,0.0588,0.1176,1355,0.8096,0.0251,2026,Jaden Ivey
Jaden McDaniels,3369,119,53,73,8,10,117,30,3,8,4,0.726,0.9832,0.2521,0.0252,0.0672,0.0336,4753,0.7088,0.025,2026,Jaden McDaniels
Jae'Sean Tate,524,48,20,25,2,2,44,16,2,1,1,0.8,0.9167,0.3333,0.0417,0.0208,0.0208,783,0.6692,0.0613,2026,Jae'Sean Tate
Jahmai Mashack,1112,53,15,26,4,6,34,17,2,5,3,0.5769,0.6415,0.3208,0.0377,0.0943,0.0566,1424,0.7809,0.0372,2026,Jahmai Mashack
Jahmir Young,132,3,0,1,0,0,0,1,0,0,0,0.0,0.0,0.3333,0.0,0.0,0.0,128,1.0312,0.0234,2026,Jahmir Young
Jahmyl Telfort,30,0,0,0,0,0,0,0,0,0,0,0.0,0.0,0.0,0.0,0.0,0.0,64,0.4688,0.0,2026,Jahmyl Telfort
Jaime Jaquez Jr.,4900,139,68,95,7,8,143,37,9,2,5,0.7158,1.0288,0.2662,0.0647,0.0144,0.036,4524,1.0831,0.0307,2026,Jaime Jaquez Jr.
Jake LaRavia,3034,197,72,101,24,30,173,61,12,12,14,0.7129,0.8782,0.3096,0.0609,0.0609,0.0711,4217,0.7195,0.0467,2026,Jake LaRavia
Jakob Poeltl,1702,346,155,211,27,40,342,85,20,20,18,0.7346,0.9884,0.2457,0.0578,0.0578,0.052,2348,0.7249,0.1474,2026,Jakob Poeltl
Jalen Brunson,6755,34,8,15,0,0,16,15,5,3,0,0.5333,0.4706,0.4412,0.1471,0.0882,0.0,5243,1.2884,0.0065,2026,Jalen Brunson
Jalen Duren,3470,741,323,464,144,187,810,112,12,40,90,0.6961,1.0931,0.1511,0.0162,0.054,0.1215,4075,0.8515,0.1818,2026,Jalen Duren
Jalen Green,1532,18,6,10,0,0,13,5,0,0,0,0.6,0.7222,0.2778,0.0,0.0,0.0,1691,0.906,0.0106,2026,Jalen Green
Jalen Johnson,6423,203,91,130,33,40,219,42,13,7,20,0.7,1.0788,0.2069,0.064,0.0345,0.0985,5390,1.1917,0.0377,2026,Jalen Johnson
Jalen Pickett,1457,26,6,10,2,2,14,13,3,2,1,0.6,0.5385,0.5,0.1154,0.0769,0.0385,1615,0.9022,0.0161,2026,Jalen Pickett
Jalen Slawson,568,23,8,10,4,6,20,7,1,3,3,0.8,0.8696,0.3043,0.0435,0.1304,0.1304,641,0.8861,0.0359,2026,Jalen Slawson
Jalen Smith,1827,196,70,102,17,22,157,53,16,15,9,0.6863,0.801,0.2704,0.0816,0.0765,0.0459,2305,0.7926,0.085,2026,Jalen Smith
Jalen Suggs,3700,49,20,29,2,2,42,15,3,4,1,0.6897,0.8571,0.3061,0.0612,0.0816,0.0204,3360,1.1012,0.0146,2026,Jalen Suggs
Jalen Williams,1807,48,22,27,3,3,47,17,4,3,2,0.8148,0.9792,0.3542,0.0833,0.0625,0.0417,1957,0.9234,0.0245,2026,Jalen Williams
Jalen Wilson,1220,20,7,12,2,2,17,6,2,0,1,0.5833,0.85,0.3,0.1,0.0,0.05,1714,0.7118,0.0117,2026,Jalen Wilson
Jamal Cain,571,50,17,25,16,18,51,12,2,3,8,0.68,1.02,0.24,0.04,0.06,0.16,993,0.575,0.0504,2026,Jamal Cain
Jamal Murray,5720,75,29,38,20,22,79,24,5,0,11,0.7632,1.0533,0.32,0.0667,0.0,0.1467,5446,1.0503,0.0138,2026,Jamal Murray
Jamal Shead,4029,45,9,19,6,6,24,18,6,4,2,0.4737,0.5333,0.4,0.1333,0.0889,0.0444,3781,1.0656,0.0119,2026,Jamal Shead
Jamaree Bouyea,1282,13,4,5,1,4,9,5,1,0,2,0.8,0.6923,0.3846,0.0769,0.0,0.1538,1266,1.0126,0.0103,2026,Jamaree Bouyea
James Harden,5366,26,6,9,4,4,18,12,1,1,1,0.6667,0.6923,0.4615,0.0385,0.0385,0.0385,4929,1.0887,0.0053,2026,James Harden
James Wiseman,61,13,5,7,0,0,10,2,0,3,0,0.7143,0.7692,0.1538,0.0,0.2308,0.0,124,0.4919,0.1048,2026,James Wiseman
Jamir Watkins,1297,64,22,33,9,12,53,21,3,2,5,0.6667,0.8281,0.3281,0.0469,0.0312,0.0781,2163,0.5996,0.0296,2026,Jamir Watkins
Jamison Battle,575,47,18,28,2,4,39,13,3,4,2,0.6429,0.8298,0.2766,0.0638,0.0851,0.0426,1062,0.5414,0.0443,2026,Jamison Battle
Jarace Walker,3215,87,26,46,5,8,58,29,4,7,3,0.5652,0.6667,0.3333,0.046,0.0805,0.0345,4139,0.7768,0.021,2026,Jarace Walker
Jared McCain,1930,16,1,4,2,2,5,9,0,2,1,0.25,0.3125,0.5625,0.0,0.125,0.0625,2416,0.7988,0.0066,2026,Jared McCain
Jaren Jackson Jr.,2340,124,43,84,23,24,110,13,3,3,11,0.5119,0.8871,0.1048,0.0242,0.0242,0.0887,3050,0.7672,0.0407,2026,Jaren Jackson Jr.
Jarred Vanderbilt,1450,151,46,75,6,10,98,55,13,13,4,0.6133,0.649,0.3642,0.0861,0.0861,0.0265,2296,0.6315,0.0658,2026,Jarred Vanderbilt
Jarrett Allen,2091,512,219,308,87,122,529,93,15,25,53,0.711,1.0332,0.1816,0.0293,0.0488,0.1035,3116,0.6711,0.1643,2026,Jarrett Allen
Jase Richardson,919,22,11,12,0,0,22,6,1,2,0,0.9167,1.0,0.2727,0.0455,0.0909,0.0,1201,0.7652,0.0183,2026,Jase Richardson
Javon Small,1615,33,11,20,0,2,23,11,3,1,1,0.55,0.697,0.3333,0.0909,0.0303,0.0303,1754,0.9208,0.0188,2026,Javon Small
Javonte Cooke,175,6,4,5,0,0,8,0,0,0,0,0.8,1.3333,0.0,0.0,0.0,0.0,195,0.8974,0.0308,2026,Javonte Cooke
Javonte Green,1978,124,35,60,18,26,89,39,4,6,14,0.5833,0.7177,0.3145,0.0323,0.0484,0.1129,2983,0.6631,0.0416,2026,Javonte Green
Jaxson Hayes,1345,376,157,213,62,90,381,88,10,9,40,0.7371,1.0133,0.234,0.0266,0.0239,0.1064,2467,0.5452,0.1524,2026,Jaxson Hayes
Jay Huff,2386,231,95,125,22,26,217,60,8,18,12,0.76,0.9394,0.2597,0.0346,0.0779,0.0519,3595,0.6637,0.0643,2026,Jay Huff
Jaylen Brown,4859,96,28,48,6,6,66,33,9,6,4,0.5833,0.6875,0.3438,0.0938,0.0625,0.0417,4905,0.9906,0.0196,2026,Jaylen Brown
Jaylen Clark,813,66,21,35,7,10,51,22,8,1,4,0.6,0.7727,0.3333,0.1212,0.0152,0.0606,1821,0.4465,0.0362,2026,Jaylen Clark
Jaylen Wells,2167,87,35,59,13,14,84,20,4,0,7,0.5932,0.9655,0.2299,0.046,0.0,0.0805,3775,0.574,0.023,2026,Jaylen Wells
Jaylin Williams,2681,71,12,22,9,10,34,35,8,6,5,0.5455,0.4789,0.493,0.1127,0.0845,0.0704,2659,1.0083,0.0267,2026,Jaylin Williams
Jaylon Tyson,2652,192,65,111,13,20,144,63,11,6,10,0.5856,0.75,0.3281,0.0573,0.0312,0.0521,3638,0.729,0.0528,2026,Jaylon Tyson
Jayson Kent,19,2,2,2,0,0,5,0,0,0,0,1.0,2.5,0.0,0.0,0.0,0.0,42,0.4524,0.0476,2026,Jayson Kent
Jayson Tatum,1220,20,9,14,3,4,21,3,1,1,2,0.6429,1.05,0.15,0.05,0.05,0.1,1047,1.1652,0.0191,2026,Jayson Tatum
JD Davison,428,4,1,1,0,0,2,3,1,0,0,1.0,0.5,0.75,0.25,0.0,0.0,427,1.0023,0.0094,2026,JD Davison
Jeenathan Williams,261,36,12,19,2,2,26,12,3,3,1,0.6316,0.7222,0.3333,0.0833,0.0833,0.0278,477,0.5472,0.0755,2026,Jeenathan Williams
Jeff Green,194,12,4,6,0,0,8,5,1,0,0,0.6667,0.6667,0.4167,0.0833,0.0,0.0,345,0.5623,0.0348,2026,Jeff Green
Jerami Grant,2637,60,27,36,7,8,66,16,2,2,4,0.75,1.1,0.2667,0.0333,0.0333,0.0667,3599,0.7327,0.0167,2026,Jerami Grant
Jeremiah Fears,4615,80,24,42,8,10,57,25,8,5,5,0.5714,0.7125,0.3125,0.1,0.0625,0.0625,4439,1.0396,0.018,2026,Jeremiah Fears
Jeremiah Robinson-Earl,477,40,16,28,2,2,35,10,1,1,1,0.5714,0.875,0.25,0.025,0.025,0.025,756,0.631,0.0529,2026,Jeremiah Robinson-Earl
Jeremy Sochan,685,95,33,51,9,12,76,28,5,6,6,0.6471,0.8,0.2947,0.0526,0.0632,0.0632,950,0.7211,0.1,2026,Jeremy Sochan
Jericho Sims,1960,317,104,125,22,36,234,146,30,20,17,0.832,0.7382,0.4606,0.0946,0.0631,0.0536,2564,0.7644,0.1236,2026,Jericho Sims
Jett Howard,755,17,5,11,3,4,13,3,0,0,1,0.4545,0.7647,0.1765,0.0,0.0,0.0588,1420,0.5317,0.012,2026,Jett Howard
Jevon Carter,1661,12,2,4,0,0,5,7,1,0,0,0.5,0.4167,0.5833,0.0833,0.0,0.0,1787,0.9295,0.0067,2026,Jevon Carter
Jimmy Butler,2441,246,74,111,44,52,200,90,20,7,27,0.6667,0.813,0.3659,0.0813,0.0285,0.1098,2439,1.0008,0.1009,2026,Jimmy Butler
Jimmy Butler III,2441,246,74,111,44,52,200,90,20,7,27,0.6667,0.813,0.3659,0.0813,0.0285,0.1098,2439,1.0008,0.1009,2026,Jimmy Butler III
Joan Beringer,386,124,48,74,15,22,115,22,5,8,12,0.6486,0.9274,0.1774,0.0403,0.0645,0.0968,667,0.5787,0.1859,2026,Joan Beringer
Jock Landale,2182,488,168,277,44,68,386,129,25,27,30,0.6065,0.791,0.2643,0.0512,0.0553,0.0615,3116,0.7003,0.1566,2026,Jock Landale
Joe Ingles,284,1,0,0,0,0,0,0,0,1,0,0.0,0.0,0.0,0.0,1.0,0.0,343,0.828,0.0029,2026,Joe Ingles
Joel Embiid,2638,145,64,107,25,30,162,14,4,4,12,0.5981,1.1172,0.0966,0.0276,0.0276,0.0828,2481,1.0633,0.0584,2026,Joel Embiid
John Collins,2490,254,118,163,32,40,273,40,7,20,17,0.7239,1.0748,0.1575,0.0276,0.0787,0.0669,3701,0.6728,0.0686,2026,John Collins
John Konchar,1653,105,27,39,10,14,66,57,11,1,7,0.6923,0.6286,0.5429,0.1048,0.0095,0.0667,2388,0.6922,0.044,2026,John Konchar
John Poulakidas,270,4,1,1,0,0,2,3,1,0,0,1.0,0.5,0.75,0.25,0.0,0.0,520,0.5192,0.0077,2026,John Poulakidas
John Tonje,50,1,0,1,0,0,0,0,0,0,0,0.0,0.0,0.0,0.0,0.0,0.0,87,0.5747,0.0115,2026,John Tonje
Johni Broome,99,13,2,8,0,4,4,1,0,2,2,0.25,0.3077,0.0769,0.0,0.1538,0.1538,113,0.8761,0.115,2026,Johni Broome
Johnny Furphy,958,68,19,28,3,6,43,32,5,3,4,0.6786,0.6324,0.4706,0.0735,0.0441,0.0588,1326,0.7225,0.0513,2026,Johnny Furphy
Johnny Juzang,121,5,3,3,0,0,6,2,1,0,0,1.0,1.2,0.4,0.2,0.0,0.0,193,0.6269,0.0259,2026,Johnny Juzang
Jonas Valanciunas,1764,263,111,178,50,64,277,28,8,9,32,0.6236,1.0532,0.1065,0.0304,0.0342,0.1217,1721,1.025,0.1528,2026,Jonas Valanciunas
Jonas ValanÄiÅ«nas,1764,263,111,178,50,64,277,28,8,9,32,0.6236,1.0532,0.1065,0.0304,0.0342,0.1217,1721,1.025,0.1528,2026,Jonas Valaninas
Jonathan Isaac,613,91,28,46,13,18,70,22,3,6,8,0.6087,0.7692,0.2418,0.033,0.0659,0.0879,1061,0.5778,0.0858,2026,Jonathan Isaac
Jonathan Kuminga,1498,80,29,44,15,20,74,18,4,6,9,0.6591,0.925,0.225,0.05,0.075,0.1125,1729,0.8664,0.0463,2026,Jonathan Kuminga
Jonathan Mogbo,348,49,16,27,0,2,34,13,2,5,1,0.5926,0.6939,0.2653,0.0408,0.102,0.0204,512,0.6797,0.0957,2026,Jonathan Mogbo
Jordan Clarkson,1630,90,40,59,4,4,87,26,6,2,2,0.678,0.9667,0.2889,0.0667,0.0222,0.0222,2576,0.6328,0.0349,2026,Jordan Clarkson
Jordan Goodwin,2736,136,40,83,9,14,92,34,9,7,6,0.4819,0.6765,0.25,0.0662,0.0515,0.0441,3165,0.8645,0.043,2026,Jordan Goodwin
Jordan Hawkins,883,20,5,13,2,2,13,5,0,1,1,0.3846,0.65,0.25,0.0,0.05,0.05,1459,0.6052,0.0137,2026,Jordan Hawkins
Jordan McLaughlin,606,5,3,3,0,0,6,1,0,1,0,1.0,1.2,0.2,0.0,0.2,0.0,579,1.0466,0.0086,2026,Jordan McLaughlin
Jordan Miller,2006,83,38,52,17,18,95,17,2,4,9,0.7308,1.1446,0.2048,0.0241,0.0482,0.1084,2603,0.7706,0.0319,2026,Jordan Miller
Jordan Poole,1745,9,4,7,0,0,8,2,0,0,0,0.5714,0.8889,0.2222,0.0,0.0,0.0,1982,0.8804,0.0045,2026,Jordan Poole
Jordan Walsh,1237,116,44,67,7,10,101,35,7,5,5,0.6567,0.8707,0.3017,0.0603,0.0431,0.0431,2336,0.5295,0.0497,2026,Jordan Walsh
Jose Alvarado,2906,23,7,8,0,0,14,12,3,1,0,0.875,0.6087,0.5217,0.1304,0.0435,0.0,2770,1.0491,0.0083,2026,Jose Alvarado
Josh Giddey,5079,90,27,41,5,6,63,39,8,4,4,0.6585,0.7,0.4333,0.0889,0.0444,0.0444,3693,1.3753,0.0244,2026,Josh Giddey
Josh Green,795,27,5,6,0,0,10,16,2,3,0,0.8333,0.3704,0.5926,0.0741,0.1111,0.0,1794,0.4431,0.0151,2026,Josh Green
Josh Hart,3885,142,34,45,11,14,82,78,17,5,7,0.7556,0.5775,0.5493,0.1197,0.0352,0.0493,4033,0.9633,0.0352,2026,Josh Hart
Josh Minott,935,71,31,40,16,18,78,16,3,4,8,0.775,1.0986,0.2254,0.0423,0.0563,0.1127,1664,0.5619,0.0427,2026,Josh Minott
Josh Oduro,81,19,9,11,0,1,19,8,1,0,1,0.8182,1.0,0.4211,0.0526,0.0,0.0526,185,0.4378,0.1027,2026,Josh Oduro
Josh Okogie,1396,107,20,42,12,16,52,47,10,7,8,0.4762,0.486,0.4393,0.0935,0.0654,0.0748,2641,0.5286,0.0405,2026,Josh Okogie
Jrue Holiday,3599,120,26,41,3,4,57,64,17,10,2,0.6341,0.475,0.5333,0.1417,0.0833,0.0167,3291,1.0936,0.0365,2026,Jrue Holiday
Julian Champagnie,3080,96,43,55,2,4,88,27,3,10,2,0.7818,0.9167,0.2812,0.0312,0.1042,0.0208,4734,0.6506,0.0203,2026,Julian Champagnie
Julian Phillips,384,45,18,30,0,0,36,12,3,3,0,0.6,0.8,0.2667,0.0667,0.0667,0.0,911,0.4215,0.0494,2026,Julian Phillips
Julian Reese,603,129,44,76,7,12,98,30,5,11,5,0.5789,0.7597,0.2326,0.0388,0.0853,0.0388,841,0.717,0.1534,2026,Julian Reese
Julian Strawther,1240,19,9,11,1,2,19,4,0,2,1,0.8182,1.0,0.2105,0.0,0.1053,0.0526,1774,0.699,0.0107,2026,Julian Strawther
Julius Randle,4731,239,86,134,47,56,227,51,13,16,26,0.6418,0.9498,0.2134,0.0544,0.0669,0.1088,5381,0.8792,0.0444,2026,Julius Randle
Justin Champagnie,2077,212,96,139,29,32,227,42,7,8,16,0.6906,1.0708,0.1981,0.033,0.0377,0.0755,2908,0.7142,0.0729,2026,Justin Champagnie
Justin Edwards,1418,39,13,21,2,2,28,15,4,1,1,0.619,0.7179,0.3846,0.1026,0.0256,0.0256,2057,0.6894,0.019,2026,Justin Edwards
Jusuf Nurkic,2372,243,88,153,19,44,198,47,8,13,21,0.5752,0.8148,0.1934,0.0329,0.0535,0.0864,2328,1.0189,0.1044,2026,Jusuf Nurkic
Jusuf NurkiÄ‡,2372,243,88,153,19,44,198,47,8,13,21,0.5752,0.8148,0.1934,0.0329,0.0535,0.0864,2328,1.0189,0.1044,2026,Jusuf Nurki
Kadary Richmond,85,4,3,3,0,0,6,1,1,0,0,1.0,1.5,0.25,0.25,0.0,0.0,145,0.5862,0.0276,2026,Kadary Richmond
Kam Jones,1243,22,7,9,0,0,14,12,4,1,0,0.7778,0.6364,0.5455,0.1818,0.0455,0.0,1303,0.954,0.0169,2026,Kam Jones
Karl-Anthony Towns,3924,373,138,241,71,80,358,50,16,22,41,0.5726,0.9598,0.134,0.0429,0.059,0.1099,4711,0.8329,0.0792,2026,Karl-Anthony Towns
Karlo MatkoviÄ‡,1031,157,78,96,13,16,169,39,8,11,6,0.8125,1.0764,0.2484,0.051,0.0701,0.0382,1880,0.5484,0.0835,2026,Karlo Matkovi
Kasparas JakuÄionis,1736,42,11,20,2,2,24,17,3,4,1,0.55,0.5714,0.4048,0.0714,0.0952,0.0238,2054,0.8452,0.0204,2026,Kasparas Jakuionis
Kawhi Leonard,3657,121,57,81,19,21,139,23,10,3,9,0.7037,1.1488,0.1901,0.0826,0.0248,0.0744,4090,0.8941,0.0296,2026,Kawhi Leonard
Keaton Wallace,1247,4,0,0,0,0,0,3,0,0,0,0.0,0.0,0.75,0.0,0.0,0.0,1093,1.1409,0.0037,2026,Keaton Wallace
Keegan Murray,1055,43,12,20,4,4,29,18,1,2,2,0.6,0.6744,0.4186,0.0233,0.0465,0.0465,1628,0.648,0.0264,2026,Keegan Murray
Kel'el Ware,2303,437,206,317,37,50,456,63,11,21,25,0.6498,1.0435,0.1442,0.0252,0.0481,0.0572,3546,0.6495,0.1232,2026,Kel'el Ware
Keldon Johnson,2987,182,79,116,24,28,184,40,8,5,14,0.681,1.011,0.2198,0.044,0.0275,0.0769,3980,0.7505,0.0457,2026,Keldon Johnson
Kelly Olynyk,668,45,18,20,3,4,39,17,4,5,2,0.9,0.8667,0.3778,0.0889,0.1111,0.0444,737,0.9064,0.0611,2026,Kelly Olynyk
Kelly Oubre Jr.,2288,89,40,64,13,14,95,12,2,4,8,0.625,1.0674,0.1348,0.0225,0.0449,0.0899,3237,0.7068,0.0275,2026,Kelly Oubre Jr.
Kennedy Chandler,793,8,3,3,0,0,6,4,0,0,0,1.0,0.75,0.5,0.0,0.0,0.0,791,1.0025,0.0101,2026,Kennedy Chandler
Kenrich Williams,1224,93,34,51,1,2,72,33,5,4,1,0.6667,0.7742,0.3548,0.0538,0.043,0.0108,1727,0.7087,0.0539,2026,Kenrich Williams
Kentavious Caldwell-Pope,2061,20,6,10,6,6,18,7,3,0,3,0.6,0.9,0.35,0.15,0.0,0.15,2250,0.916,0.0089,2026,Kentavious Caldwell-Pope
Keon Ellis,1741,64,17,25,5,6,39,26,5,7,2,0.68,0.6094,0.4062,0.0781,0.1094,0.0312,3022,0.5761,0.0212,2026,Keon Ellis
Keshad Johnson,481,43,15,26,6,8,36,11,2,0,4,0.5769,0.8372,0.2558,0.0465,0.0,0.093,618,0.7783,0.0696,2026,Keshad Johnson
Keshon Gilbert,110,3,1,1,2,2,4,1,0,0,1,1.0,1.3333,0.3333,0.0,0.0,0.3333,151,0.7285,0.0199,2026,Keshon Gilbert
Kevin Durant,5017,64,38,46,13,14,90,6,0,4,5,0.8261,1.4062,0.0938,0.0,0.0625,0.0781,5727,0.876,0.0112,2026,Kevin Durant
Kevin Huerter,2590,103,52,77,6,10,111,18,3,0,5,0.6753,1.0777,0.1748,0.0291,0.0,0.0485,3256,0.7955,0.0316,2026,Kevin Huerter
Kevin Love,1085,58,14,35,10,12,39,13,2,3,5,0.4,0.6724,0.2241,0.0345,0.0517,0.0862,1256,0.8639,0.0462,2026,Kevin Love
Kevin McCullar Jr.,257,12,4,7,0,2,8,4,0,0,1,0.5714,0.6667,0.3333,0.0,0.0,0.0833,306,0.8399,0.0392,2026,Kevin McCullar Jr.
Kevin Porter Jr.,3025,43,13,21,2,2,30,16,3,3,1,0.619,0.6977,0.3721,0.0698,0.0698,0.0233,2559,1.1821,0.0168,2026,Kevin Porter Jr.
Kevon Looney,492,62,20,33,4,4,44,25,8,2,2,0.6061,0.7097,0.4032,0.129,0.0323,0.0323,645,0.7628,0.0961,2026,Kevon Looney
Keyonte George,4175,34,16,22,6,8,39,7,1,0,4,0.7273,1.1471,0.2059,0.0294,0.0,0.1176,3711,1.125,0.0092,2026,Keyonte George
Khaman Maluach,530,111,45,73,11,16,101,18,1,7,7,0.6164,0.9099,0.1622,0.009,0.0631,0.0631,816,0.6495,0.136,2026,Khaman Maluach
Khris Middleton,1947,58,15,30,8,10,39,20,3,1,4,0.5,0.6724,0.3448,0.0517,0.0172,0.069,2991,0.651,0.0194,2026,Khris Middleton
Killian Hayes,866,8,2,3,0,0,4,5,2,0,0,0.6667,0.5,0.625,0.25,0.0,0.0,839,1.0322,0.0095,2026,Killian Hayes
KJ Simpson,564,9,4,6,0,0,8,2,0,1,0,0.6667,0.8889,0.2222,0.0,0.1111,0.0,527,1.0702,0.0171,2026,KJ Simpson
Klay Thompson,1632,33,16,26,2,4,34,4,0,1,2,0.6154,1.0303,0.1212,0.0,0.0303,0.0606,3050,0.5351,0.0108,2026,Klay Thompson
Kobe Brown,1405,100,32,50,10,12,74,37,6,4,6,0.64,0.74,0.37,0.06,0.04,0.06,1954,0.719,0.0512,2026,Kobe Brown
Kobe Bufkin,208,2,1,1,0,0,2,0,0,0,0,1.0,1.0,0.0,0.0,0.0,0.0,245,0.849,0.0082,2026,Kobe Bufkin
Kobe Sanders,1843,47,19,29,2,2,42,13,3,2,1,0.6552,0.8936,0.2766,0.0638,0.0426,0.0213,2740,0.6726,0.0172,2026,Kobe Sanders
Koby Brea,151,1,1,1,0,0,2,0,0,0,0,1.0,2.0,0.0,0.0,0.0,0.0,162,0.9321,0.0062,2026,Koby Brea
Kon Knueppel,4146,120,30,46,10,10,72,59,9,7,5,0.6522,0.6,0.4917,0.075,0.0583,0.0417,5206,0.7964,0.0231,2026,Kon Knueppel
Kris Dunn,4154,113,29,45,4,4,62,62,18,2,0,0.6444,0.5487,0.5487,0.1593,0.0177,0.0,4394,0.9454,0.0257,2026,Kris Dunn
Kris Murray,1154,138,33,56,13,16,82,59,13,8,8,0.5893,0.5942,0.4275,0.0942,0.058,0.058,2771,0.4165,0.0498,2026,Kris Murray
Kristaps Porzingis,1242,146,53,78,36,44,148,19,1,8,22,0.6795,1.0137,0.1301,0.0068,0.0548,0.1507,1541,0.806,0.0947,2026,Kristaps Porzingis
Kristaps PorziÅ†Ä£is,1242,146,53,78,36,44,148,19,1,8,22,0.6795,1.0137,0.1301,0.0068,0.0548,0.1507,1541,0.806,0.0947,2026,Kristaps Porziis
Kyle Anderson,1430,75,26,39,4,10,57,24,7,5,5,0.6667,0.76,0.32,0.0933,0.0667,0.0667,1751,0.8167,0.0428,2026,Kyle Anderson
Kyle Filipowski,3175,249,97,152,31,43,230,50,11,13,24,0.6382,0.9237,0.2008,0.0442,0.0522,0.0964,3781,0.8397,0.0659,2026,Kyle Filipowski
Kyle Kuzma,2972,164,70,113,10,18,152,34,12,4,8,0.6195,0.9268,0.2073,0.0732,0.0244,0.0488,3626,0.8196,0.0452,2026,Kyle Kuzma
Kyle Lowry,175,0,0,0,0,0,0,0,0,0,0,0.0,0.0,0.0,0.0,0.0,0.0,252,0.6944,0.0,2026,Kyle Lowry
Kyshawn George,2798,50,18,25,4,4,41,18,5,0,2,0.72,0.82,0.36,0.1,0.0,0.04,2937,0.9527,0.017,2026,Kyshawn George
Lachlan Olbrich,547,75,22,33,4,8,48,33,9,3,4,0.6667,0.64,0.44,0.12,0.04,0.0533,733,0.7462,0.1023,2026,Lachlan Olbrich
LaMelo Ball,5264,67,23,35,0,0,50,22,4,5,1,0.6571,0.7463,0.3284,0.0597,0.0746,0.0149,4127,1.2755,0.0162,2026,LaMelo Ball
Landry Shamet,1442,41,15,20,2,2,34,18,4,2,0,0.75,0.8293,0.439,0.0976,0.0488,0.0,2365,0.6097,0.0173,2026,Landry Shamet
Larry Nance Jr.,581,70,21,41,1,2,43,20,3,4,1,0.5122,0.6143,0.2857,0.0429,0.0571,0.0143,931,0.6241,0.0752,2026,Larry Nance Jr.
Lauri Markkanen,2170,213,106,158,29,34,251,16,1,7,15,0.6709,1.1784,0.0751,0.0047,0.0329,0.0704,2998,0.7238,0.071,2026,Lauri Markkanen
Lawson Lovering,43,14,6,9,1,2,13,3,1,1,1,0.6667,0.9286,0.2143,0.0714,0.0714,0.0714,110,0.3909,0.1273,2026,Lawson Lovering
Leaky Black,513,17,6,11,1,2,13,5,0,0,1,0.5455,0.7647,0.2941,0.0,0.0,0.0588,918,0.5588,0.0185,2026,Leaky Black
LeBron James,4204,209,85,121,26,39,200,45,11,12,19,0.7025,0.9569,0.2153,0.0526,0.0574,0.0909,4055,1.0367,0.0515,2026,LeBron James
Leonard Miller,1183,96,45,59,7,10,99,25,5,4,5,0.7627,1.0312,0.2604,0.0521,0.0417,0.0521,1555,0.7608,0.0617,2026,Leonard Miller
Liam McNeeley,474,11,2,4,0,0,4,6,1,1,0,0.5,0.3636,0.5455,0.0909,0.0909,0.0,729,0.6502,0.0151,2026,Liam McNeeley
Lindy Waters III,402,4,1,1,0,0,2,3,0,0,0,1.0,0.5,0.75,0.0,0.0,0.0,580,0.6931,0.0069,2026,Lindy Waters III
LJ Cryer,509,5,0,0,0,0,0,4,0,0,0,0.0,0.0,0.8,0.0,0.0,0.0,545,0.9339,0.0092,2026,LJ Cryer
Lonzo Ball,1621,36,5,7,3,4,13,24,1,2,1,0.7143,0.3611,0.6667,0.0278,0.0556,0.0278,1566,1.0351,0.023,2026,Lonzo Ball
Lucas Williamson,378,12,5,8,0,0,11,3,1,1,0,0.625,0.9167,0.25,0.0833,0.0833,0.0,491,0.7699,0.0244,2026,Lucas Williamson
Luguentz Dort,1948,76,13,16,7,8,33,47,9,5,4,0.8125,0.4342,0.6184,0.1184,0.0658,0.0526,3781,0.5152,0.0201,2026,Luguentz Dort
Luka DonÄiÄ‡,5621,60,18,27,13,20,49,13,2,7,9,0.6667,0.8167,0.2167,0.0333,0.1167,0.15,4747,1.1841,0.0126,2026,Luka Doni
Luka Garza,1633,300,109,172,56,74,281,65,10,15,36,0.6337,0.9367,0.2167,0.0333,0.05,0.12,2215,0.7372,0.1354,2026,Luka Garza
Luke Kennard,2244,43,15,22,2,2,32,17,7,1,1,0.6818,0.7442,0.3953,0.1628,0.0233,0.0233,3474,0.6459,0.0124,2026,Luke Kennard
Luke Kornet,1817,447,155,245,53,62,364,135,23,15,32,0.6327,0.8143,0.302,0.0515,0.0336,0.0716,2958,0.6143,0.1511,2026,Luke Kornet
Luke Travers,158,11,2,4,2,2,6,6,0,0,1,0.5,0.5455,0.5455,0.0,0.0,0.0909,216,0.7315,0.0509,2026,Luke Travers
Mac McClung,230,9,2,3,0,0,7,5,0,0,0,0.6667,0.7778,0.5556,0.0,0.0,0.0,295,0.7797,0.0305,2026,Mac McClung
Malachi Smith,665,10,1,4,0,0,2,6,0,0,0,0.25,0.2,0.6,0.0,0.0,0.0,737,0.9023,0.0136,2026,Malachi Smith
Malaki Branham,446,12,4,5,6,6,14,3,1,0,3,0.8,1.1667,0.25,0.0833,0.0,0.25,570,0.7825,0.0211,2026,Malaki Branham
Malevy Leons,392,53,15,26,4,4,34,20,7,2,1,0.5769,0.6415,0.3774,0.1321,0.0377,0.0189,548,0.7153,0.0967,2026,Malevy Leons
Malik Monk,2365,28,13,19,0,0,26,5,0,3,0,0.6842,0.9286,0.1786,0.0,0.1071,0.0,2839,0.833,0.0099,2026,Malik Monk
Marcus Sasser,864,5,2,2,0,0,4,3,1,0,0,1.0,0.8,0.6,0.2,0.0,0.0,946,0.9133,0.0053,2026,Marcus Sasser
Marcus Smart,2749,40,12,19,4,4,28,17,5,2,2,0.6316,0.7,0.425,0.125,0.05,0.05,3610,0.7615,0.0111,2026,Marcus Smart
MarJon Beauchamp,272,8,3,5,1,1,7,3,1,0,1,0.6,0.875,0.375,0.125,0.0,0.125,416,0.6538,0.0192,2026,MarJon Beauchamp
Mark Sears,54,0,0,0,0,0,0,0,0,0,0,0.0,0.0,0.0,0.0,0.0,0.0,51,1.0588,0.0,2026,Mark Sears
Mark Williams,2071,453,216,321,61,76,511,54,8,16,36,0.6729,1.128,0.1192,0.0177,0.0353,0.0795,2916,0.7102,0.1553,2026,Mark Williams
Markelle Fultz,64,0,0,0,0,0,0,0,0,0,0,0.0,0.0,0.0,0.0,0.0,0.0,80,0.8,0.0,2026,Markelle Fultz
Marvin Bagley III,1769,300,142,203,37,60,325,44,5,16,29,0.6995,1.0833,0.1467,0.0167,0.0533,0.0967,2440,0.725,0.123,2026,Marvin Bagley III
Mason Plumlee,243,38,9,11,4,4,24,19,4,6,2,0.8182,0.6316,0.5,0.1053,0.1579,0.0526,351,0.6923,0.1083,2026,Mason Plumlee
Matas Buzelis,4035,165,67,91,31,40,164,32,4,11,20,0.7363,0.9939,0.1939,0.0242,0.0667,0.1212,4765,0.8468,0.0346,2026,Matas Buzelis
Matisse Thybulle,642,13,1,5,0,0,2,7,0,1,0,0.2,0.1538,0.5385,0.0,0.0769,0.0,1005,0.6388,0.0129,2026,Matisse Thybulle
Max Christie,2930,41,12,22,6,6,31,12,1,3,1,0.5455,0.7561,0.2927,0.0244,0.0732,0.0244,4527,0.6472,0.0091,2026,Max Christie
Max Shulga,68,3,0,0,2,2,2,2,0,0,1,0.0,0.6667,0.6667,0.0,0.0,0.3333,75,0.9067,0.04,2026,Max Shulga
Max Strus,511,8,4,4,0,0,8,4,0,0,0,1.0,1.0,0.5,0.0,0.0,0.0,605,0.8446,0.0132,2026,Max Strus
Maxi Kleber,507,64,11,24,8,14,30,25,5,3,7,0.4583,0.4688,0.3906,0.0781,0.0469,0.1094,947,0.5354,0.0676,2026,Maxi Kleber
Maxime Raynaud,3303,551,242,376,48,68,543,99,16,28,33,0.6436,0.9855,0.1797,0.029,0.0508,0.0599,4067,0.8121,0.1355,2026,Maxime Raynaud
Micah Peavy,958,77,30,52,5,8,65,19,3,2,4,0.5769,0.8442,0.2468,0.039,0.026,0.0519,1896,0.5053,0.0406,2026,Micah Peavy
Micah Potter,1450,164,55,78,48,56,160,43,12,7,28,0.7051,0.9756,0.2622,0.0732,0.0427,0.1707,1946,0.7451,0.0843,2026,Micah Potter
Michael Porter Jr.,3063,184,89,124,30,34,221,19,4,14,16,0.7177,1.2011,0.1033,0.0217,0.0761,0.087,3393,0.9027,0.0542,2026,Michael Porter Jr.
Mikal Bridges,4510,189,79,112,18,18,176,56,10,5,9,0.7054,0.9312,0.2963,0.0529,0.0265,0.0476,5403,0.8347,0.035,2026,Mikal Bridges
Mike Conley,2008,13,0,2,0,0,0,9,3,2,0,0.0,0.0,0.6923,0.2308,0.1538,0.0,2045,0.9819,0.0064,2026,Mike Conley
Miles Bridges,3983,162,77,100,25,30,184,40,4,3,15,0.77,1.1358,0.2469,0.0247,0.0185,0.0926,4815,0.8272,0.0336,2026,Miles Bridges
Miles Kelly,155,4,3,4,0,0,7,0,0,0,0,0.75,1.75,0.0,0.0,0.0,0.0,286,0.542,0.014,2026,Miles Kelly
Miles McBride,1904,30,8,12,1,2,17,15,4,2,1,0.6667,0.5667,0.5,0.1333,0.0667,0.0333,2163,0.8803,0.0139,2026,Miles McBride
Mitchell Robinson,1186,365,144,198,15,42,307,106,21,22,21,0.7273,0.8411,0.2904,0.0575,0.0603,0.0575,2319,0.5114,0.1574,2026,Mitchell Robinson
Mo Bamba,63,16,4,9,0,0,8,4,0,1,0,0.4444,0.5,0.25,0.0,0.0625,0.0,86,0.7326,0.186,2026,Mo Bamba
Mohamed Diawara,1005,27,6,12,0,0,12,10,1,5,0,0.5,0.4444,0.3704,0.037,0.1852,0.0,1244,0.8079,0.0217,2026,Mohamed Diawara
Monte Morris,152,3,2,2,0,0,4,1,0,0,0,1.0,1.3333,0.3333,0.0,0.0,0.0,138,1.1014,0.0217,2026,Monte Morris
MontÃ© Morris,152,3,2,2,0,0,4,1,0,0,0,1.0,1.3333,0.3333,0.0,0.0,0.0,138,1.1014,0.0217,2026,Mont Morris
Moritz Wagner,735,79,23,47,15,18,63,17,1,2,9,0.4894,0.7975,0.2152,0.0127,0.0253,0.1139,884,0.8314,0.0894,2026,Moritz Wagner
Moses Moody,1829,81,25,38,5,8,56,28,3,6,4,0.6579,0.6914,0.3457,0.037,0.0741,0.0494,3137,0.583,0.0258,2026,Moses Moody
Mouhamadou Gueye,55,4,3,4,0,0,6,0,0,0,0,0.75,1.5,0.0,0.0,0.0,0.0,98,0.5612,0.0408,2026,Mouhamadou Gueye
Mouhamed Gueye,1448,188,61,102,17,24,143,56,7,15,11,0.598,0.7606,0.2979,0.0372,0.0798,0.0585,2411,0.6006,0.078,2026,Mouhamed Gueye
Moussa Cisse,582,178,57,101,21,40,139,39,2,9,19,0.5644,0.7809,0.2191,0.0112,0.0506,0.1067,1116,0.5215,0.1595,2026,Moussa Cisse
Moussa Diabate,2656,594,164,255,50,75,388,234,47,33,38,0.6431,0.6532,0.3939,0.0791,0.0556,0.064,3757,0.7069,0.1581,2026,Moussa Diabate
Moussa DiabatÃ©,2656,594,164,255,50,75,388,234,47,33,38,0.6431,0.6532,0.3939,0.0791,0.0556,0.064,3757,0.7069,0.1581,2026,Moussa Diabat
Myles Turner,2226,212,66,106,43,58,183,51,6,17,29,0.6226,0.8632,0.2406,0.0283,0.0802,0.1368,3873,0.5747,0.0547,2026,Myles Turner
Myron Gardner,692,46,10,18,2,4,23,24,4,0,2,0.5556,0.5,0.5217,0.087,0.0,0.0435,888,0.7793,0.0518,2026,Myron Gardner
N'Faly Dante,20,3,0,2,0,0,0,0,0,1,0,0.0,0.0,0.0,0.0,0.3333,0.0,30,0.6667,0.1,2026,N'Faly Dante
Nae'Qwan Tomlin,1120,183,69,106,22,28,160,50,7,9,13,0.6509,0.8743,0.2732,0.0383,0.0492,0.071,2051,0.5461,0.0892,2026,Nae'Qwan Tomlin
Naji Marshall,3366,114,47,69,15,16,113,31,7,3,8,0.6812,0.9912,0.2719,0.0614,0.0263,0.0702,4409,0.7634,0.0259,2026,Naji Marshall
Nate Williams,261,36,12,19,2,2,26,12,3,3,1,0.6316,0.7222,0.3333,0.0833,0.0833,0.0278,477,0.5472,0.0755,2026,Nate Williams
Naz Reid,3808,123,48,72,9,16,108,33,4,5,8,0.6667,0.878,0.2683,0.0325,0.0407,0.065,4178,0.9114,0.0294,2026,Naz Reid
Neemias Queta,2660,631,274,391,68,94,625,133,21,23,46,0.7008,0.9905,0.2108,0.0333,0.0365,0.0729,3740,0.7112,0.1687,2026,Neemias Queta
Nic Claxton,3348,488,196,289,34,57,436,121,26,22,30,0.6782,0.8934,0.248,0.0533,0.0451,0.0615,3854,0.8687,0.1266,2026,Nic Claxton
Nick Richards,973,221,75,141,28,49,180,29,1,14,25,0.5319,0.8145,0.1312,0.0045,0.0633,0.1131,1455,0.6687,0.1519,2026,Nick Richards
Nick Smith Jr.,698,6,2,5,0,0,4,1,0,0,0,0.4,0.6667,0.1667,0.0,0.0,0.0,764,0.9136,0.0079,2026,Nick Smith Jr.
Nickeil Alexander-Walker,4596,91,34,48,14,16,82,32,10,1,8,0.7083,0.9011,0.3516,0.1099,0.011,0.0879,5558,0.8269,0.0164,2026,Nickeil Alexander-Walker
Nicolas Batum,1692,13,1,3,0,0,2,8,1,2,0,0.3333,0.1538,0.6154,0.0769,0.1538,0.0,2562,0.6604,0.0051,2026,Nicolas Batum
Nigel Hayes,230,13,5,9,0,0,10,3,1,1,0,0.5556,0.7692,0.2308,0.0769,0.0769,0.0,383,0.6005,0.0339,2026,Nigel Hayes
Nigel Hayes-Davis,230,13,5,9,0,0,10,3,1,1,0,0.5556,0.7692,0.2308,0.0769,0.0769,0.0,383,0.6005,0.0339,2026,Nigel Hayes-Davis
Nikola JokiÄ‡,6513,507,218,330,76,90,525,94,31,13,40,0.6606,1.0355,0.1854,0.0611,0.0256,0.0789,4787,1.3606,0.1059,2026,Nikola Joki
Nikola JoviÄ‡,1525,55,11,21,6,8,28,27,3,1,4,0.5238,0.5091,0.4909,0.0545,0.0182,0.0727,1747,0.8729,0.0315,2026,Nikola Jovi
Nikola TopiÄ‡,367,12,2,5,0,0,4,5,1,2,0,0.4,0.3333,0.4167,0.0833,0.1667,0.0,322,1.1398,0.0373,2026,Nikola Topi
Nikola Vucevic,3789,432,150,254,23,26,326,130,24,15,13,0.5906,0.7546,0.3009,0.0556,0.0347,0.0301,3789,1.0,0.114,2026,Nikola Vucevic
Nikola VuÄeviÄ‡,3789,432,150,254,23,26,326,130,24,15,13,0.5906,0.7546,0.3009,0.0556,0.0347,0.0301,3789,1.0,0.114,2026,Nikola Vuevi
Nique Clifford,2952,78,29,41,3,6,61,28,5,5,2,0.7073,0.7821,0.359,0.0641,0.0641,0.0256,3857,0.7654,0.0202,2026,Nique Clifford
Noa Essengue,9,1,0,1,0,0,0,0,0,0,0,0.0,0.0,0.0,0.0,0.0,0.0,14,0.6429,0.0714,2026,Noa Essengue
Noah Clowney,2507,66,18,31,8,10,46,21,7,3,5,0.5806,0.697,0.3182,0.1061,0.0455,0.0758,3578,0.7007,0.0184,2026,Noah Clowney
Noah Penda,1283,76,15,28,3,4,33,36,6,7,2,0.5357,0.4342,0.4737,0.0789,0.0921,0.0263,1538,0.8342,0.0494,2026,Noah Penda
Nolan Traore,3034,20,5,10,2,2,12,7,1,2,1,0.5,0.6,0.35,0.05,0.1,0.05,2484,1.2214,0.0081,2026,Nolan Traore
Norchad Omier,51,10,5,6,0,0,10,3,0,0,0,0.8333,1.0,0.3,0.0,0.0,0.0,45,1.1333,0.2222,2026,Norchad Omier
Norman Powell,2523,25,12,15,1,2,26,9,1,0,1,0.8,1.04,0.36,0.04,0.0,0.04,3577,0.7053,0.007,2026,Norman Powell
Obi Toppin,920,76,36,44,14,14,87,16,4,2,5,0.8182,1.1447,0.2105,0.0526,0.0263,0.0658,896,1.0268,0.0848,2026,Obi Toppin
Ochai Agbaji,1221,80,34,49,7,8,75,22,2,4,4,0.6939,0.9375,0.275,0.025,0.05,0.05,1970,0.6198,0.0406,2026,Ochai Agbaji
OG Anunoby,2927,180,69,94,21,24,161,58,16,9,12,0.734,0.8944,0.3222,0.0889,0.05,0.0667,4508,0.6493,0.0399,2026,OG Anunoby
Olivier Sarr,54,5,2,3,0,0,4,2,1,0,0,0.6667,0.8,0.4,0.2,0.0,0.0,85,0.6353,0.0588,2026,Olivier Sarr
Olivier-Maxence Prosper,1373,124,45,60,18,24,109,33,6,9,11,0.75,0.879,0.2661,0.0484,0.0726,0.0887,2083,0.6591,0.0595,2026,Olivier-Maxence Prosper
Omer Yurtseven,190,27,8,16,6,12,22,1,0,4,6,0.5,0.8148,0.037,0.0,0.1481,0.2222,219,0.8676,0.1233,2026,Omer Yurtseven
Onyeka Okongwu,3818,397,135,217,63,82,337,109,17,14,41,0.6221,0.8489,0.2746,0.0428,0.0353,0.1033,4900,0.7792,0.081,2026,Onyeka Okongwu
Orlando Robinson,45,4,2,3,0,0,4,1,0,0,0,0.6667,1.0,0.25,0.0,0.0,0.0,47,0.9574,0.0851,2026,Orlando Robinson
Oscar Tshiebwe,601,170,68,102,17,23,155,40,9,15,12,0.6667,0.9118,0.2353,0.0529,0.0882,0.0706,955,0.6293,0.178,2026,Oscar Tshiebwe
Oso Ighodaro,2741,342,125,180,21,35,274,115,19,15,17,0.6944,0.8012,0.3363,0.0556,0.0439,0.0497,3609,0.7595,0.0948,2026,Oso Ighodaro
Ousmane Dieng,1922,44,11,20,1,2,23,17,2,4,1,0.55,0.5227,0.3864,0.0455,0.0909,0.0227,2228,0.8627,0.0197,2026,Ousmane Dieng
P.J. Washington,2658,182,77,126,16,26,175,30,7,6,12,0.6111,0.9615,0.1648,0.0385,0.033,0.0659,3512,0.7568,0.0518,2026,P.J. Washington
PacÃ´me Dadiet,203,11,1,3,0,0,2,6,0,2,0,0.3333,0.1818,0.5455,0.0,0.1818,0.0,271,0.7491,0.0406,2026,Pacme Dadiet
Paolo Banchero,5498,203,85,117,34,43,209,42,8,15,22,0.7265,1.0296,0.2069,0.0394,0.0739,0.1084,5180,1.0614,0.0392,2026,Paolo Banchero
Pascal Siakam,4308,194,85,124,9,16,186,40,6,14,9,0.6855,0.9588,0.2062,0.0309,0.0722,0.0464,4314,0.9986,0.045,2026,Pascal Siakam
Pat Connaughton,470,16,2,3,1,2,5,10,2,1,1,0.6667,0.3125,0.625,0.125,0.0625,0.0625,576,0.816,0.0278,2026,Pat Connaughton
Pat Spencer,2969,86,25,41,2,2,53,38,12,4,1,0.6098,0.6163,0.4419,0.1395,0.0465,0.0116,2454,1.2099,0.035,2026,Pat Spencer
Patrick Baldwin Jr.,111,12,2,7,0,0,5,5,1,0,0,0.2857,0.4167,0.4167,0.0833,0.0,0.0,208,0.5337,0.0577,2026,Patrick Baldwin Jr.
Patrick Williams,2211,59,14,32,3,6,31,15,4,6,3,0.4375,0.5254,0.2542,0.0678,0.1017,0.0508,3170,0.6975,0.0186,2026,Patrick Williams
Paul George,2301,34,5,13,4,4,15,15,4,1,2,0.3846,0.4412,0.4412,0.1176,0.0294,0.0588,2325,0.9897,0.0146,2026,Paul George
Paul Reed,1428,256,101,154,13,18,220,68,17,19,9,0.6558,0.8594,0.2656,0.0664,0.0742,0.0352,1804,0.7916,0.1419,2026,Paul Reed
Payton Pritchard,5441,57,16,23,0,0,34,30,5,2,0,0.6957,0.5965,0.5263,0.0877,0.0351,0.0,5025,1.0828,0.0113,2026,Payton Pritchard
Payton Sandfort,66,5,2,4,1,2,5,0,0,0,1,0.5,1.0,0.0,0.0,0.0,0.2,133,0.4962,0.0376,2026,Payton Sandfort
Pelle Larsson,2612,131,48,71,12,16,108,40,9,8,8,0.6761,0.8244,0.3053,0.0687,0.0611,0.0611,3879,0.6734,0.0338,2026,Pelle Larsson
Pete Nance,1132,81,33,47,1,2,67,27,8,5,1,0.7021,0.8272,0.3333,0.0988,0.0617,0.0123,1460,0.7753,0.0555,2026,Pete Nance
Peyton Watson,2777,156,48,91,20,28,119,41,8,7,14,0.5275,0.7628,0.2628,0.0513,0.0449,0.0897,3255,0.8531,0.0479,2026,Peyton Watson
PJ Hall,298,89,23,47,11,14,57,26,5,8,7,0.4894,0.6404,0.2921,0.0562,0.0899,0.0787,442,0.6742,0.2014,2026,PJ Hall
Precious Achiuwa,2244,325,137,220,28,50,306,55,9,19,24,0.6227,0.9415,0.1692,0.0277,0.0585,0.0738,3559,0.6305,0.0913,2026,Precious Achiuwa
Quentin Grimes,3565,53,21,28,6,8,48,16,4,1,4,0.75,0.9057,0.3019,0.0755,0.0189,0.0755,4570,0.7801,0.0116,2026,Quentin Grimes
Quenton Jackson,1990,30,14,19,2,2,30,8,0,0,1,0.7368,1.0,0.2667,0.0,0.0,0.0333,1923,1.0348,0.0156,2026,Quenton Jackson
Quinten Post,2144,144,53,70,12,16,118,48,6,11,7,0.7571,0.8194,0.3333,0.0417,0.0764,0.0486,2391,0.8967,0.0602,2026,Quinten Post
Rasheer Fleming,595,68,13,34,9,12,35,23,1,3,6,0.3824,0.5147,0.3382,0.0147,0.0441,0.0882,1322,0.4501,0.0514,2026,Rasheer Fleming
Rayan Rupert,1484,71,22,38,3,4,47,25,3,5,2,0.5789,0.662,0.3521,0.0423,0.0704,0.0282,2240,0.6625,0.0317,2026,Rayan Rupert
RayJ Dennis,541,9,1,3,0,0,2,6,1,0,0,0.3333,0.2222,0.6667,0.1111,0.0,0.0,439,1.2323,0.0205,2026,RayJ Dennis
Reed Sheppard,4462,15,3,6,0,0,6,7,2,2,0,0.5,0.4,0.4667,0.1333,0.1333,0.0,4349,1.026,0.0034,2026,Reed Sheppard
Riley Minix,88,8,4,4,2,2,10,2,0,0,1,1.0,1.25,0.25,0.0,0.0,0.125,124,0.7097,0.0645,2026,Riley Minix
RJ Barrett,3097,156,86,113,14,24,189,21,7,3,14,0.7611,1.2115,0.1346,0.0449,0.0192,0.0897,3547,0.8731,0.044,2026,RJ Barrett
Rob Dillingham,1958,16,3,7,0,0,6,7,0,2,0,0.4286,0.375,0.4375,0.0,0.125,0.0,2088,0.9377,0.0077,2026,Rob Dillingham
Robert Williams III,1404,327,143,195,18,32,304,89,16,20,15,0.7333,0.9297,0.2722,0.0489,0.0612,0.0459,2104,0.6673,0.1554,2026,Robert Williams III
Rocco Zikarsky,55,6,3,4,2,2,8,0,0,0,1,0.75,1.3333,0.0,0.0,0.0,0.1667,73,0.7534,0.0822,2026,Rocco Zikarsky
Ron Harper Jr.,450,17,7,9,0,0,14,6,1,2,0,0.7778,0.8235,0.3529,0.0588,0.1176,0.0,615,0.7317,0.0276,2026,Ron Harper Jr.
Ronald Holland II,2438,110,46,72,6,6,103,24,4,7,3,0.6389,0.9364,0.2182,0.0364,0.0636,0.0273,3138,0.7769,0.0351,2026,Ronald Holland II
Royce O'Neale,4131,46,11,17,0,0,22,23,3,6,0,0.6471,0.4783,0.5,0.0652,0.1304,0.0,4548,0.9083,0.0101,2026,Royce O'Neale
Rudy Gobert,3335,631,276,368,93,166,655,106,17,38,78,0.75,1.038,0.168,0.0269,0.0602,0.1236,4849,0.6878,0.1301,2026,Rudy Gobert
Rui Hachimura,2057,116,58,85,10,14,126,19,2,4,7,0.6824,1.0862,0.1638,0.0172,0.0345,0.0603,3979,0.517,0.0292,2026,Rui Hachimura
Russell Westbrook,4416,100,26,44,5,12,61,36,9,9,6,0.5909,0.61,0.36,0.09,0.09,0.06,3882,1.1376,0.0258,2026,Russell Westbrook
Ryan Dunn,1769,143,51,84,2,4,104,47,11,7,2,0.6071,0.7273,0.3287,0.0769,0.049,0.014,2677,0.6608,0.0534,2026,Ryan Dunn
Ryan Kalkbrenner,1600,432,200,260,51,71,459,99,7,21,34,0.7692,1.0625,0.2292,0.0162,0.0486,0.0787,3042,0.526,0.142,2026,Ryan Kalkbrenner
Ryan Nembhard,2453,12,2,2,0,0,4,8,4,1,0,1.0,0.3333,0.6667,0.3333,0.0833,0.0,2280,1.0759,0.0053,2026,Ryan Nembhard
Ryan Rollins,5148,52,13,20,3,4,29,21,4,5,1,0.65,0.5577,0.4038,0.0769,0.0962,0.0192,4742,1.0856,0.011,2026,Ryan Rollins
Saddiq Bey,3096,161,58,90,32,40,154,36,9,10,21,0.6444,0.9565,0.2236,0.0559,0.0621,0.1304,4683,0.6611,0.0344,2026,Saddiq Bey
Sam Hauser,2767,58,20,31,4,4,47,21,3,3,1,0.6452,0.8103,0.3621,0.0517,0.0517,0.0172,3837,0.7211,0.0151,2026,Sam Hauser
Sam Merrill,2076,51,19,25,4,4,43,18,3,3,1,0.76,0.8431,0.3529,0.0588,0.0588,0.0196,2803,0.7406,0.0182,2026,Sam Merrill
Sandro Mamukelashvili,2778,264,92,143,26,36,215,87,12,12,18,0.6434,0.8144,0.3295,0.0455,0.0455,0.0682,3602,0.7712,0.0733,2026,Sandro Mamukelashvili
Santi Aldama,2326,140,57,95,12,18,128,26,4,6,7,0.6,0.9143,0.1857,0.0286,0.0429,0.05,2537,0.9168,0.0552,2026,Santi Aldama
Scoot Henderson,1641,21,6,9,1,2,12,9,1,1,1,0.6667,0.5714,0.4286,0.0476,0.0476,0.0476,1581,1.038,0.0133,2026,Scoot Henderson
Scottie Barnes,5651,409,137,213,42,50,329,133,40,23,24,0.6432,0.8044,0.3252,0.0978,0.0562,0.0587,5511,1.0254,0.0742,2026,Scottie Barnes
Scotty Pippen Jr.,497,9,3,7,1,2,7,0,0,0,0,0.4286,0.7778,0.0,0.0,0.0,0.0,451,1.102,0.02,2026,Scotty Pippen Jr.
Sean Pedulla,57,0,0,0,0,0,0,0,0,0,0,0.0,0.0,0.0,0.0,0.0,0.0,60,0.95,0.0,2026,Sean Pedulla
Seth Curry,188,2,2,2,0,0,4,0,0,0,0,1.0,2.0,0.0,0.0,0.0,0.0,272,0.6912,0.0074,2026,Seth Curry
Shaedon Sharpe,2738,96,52,70,8,12,114,18,5,2,6,0.7429,1.1875,0.1875,0.0521,0.0208,0.0625,3123,0.8767,0.0307,2026,Shaedon Sharpe
Shai Gilgeous-Alexander,4531,67,28,43,3,4,59,20,6,1,2,0.6512,0.8806,0.2985,0.0896,0.0149,0.0299,4739,0.9561,0.0141,2026,Shai Gilgeous-Alexander
Sharife Cooper,1527,22,8,9,0,0,16,12,3,1,0,0.8889,0.7273,0.5455,0.1364,0.0455,0.0,1472,1.0374,0.0149,2026,Sharife Cooper
Sidy Cissoko,1769,70,16,20,5,8,38,40,15,3,4,0.8,0.5429,0.5714,0.2143,0.0429,0.0571,2968,0.596,0.0236,2026,Sidy Cissoko
Simone Fontecchio,1755,67,23,34,9,12,56,18,2,3,6,0.6765,0.8358,0.2687,0.0299,0.0448,0.0896,2496,0.7031,0.0268,2026,Simone Fontecchio
Sion James,2794,58,13,26,5,6,32,29,6,0,3,0.5,0.5517,0.5,0.1034,0.0,0.0517,3662,0.763,0.0158,2026,Sion James
Skal Labissiere,67,8,4,4,0,0,8,4,0,0,0,1.0,1.0,0.5,0.0,0.0,0.0,76,0.8816,0.1053,2026,Skal Labissiere
Spencer Jones,1087,144,48,69,16,30,113,52,9,4,15,0.6957,0.7847,0.3611,0.0625,0.0278,0.1042,2854,0.3809,0.0505,2026,Spencer Jones
Stanley Umude,8,1,0,0,0,0,0,1,0,0,0,0.0,0.0,1.0,0.0,0.0,0.0,14,0.5714,0.0714,2026,Stanley Umude
Stephen Curry,2812,67,32,41,15,16,81,13,5,2,7,0.7805,1.209,0.194,0.0746,0.0299,0.1045,2819,0.9975,0.0238,2026,Stephen Curry
Stephon Castle,4610,160,61,84,25,34,152,46,13,9,16,0.7262,0.95,0.2875,0.0813,0.0563,0.1,4251,1.0845,0.0376,2026,Stephon Castle
Steven Adams,901,238,56,116,29,48,142,76,10,9,23,0.4828,0.5966,0.3193,0.042,0.0378,0.0966,1459,0.6175,0.1631,2026,Steven Adams
Svi Mykhailiuk,1441,39,17,24,0,0,35,15,4,0,0,0.7083,0.8974,0.3846,0.1026,0.0,0.0,2441,0.5903,0.016,2026,Svi Mykhailiuk
T.J. McConnell,2800,46,16,25,4,4,36,16,3,2,2,0.64,0.7826,0.3478,0.0652,0.0435,0.0435,2021,1.3855,0.0228,2026,T.J. McConnell
Taelon Peter,786,15,7,9,0,0,14,4,0,1,0,0.7778,0.9333,0.2667,0.0,0.0667,0.0,1049,0.7493,0.0143,2026,Taelon Peter
Taj Gibson,98,21,4,10,3,4,11,9,3,0,2,0.4,0.5238,0.4286,0.1429,0.0,0.0952,207,0.4734,0.1014,2026,Taj Gibson
Tari Eason,2337,138,49,83,9,14,110,40,9,7,5,0.5904,0.7971,0.2899,0.0652,0.0507,0.0362,3096,0.7548,0.0446,2026,Tari Eason
Taurean Prince,819,3,0,0,0,0,0,2,1,1,0,0.0,0.0,0.6667,0.3333,0.3333,0.0,1239,0.661,0.0024,2026,Taurean Prince
Taylor Hendricks,1260,112,37,60,9,14,91,35,6,5,8,0.6167,0.8125,0.3125,0.0536,0.0446,0.0714,2323,0.5424,0.0482,2026,Taylor Hendricks
Terance Mann,2586,90,23,40,10,12,57,33,13,8,5,0.575,0.6333,0.3667,0.1444,0.0889,0.0556,3064,0.844,0.0294,2026,Terance Mann
Terrence Shannon Jr.,700,9,2,2,0,0,4,7,0,0,0,1.0,0.4444,0.7778,0.0,0.0,0.0,1114,0.6284,0.0081,2026,Terrence Shannon Jr.
Thanasis Antetokounmpo,219,23,5,9,3,6,12,11,2,1,2,0.5556,0.5217,0.4783,0.087,0.0435,0.087,301,0.7276,0.0764,2026,Thanasis Antetokounmpo
Thomas Bryant,1193,152,67,93,33,38,171,28,3,5,16,0.7204,1.125,0.1842,0.0197,0.0329,0.1053,1519,0.7854,0.1001,2026,Thomas Bryant
Tidjane SalaÃ¼n,828,48,14,20,6,12,34,13,2,4,6,0.7,0.7083,0.2708,0.0417,0.0833,0.125,1150,0.72,0.0417,2026,Tidjane Salan
Tim Hardaway Jr.,2501,36,20,27,8,8,49,5,1,0,4,0.7407,1.3611,0.1389,0.0278,0.0,0.1111,4394,0.5692,0.0082,2026,Tim Hardaway Jr.
Tobias Harris,2604,110,42,68,13,14,101,27,4,7,7,0.6176,0.9182,0.2455,0.0364,0.0636,0.0636,3535,0.7366,0.0311,2026,Tobias Harris
Toby Okani,181,11,3,8,0,0,6,2,0,0,0,0.375,0.5455,0.1818,0.0,0.0,0.0,475,0.3811,0.0232,2026,Toby Okani
Tolu Smith,207,52,15,26,6,11,37,14,2,4,6,0.5769,0.7115,0.2692,0.0385,0.0769,0.1154,269,0.7695,0.1933,2026,Tolu Smith
Tony Bradley,498,117,34,70,21,26,89,30,5,2,13,0.4857,0.7607,0.2564,0.0427,0.0171,0.1111,927,0.5372,0.1262,2026,Tony Bradley
Tosan Evbuomwan,8,0,0,0,0,0,0,0,0,0,0,0.0,0.0,0.0,0.0,0.0,0.0,15,0.5333,0.0,2026,Tosan Evbuomwan
Toumani Camara,4537,222,74,105,18,26,166,88,12,11,11,0.7048,0.7477,0.3964,0.0541,0.0495,0.0495,5714,0.794,0.0389,2026,Toumani Camara
Trae Young,935,2,1,1,0,0,2,1,0,0,0,1.0,1.0,0.5,0.0,0.0,0.0,852,1.0974,0.0023,2026,Trae Young
Trayce Jackson-Davis,835,158,52,87,22,42,128,36,3,10,20,0.5977,0.8101,0.2278,0.019,0.0633,0.1266,1018,0.8202,0.1552,2026,Trayce Jackson-Davis
Tre Johnson,1996,22,5,9,0,0,12,9,1,2,0,0.5556,0.5455,0.4091,0.0455,0.0909,0.0,3087,0.6466,0.0071,2026,Tre Johnson
Tre Jones,3949,73,35,40,7,8,78,22,4,3,4,0.875,1.0685,0.3014,0.0548,0.0411,0.0548,3791,1.0417,0.0193,2026,Tre Jones
Tre Mann,1404,13,1,2,1,2,3,8,0,2,1,0.5,0.2308,0.6154,0.0,0.1538,0.0769,1324,1.0604,0.0098,2026,Tre Mann
Trendon Watford,2052,69,26,36,2,4,55,26,6,3,2,0.7222,0.7971,0.3768,0.087,0.0435,0.029,1805,1.1368,0.0382,2026,Trendon Watford
Trentyn Flowers,8,2,2,2,0,0,4,0,0,0,0,1.0,2.0,0.0,0.0,0.0,0.0,10,0.8,0.2,2026,Trentyn Flowers
Trevon Scott,249,21,7,13,1,2,16,5,0,1,1,0.5385,0.7619,0.2381,0.0,0.0476,0.0476,373,0.6676,0.0563,2026,Trevon Scott
Trevor Keels,28,0,0,0,0,0,0,0,0,0,0,0.0,0.0,0.0,0.0,0.0,0.0,38,0.7368,0.0,2026,Trevor Keels
Trey Alexander,155,0,0,0,0,0,0,0,0,0,0,0.0,0.0,0.0,0.0,0.0,0.0,234,0.6624,0.0,2026,Trey Alexander
Trey Jemison,81,14,3,4,0,0,6,8,2,2,0,0.75,0.4286,0.5714,0.1429,0.1429,0.0,169,0.4793,0.0828,2026,Trey Jemison
Trey Jemison III,81,14,3,4,0,0,6,8,2,2,0,0.75,0.4286,0.5714,0.1429,0.1429,0.0,169,0.4793,0.0828,2026,Trey Jemison III
Trey Murphy III,4040,163,93,119,19,20,210,23,6,5,10,0.7815,1.2883,0.1411,0.0368,0.0307,0.0613,4881,0.8277,0.0334,2026,Trey Murphy III
Tristan da Silva,2413,119,53,79,2,2,108,29,4,7,0,0.6709,0.9076,0.2437,0.0336,0.0588,0.0,3909,0.6173,0.0304,2026,Tristan da Silva
Tristan Enaruna,110,14,9,12,0,0,18,1,0,1,0,0.75,1.2857,0.0714,0.0,0.0714,0.0,170,0.6471,0.0824,2026,Tristan Enaruna
Tristan Vukcevic,1160,96,44,61,18,24,110,14,3,6,11,0.7213,1.1458,0.1458,0.0312,0.0625,0.1146,1432,0.8101,0.067,2026,Tristan Vukcevic
Tristen Newton,21,3,0,2,0,0,0,1,0,0,0,0.0,0.0,0.3333,0.0,0.0,0.0,24,0.875,0.125,2026,Tristen Newton
Ty Jerome,784,4,2,3,0,0,4,0,0,1,0,0.6667,1.0,0.0,0.0,0.25,0.0,684,1.1462,0.0058,2026,Ty Jerome
Tyler Burton,403,11,2,4,4,4,10,3,0,0,4,0.5,0.9091,0.2727,0.0,0.0,0.3636,649,0.621,0.0169,2026,Tyler Burton
Tyler Herro,1859,19,7,9,4,4,18,7,1,1,1,0.7778,0.9474,0.3684,0.0526,0.0526,0.0526,2041,0.9108,0.0093,2026,Tyler Herro
Tyler Kolek,1806,16,5,6,0,0,10,7,1,2,0,0.8333,0.625,0.4375,0.0625,0.125,0.0,1476,1.2236,0.0108,2026,Tyler Kolek
Tyler Smith,201,16,6,9,2,2,14,3,1,2,1,0.6667,0.875,0.1875,0.0625,0.125,0.0625,345,0.5826,0.0464,2026,Tyler Smith
Tyrese Martin,1509,36,10,15,2,2,23,18,0,2,1,0.6667,0.6389,0.5,0.0,0.0556,0.0278,1535,0.9831,0.0235,2026,Tyrese Martin
Tyrese Maxey,6668,28,9,18,0,0,18,9,3,1,0,0.5,0.6429,0.3214,0.1071,0.0357,0.0,5500,1.2124,0.0051,2026,Tyrese Maxey
Tyrese Proctor,1016,22,4,8,0,0,8,13,3,1,0,0.5,0.3636,0.5909,0.1364,0.0455,0.0,1108,0.917,0.0199,2026,Tyrese Proctor
Tyson Etienne,580,0,0,0,0,0,0,0,0,0,0,0.0,0.0,0.0,0.0,0.0,0.0,788,0.736,0.0,2026,Tyson Etienne
TyTy Washington Jr.,157,2,0,1,0,0,0,1,0,0,0,0.0,0.0,0.5,0.0,0.0,0.0,170,0.9235,0.0118,2026,TyTy Washington Jr.
Tyus Jones,2131,5,1,1,0,0,2,4,0,0,0,1.0,0.4,0.8,0.0,0.0,0.0,2021,1.0544,0.0025,2026,Tyus Jones
Victor Wembanyama,3743,395,198,261,61,75,469,57,11,10,39,0.7586,1.1873,0.1443,0.0278,0.0253,0.0987,3888,0.9627,0.1016,2026,Victor Wembanyama
Vince Williams Jr.,1976,44,11,16,6,6,28,22,3,1,3,0.6875,0.6364,0.5,0.0682,0.0227,0.0682,1689,1.1699,0.0261,2026,Vince Williams Jr.
Vit Krejci,1964,38,9,13,0,0,19,25,3,0,0,0.6923,0.5,0.6579,0.0789,0.0,0.0,2921,0.6724,0.013,2026,Vit Krejci
VJ Edgecombe,5286,142,44,73,14,16,102,54,18,3,7,0.6027,0.7183,0.3803,0.1268,0.0211,0.0493,5398,0.9793,0.0263,2026,VJ Edgecombe
Vladislav Goldin,23,8,3,4,0,0,7,3,2,1,0,0.75,0.875,0.375,0.25,0.125,0.0,57,0.4035,0.1404,2026,Vladislav Goldin
VÃ­t KrejÄÃ­,1964,38,9,13,0,0,19,25,3,0,0,0.6923,0.5,0.6579,0.0789,0.0,0.0,2921,0.6724,0.013,2026,Vt Krej
Walker Kessler,265,46,16,22,11,16,43,13,1,3,8,0.7273,0.9348,0.2826,0.0217,0.0652,0.1739,310,0.8548,0.1484,2026,Walker Kessler
Walter Clayton Jr.,3112,28,7,8,0,0,14,16,1,4,0,0.875,0.5,0.5714,0.0357,0.1429,0.0,2928,1.0628,0.0096,2026,Walter Clayton Jr.
Wendell Carter Jr.,3035,426,141,211,93,119,385,112,13,24,56,0.6682,0.9038,0.2629,0.0305,0.0563,0.1315,4756,0.6381,0.0896,2026,Wendell Carter Jr.
Wendell Moore Jr.,66,1,1,1,0,0,2,0,0,0,0,1.0,2.0,0.0,0.0,0.0,0.0,119,0.5546,0.0084,2026,Wendell Moore Jr.
Will Richard,1673,153,53,76,23,28,132,52,13,6,13,0.6974,0.8627,0.3399,0.085,0.0392,0.085,2830,0.5912,0.0541,2026,Will Richard
Will Riley,2599,88,40,54,17,20,99,17,3,1,9,0.7407,1.125,0.1932,0.0341,0.0114,0.1023,3430,0.7577,0.0257,2026,Will Riley
Xavier Tillman,251,30,7,13,2,4,16,11,2,3,2,0.5385,0.5333,0.3667,0.0667,0.1,0.0667,360,0.6972,0.0833,2026,Xavier Tillman
Yang Hansen,394,57,17,30,12,14,48,11,4,4,6,0.5667,0.8421,0.193,0.0702,0.0702,0.1053,627,0.6284,0.0909,2026,Yang Hansen
Yanic Konan NiederhÃ¤user,473,115,43,66,23,32,109,22,2,7,13,0.6515,0.9478,0.1913,0.0174,0.0609,0.113,844,0.5604,0.1363,2026,Yanic Konan Niederhuser
Yuki Kawamura,443,3,0,0,0,0,0,3,1,0,0,0.0,0.0,1.0,0.3333,0.0,0.0,452,0.9801,0.0066,2026,Yuki Kawamura
Yves Missi,1617,290,88,161,17,30,198,82,20,18,14,0.5466,0.6828,0.2828,0.069,0.0621,0.0483,2665,0.6068,0.1088,2026,Yves Missi
Zaccharie Risacher,1763,135,60,87,15,24,141,25,3,6,11,0.6897,1.0444,0.1852,0.0222,0.0444,0.0815,3218,0.5479,0.042,2026,Zaccharie Risacher
Zach Collins,300,49,21,29,7,8,51,14,3,0,4,0.7241,1.0408,0.2857,0.0612,0.0,0.0816,389,0.7712,0.126,2026,Zach Collins
Zach Edey,401,144,54,83,18,21,127,32,6,5,11,0.6506,0.8819,0.2222,0.0417,0.0347,0.0764,589,0.6808,0.2445,2026,Zach Edey
Zach LaVine,1999,32,11,16,0,0,22,12,4,3,0,0.6875,0.6875,0.375,0.125,0.0938,0.0,2522,0.7926,0.0127,2026,Zach LaVine
Zeke Nnaji,732,92,32,52,17,20,82,20,3,8,10,0.6154,0.8913,0.2174,0.0326,0.087,0.1087,1247,0.587,0.0738,2026,Zeke Nnaji
Ziaire Williams,1493,50,22,32,9,10,56,11,3,1,5,0.6875,1.12,0.22,0.06,0.02,0.1,2620,0.5698,0.0191,2026,Ziaire Williams
Zion Williamson,3041,222,98,143,32,48,234,36,10,13,22,0.6853,1.0541,0.1622,0.045,0.0586,0.0991,3883,0.7832,0.0572,2026,Zion Williamson
Zyon Pullin,85,1,0,0,0,0,0,1,0,0,0,0.0,0.0,1.0,0.0,0.0,0.0,92,0.9239,0.0109,2026,Zyon Pullin
