Player,Touches,Elbow Touches,FGM,FGA,FTM,FTA,Points,Passes,Assists,Turnovers,Fouls,FG%,Points Per Elbow Touch,Pass%,Ast%,TO%,Foul%,Possessions,Touches Per Poss,Elbow Touches Per Poss,season_year
A.J. Lawson,280,6,3,4,0,0,6,1,0,1,0,0.75,1.0,0.1667,0.0,0.1667,0.0,450,0.6222,0.0133,2026
Aaron Gordon,1728,66,15,25,8,10,39,34,9,2,5,0.6,0.5909,0.5152,0.1364,0.0303,0.0758,2056,0.8405,0.0321,2026
Aaron Holiday,1155,4,1,3,0,0,2,1,1,0,0,0.3333,0.5,0.25,0.25,0.0,0.0,1562,0.7394,0.0026,2026
Aaron Nesmith,2246,21,7,12,0,0,14,9,0,0,0,0.5833,0.6667,0.4286,0.0,0.0,0.0,2808,0.7999,0.0075,2026
Aaron Wiggins,2159,24,9,15,0,0,19,7,0,1,0,0.6,0.7917,0.2917,0.0,0.0417,0.0,2925,0.7381,0.0082,2026
Ace Bailey,2410,57,18,27,4,6,40,25,4,2,3,0.6667,0.7018,0.4386,0.0702,0.0351,0.0526,4241,0.5683,0.0134,2026
Adama Bal,293,6,0,1,2,2,2,3,1,0,1,0.0,0.3333,0.5,0.1667,0.0,0.1667,518,0.5656,0.0116,2026
Adem Bona,1201,48,10,16,6,8,26,23,2,5,4,0.625,0.5417,0.4792,0.0417,0.1042,0.0833,2555,0.4701,0.0188,2026
Adou Thiero,183,4,1,2,0,0,2,2,1,0,0,0.5,0.5,0.5,0.25,0.0,0.0,299,0.612,0.0134,2026
AJ Green,3402,23,1,5,0,0,2,17,4,0,0,0.2,0.087,0.7391,0.1739,0.0,0.0,4533,0.7505,0.0051,2026
AJ Johnson,725,7,0,1,1,2,1,4,1,1,1,0.0,0.1429,0.5714,0.1429,0.1429,0.1429,940,0.7713,0.0074,2026
Ajay Mitchell,2587,32,11,14,0,0,22,15,1,2,0,0.7857,0.6875,0.4688,0.0312,0.0625,0.0,3082,0.8394,0.0104,2026
Al Horford,1947,61,14,17,1,2,30,40,12,3,1,0.8235,0.4918,0.6557,0.1967,0.0492,0.0164,1997,0.975,0.0305,2026
Alex Antetokounmpo,29,0,0,0,0,0,0,0,0,0,0,0.0,0.0,0.0,0.0,0.0,0.0,46,0.6304,0.0,2026
Alex Caruso,1646,45,10,14,0,0,20,25,4,3,0,0.7143,0.4444,0.5556,0.0889,0.0667,0.0,2129,0.7731,0.0211,2026
Alex Morales,39,0,0,0,0,0,0,0,0,0,0,0.0,0.0,0.0,0.0,0.0,0.0,48,0.8125,0.0,2026
Alex Sarr,2729,232,60,117,28,36,151,70,13,20,17,0.5128,0.6509,0.3017,0.056,0.0862,0.0733,2755,0.9906,0.0842,2026
Alijah Martin,209,5,1,2,0,0,2,3,0,0,0,0.5,0.4,0.6,0.0,0.0,0.0,283,0.7385,0.0177,2026
Alondes Williams,116,0,0,0,0,0,0,0,0,0,0,0.0,0.0,0.0,0.0,0.0,0.0,209,0.555,0.0,2026
Alperen Sengun,5121,386,86,149,29,40,203,196,60,12,17,0.5772,0.5259,0.5078,0.1554,0.0311,0.044,4788,1.0695,0.0806,2026
Amari Williams,174,10,2,5,2,2,6,3,0,0,1,0.4,0.6,0.3,0.0,0.0,0.1,292,0.5959,0.0342,2026
Amen Thompson,5788,144,35,59,11,14,87,67,13,6,6,0.5932,0.6042,0.4653,0.0903,0.0417,0.0417,5880,0.9844,0.0245,2026
Amir Coffey,496,3,1,1,0,0,3,1,0,1,0,1.0,1.0,0.3333,0.0,0.3333,0.0,965,0.514,0.0031,2026
Andersson Garcia,209,3,2,2,0,0,4,1,0,0,0,1.0,1.3333,0.3333,0.0,0.0,0.0,357,0.5854,0.0084,2026
Andre Drummond,1430,66,12,22,3,6,27,36,13,3,3,0.5455,0.4091,0.5455,0.197,0.0455,0.0455,2510,0.5697,0.0263,2026
Andre Jackson Jr.,823,22,3,10,2,2,8,11,2,0,1,0.3,0.3636,0.5,0.0909,0.0,0.0455,825,0.9976,0.0267,2026
Andrew Nembhard,4984,21,6,12,0,0,12,7,0,1,0,0.5,0.5714,0.3333,0.0,0.0476,0.0,3728,1.3369,0.0056,2026
Andrew Wiggins,2828,25,12,19,1,2,26,4,0,1,1,0.6316,1.04,0.16,0.0,0.04,0.04,4270,0.6623,0.0059,2026
Anfernee Simons,2456,12,5,5,0,0,11,7,2,0,0,1.0,0.9167,0.5833,0.1667,0.0,0.0,2736,0.8977,0.0044,2026
Anthony Black,3654,41,13,19,2,2,29,17,3,3,1,0.6842,0.7073,0.4146,0.0732,0.0732,0.0244,3927,0.9305,0.0104,2026
Anthony Davis,1128,80,21,43,11,12,56,23,9,5,6,0.4884,0.7,0.2875,0.1125,0.0625,0.075,1223,0.9223,0.0654,2026
Anthony Edwards,4333,32,13,23,7,8,33,3,0,2,4,0.5652,1.0312,0.0938,0.0,0.0625,0.125,4382,0.9888,0.0073,2026
Anthony Gill,1175,70,17,26,3,4,39,38,6,3,1,0.6538,0.5571,0.5429,0.0857,0.0429,0.0143,2011,0.5843,0.0348,2026
Antonio Reeves,70,0,0,0,0,0,0,0,0,0,0,0.0,0.0,0.0,0.0,0.0,0.0,130,0.5385,0.0,2026
Ariel Hukporti,519,56,5,12,1,2,12,42,6,0,1,0.4167,0.2143,0.75,0.1071,0.0,0.0179,987,0.5258,0.0567,2026
Asa Newell,658,30,13,15,0,0,26,11,2,2,0,0.8667,0.8667,0.3667,0.0667,0.0667,0.0,1063,0.619,0.0282,2026
Ausar Thompson,2917,104,29,46,8,22,69,44,11,3,10,0.6304,0.6635,0.4231,0.1058,0.0288,0.0962,3791,0.7695,0.0274,2026
Austin Reaves,3705,30,8,11,5,6,21,13,3,2,3,0.7273,0.7,0.4333,0.1,0.0667,0.1,3613,1.0255,0.0083,2026
Ayo Dosunmu,3687,39,13,24,2,2,28,11,1,1,0,0.5417,0.7179,0.2821,0.0256,0.0256,0.0,3955,0.9322,0.0099,2026
Bam Adebayo,4101,145,45,83,19,24,112,41,13,4,12,0.5422,0.7724,0.2828,0.0897,0.0276,0.0828,4885,0.8395,0.0297,2026
Baylor Scheierman,1655,22,5,5,0,0,11,16,3,1,0,1.0,0.5,0.7273,0.1364,0.0455,0.0,2799,0.5913,0.0079,2026
Ben Saraf,2122,13,4,5,0,0,8,5,0,0,0,0.8,0.6154,0.3846,0.0,0.0,0.0,1876,1.1311,0.0069,2026
Ben Sheppard,2203,17,2,7,2,2,7,9,0,0,1,0.2857,0.4118,0.5294,0.0,0.0,0.0588,2931,0.7516,0.0058,2026
Bennedict Mathurin,2769,72,19,34,16,19,55,24,2,3,9,0.5588,0.7639,0.3333,0.0278,0.0417,0.125,3342,0.8285,0.0215,2026
Bez Mbeng,619,17,6,8,0,0,13,8,2,1,0,0.75,0.7647,0.4706,0.1176,0.0588,0.0,1080,0.5731,0.0157,2026
Bilal Coulibaly,2543,26,8,11,6,8,23,10,0,1,4,0.7273,0.8846,0.3846,0.0,0.0385,0.1538,3139,0.8101,0.0083,2026
Bismack Biyombo,163,10,0,2,0,0,0,8,1,0,0,0.0,0.0,0.8,0.1,0.0,0.0,280,0.5821,0.0357,2026
Blake Hinson,360,8,3,7,0,0,7,0,0,1,0,0.4286,0.875,0.0,0.0,0.125,0.0,609,0.5911,0.0131,2026
Blake Wesley,772,5,1,3,0,0,2,1,0,1,0,0.3333,0.4,0.2,0.0,0.2,0.0,766,1.0078,0.0065,2026
Bobby Portis,3048,64,20,30,1,2,42,30,6,3,1,0.6667,0.6562,0.4688,0.0938,0.0469,0.0156,3207,0.9504,0.02,2026
Bobi Klintman,101,3,0,2,0,0,0,1,0,0,0,0.0,0.0,0.3333,0.0,0.0,0.0,150,0.6733,0.02,2026
Bogdan Bogdanovic,786,5,0,1,0,0,0,3,1,0,0,0.0,0.0,0.6,0.2,0.0,0.0,886,0.8871,0.0056,2026
Bogdan BogdanoviĂâĄ,786,5,0,1,0,0,0,3,1,0,0,0.0,0.0,0.6,0.2,0.0,0.0,886,0.8871,0.0056,2026
Bones Hyland,2754,8,3,3,0,0,6,4,1,0,0,1.0,0.75,0.5,0.125,0.0,0.0,2447,1.1255,0.0033,2026
Bradley Beal,177,1,0,1,0,0,0,0,0,0,0,0.0,0.0,0.0,0.0,0.0,0.0,243,0.7284,0.0041,2026
Branden Carlson,727,28,10,17,2,2,22,9,4,1,1,0.5882,0.7857,0.3214,0.1429,0.0357,0.0357,1000,0.727,0.028,2026
Brandin Podziemski,4846,65,16,24,3,4,37,33,6,5,2,0.6667,0.5692,0.5077,0.0923,0.0769,0.0308,4721,1.0265,0.0138,2026
Brandon Clarke,27,4,1,2,0,0,2,2,0,0,0,0.5,0.5,0.5,0.0,0.0,0.0,47,0.5745,0.0851,2026
Brandon Ingram,4241,78,18,44,8,10,44,21,2,5,5,0.4091,0.5641,0.2692,0.0256,0.0641,0.0641,5290,0.8017,0.0147,2026
Brandon Miller,3828,83,20,39,6,6,48,39,6,2,3,0.5128,0.5783,0.4699,0.0723,0.0241,0.0361,3983,0.9611,0.0208,2026
Brandon Williams,3167,19,4,8,4,4,12,6,1,2,2,0.5,0.6316,0.3158,0.0526,0.1053,0.1053,3127,1.0128,0.0061,2026
Brice Sensabaugh,2744,45,14,22,4,6,32,10,2,3,3,0.6364,0.7111,0.2222,0.0444,0.0667,0.0667,3708,0.74,0.0121,2026
Bronny James,747,1,0,0,0,0,0,1,1,0,0,0.0,0.0,1.0,1.0,0.0,0.0,745,1.0027,0.0013,2026
Brook Lopez,1889,71,12,27,7,10,31,34,9,3,5,0.4444,0.4366,0.4789,0.1268,0.0423,0.0704,3187,0.5927,0.0223,2026
Brooks Barnhizer,397,9,1,2,2,2,4,5,1,1,1,0.5,0.4444,0.5556,0.1111,0.1111,0.1111,705,0.5631,0.0128,2026
Bruce Brown,3034,65,18,36,8,10,47,20,6,3,6,0.5,0.7231,0.3077,0.0923,0.0462,0.0923,4060,0.7473,0.016,2026
Bryce McGowens,1147,7,2,3,1,2,5,3,0,0,1,0.6667,0.7143,0.4286,0.0,0.0,0.1429,1855,0.6183,0.0038,2026
Bub Carrington,4855,17,3,4,0,0,6,13,6,0,0,0.75,0.3529,0.7647,0.3529,0.0,0.0,4822,1.0068,0.0035,2026
Buddy Boeheim,12,0,0,0,0,0,0,0,0,0,0,0.0,0.0,0.0,0.0,0.0,0.0,30,0.4,0.0,2026
Buddy Hield,1514,26,12,14,2,4,26,10,2,0,2,0.8571,1.0,0.3846,0.0769,0.0,0.0769,1723,0.8787,0.0151,2026
Cade Cunningham,5583,61,19,27,6,8,45,24,6,5,4,0.7037,0.7377,0.3934,0.0984,0.082,0.0656,4396,1.27,0.0139,2026
Caleb Houstan,94,2,1,2,0,0,2,0,0,0,0,0.5,1.0,0.0,0.0,0.0,0.0,155,0.6065,0.0129,2026
Caleb Love,1849,11,5,6,0,0,10,5,0,0,0,0.8333,0.9091,0.4545,0.0,0.0,0.0,2124,0.8705,0.0052,2026
Caleb Martin,1027,16,1,4,0,1,3,10,1,1,1,0.25,0.1875,0.625,0.0625,0.0625,0.0625,1780,0.577,0.009,2026
Cam Christie,711,6,1,1,2,2,4,3,0,0,1,1.0,0.6667,0.5,0.0,0.0,0.1667,945,0.7524,0.0063,2026
Cam Spencer,3809,26,5,8,0,0,10,18,3,0,0,0.625,0.3846,0.6923,0.1154,0.0,0.0,3556,1.0711,0.0073,2026
Cam Thomas,1721,12,3,6,0,0,7,4,1,1,0,0.5,0.5833,0.3333,0.0833,0.0833,0.0,1735,0.9919,0.0069,2026
Cam Whitmore,432,8,4,8,0,0,10,0,0,0,0,0.5,1.25,0.0,0.0,0.0,0.0,758,0.5699,0.0106,2026
Cameron Johnson,2013,32,12,17,1,2,26,12,1,0,1,0.7059,0.8125,0.375,0.0312,0.0,0.0312,3414,0.5896,0.0094,2026
Cameron Payne,887,1,0,0,0,0,0,1,0,0,0,0.0,0.0,1.0,0.0,0.0,0.0,794,1.1171,0.0013,2026
Caris LeVert,2080,20,5,8,2,2,12,7,2,3,1,0.625,0.6,0.35,0.1,0.15,0.05,2367,0.8787,0.0084,2026
Carter Bryant,1001,26,3,8,0,2,6,15,4,1,1,0.375,0.2308,0.5769,0.1538,0.0385,0.0385,1663,0.6019,0.0156,2026
Cason Wallace,2829,41,9,11,2,4,20,25,6,2,1,0.8182,0.4878,0.6098,0.1463,0.0488,0.0244,4244,0.6666,0.0097,2026
Cedric Coward,3400,34,10,15,8,10,29,13,2,0,5,0.6667,0.8529,0.3824,0.0588,0.0,0.1471,3377,1.0068,0.0101,2026
Chaney Johnson,505,30,4,8,10,10,18,12,3,4,3,0.5,0.6,0.4,0.1,0.1333,0.1,713,0.7083,0.0421,2026
Charles Bassey,248,13,3,7,1,2,7,3,0,1,1,0.4286,0.5385,0.2308,0.0,0.0769,0.0769,310,0.8,0.0419,2026
Chaz Lanier,251,3,1,1,0,0,2,2,0,0,0,1.0,0.6667,0.6667,0.0,0.0,0.0,537,0.4674,0.0056,2026
Chet Holmgren,3116,119,33,57,10,14,78,39,10,12,6,0.5789,0.6555,0.3277,0.084,0.1008,0.0504,4117,0.7569,0.0289,2026
Chris Boucher,113,2,1,1,0,0,2,1,0,0,0,1.0,1.0,0.5,0.0,0.0,0.0,182,0.6209,0.011,2026
Chris Livingston,21,0,0,0,0,0,0,0,0,0,0,0.0,0.0,0.0,0.0,0.0,0.0,36,0.5833,0.0,2026
Chris MaĂÂ±on,57,2,0,0,0,0,0,2,0,0,0,0.0,0.0,1.0,0.0,0.0,0.0,90,0.6333,0.0222,2026
Chris Paul,510,6,0,0,0,0,0,6,1,0,0,0.0,0.0,1.0,0.1667,0.0,0.0,453,1.1258,0.0132,2026
Chris Youngblood,183,1,1,1,0,0,3,0,0,0,0,1.0,3.0,0.0,0.0,0.0,0.0,375,0.488,0.0027,2026
Christian Braun,2088,79,22,35,13,14,58,27,5,6,5,0.6286,0.7342,0.3418,0.0633,0.0759,0.0633,2908,0.718,0.0272,2026
Christian Koloko,412,23,1,6,3,6,5,12,1,2,3,0.1667,0.2174,0.5217,0.0435,0.087,0.1304,752,0.5479,0.0306,2026
Chucky Hepburn,31,0,0,0,0,0,0,0,0,0,0,0.0,0.0,0.0,0.0,0.0,0.0,25,1.24,0.0,2026
CJ Huntley,34,0,0,0,0,0,0,0,0,0,0,0.0,0.0,0.0,0.0,0.0,0.0,84,0.4048,0.0,2026
CJ McCollum,4372,44,11,16,5,7,31,22,7,1,3,0.6875,0.7045,0.5,0.1591,0.0227,0.0682,4777,0.9152,0.0092,2026
Clint Capela,1182,92,14,25,10,18,38,53,13,3,8,0.56,0.413,0.5761,0.1413,0.0326,0.087,1842,0.6417,0.0499,2026
Coby White,2620,13,2,4,2,2,7,6,1,1,2,0.5,0.5385,0.4615,0.0769,0.0769,0.1538,2582,1.0147,0.005,2026
Cody Martin,73,1,0,0,0,0,0,1,0,0,0,0.0,0.0,1.0,0.0,0.0,0.0,114,0.6404,0.0088,2026
Cody Williams,2195,61,20,34,5,8,45,20,1,3,4,0.5882,0.7377,0.3279,0.0164,0.0492,0.0656,3457,0.6349,0.0176,2026
Colby Jones,11,0,0,0,0,0,0,0,0,0,0,0.0,0.0,0.0,0.0,0.0,0.0,14,0.7857,0.0,2026
Cole Anthony,1253,2,0,0,0,0,0,1,0,1,0,0.0,0.0,0.5,0.0,0.5,0.0,1051,1.1922,0.0019,2026
Colin Castleton,30,1,0,1,0,0,0,0,0,0,0,0.0,0.0,0.0,0.0,0.0,0.0,42,0.7143,0.0238,2026
Collin Gillespie,4813,40,4,5,1,2,11,32,10,1,1,0.8,0.275,0.8,0.25,0.025,0.025,4624,1.0409,0.0087,2026
Collin Murray-Boyles,1905,133,29,43,6,12,68,70,15,7,7,0.6744,0.5113,0.5263,0.1128,0.0526,0.0526,2508,0.7596,0.053,2026
Collin Sexton,3260,40,8,19,9,12,24,10,1,2,5,0.4211,0.6,0.25,0.025,0.05,0.125,3384,0.9634,0.0118,2026
Cooper Flagg,4511,70,25,36,14,14,66,23,3,3,7,0.6944,0.9429,0.3286,0.0429,0.0429,0.1,4674,0.9651,0.015,2026
Corey Kispert,1457,19,6,12,4,4,16,5,1,0,2,0.5,0.8421,0.2632,0.0526,0.0,0.1053,2287,0.6371,0.0083,2026
Cormac Ryan,394,4,1,3,2,2,4,0,0,0,1,0.3333,1.0,0.0,0.0,0.0,0.25,536,0.7351,0.0075,2026
Craig Porter Jr.,2221,45,9,14,2,2,20,26,9,2,1,0.6429,0.4444,0.5778,0.2,0.0444,0.0222,2343,0.9479,0.0192,2026
Curtis Jones,132,1,1,1,0,0,2,0,0,0,0,1.0,2.0,0.0,0.0,0.0,0.0,178,0.7416,0.0056,2026
D'Angelo Russell,1209,2,0,1,0,0,0,1,0,0,0,0.0,0.0,0.5,0.0,0.0,0.0,1051,1.1503,0.0019,2026
Daeqwon Plowden,1111,21,9,11,8,8,26,5,0,0,4,0.8182,1.2381,0.2381,0.0,0.0,0.1905,1736,0.64,0.0121,2026
Dalano Banton,130,0,0,0,0,0,0,0,0,0,0,0.0,0.0,0.0,0.0,0.0,0.0,128,1.0156,0.0,2026
Dalen Terry,939,9,3,3,0,0,7,6,2,0,0,1.0,0.7778,0.6667,0.2222,0.0,0.0,1167,0.8046,0.0077,2026
Dalton Knecht,703,13,4,5,0,0,8,6,1,2,0,0.8,0.6154,0.4615,0.0769,0.1538,0.0,1116,0.6299,0.0116,2026
Daniel Gafford,1469,96,30,47,10,14,72,34,7,4,7,0.6383,0.75,0.3542,0.0729,0.0417,0.0729,2339,0.628,0.041,2026
Daniss Jenkins,3199,23,5,9,4,4,14,11,5,1,2,0.5556,0.6087,0.4783,0.2174,0.0435,0.087,2972,1.0764,0.0077,2026
Danny Wolf,2023,38,6,13,8,10,20,16,5,3,5,0.4615,0.5263,0.4211,0.1316,0.0789,0.1316,2367,0.8547,0.0161,2026
DaQuan Jeffries,52,1,0,0,0,0,0,1,0,0,0,0.0,0.0,1.0,0.0,0.0,0.0,116,0.4483,0.0086,2026
Dario Saric,40,0,0,0,0,0,0,0,0,0,0,0.0,0.0,0.0,0.0,0.0,0.0,82,0.4878,0.0,2026
Dario ĂÂ ariĂâĄ,40,0,0,0,0,0,0,0,0,0,0,0.0,0.0,0.0,0.0,0.0,0.0,82,0.4878,0.0,2026
Dariq Whitehead,278,3,0,2,0,0,0,1,1,0,0,0.0,0.0,0.3333,0.3333,0.0,0.0,399,0.6967,0.0075,2026
Darius Brown,5,0,0,0,0,0,0,0,0,0,0,0.0,0.0,0.0,0.0,0.0,0.0,4,1.25,0.0,2026
Darius Garland,2809,8,3,4,0,0,6,3,2,1,0,0.75,0.75,0.375,0.25,0.125,0.0,2647,1.0612,0.003,2026
DaRon Holmes II,273,16,0,1,0,0,0,15,3,0,0,0.0,0.0,0.9375,0.1875,0.0,0.0,408,0.6691,0.0392,2026
David Jones Garcia,132,1,0,0,0,0,0,1,0,0,0,0.0,0.0,1.0,0.0,0.0,0.0,150,0.88,0.0067,2026
David Roddy,116,3,1,3,0,0,2,0,0,0,0,0.3333,0.6667,0.0,0.0,0.0,0.0,155,0.7484,0.0194,2026
Davion Mitchell,4421,13,2,3,0,0,4,9,3,0,0,0.6667,0.3077,0.6923,0.2308,0.0,0.0,4131,1.0702,0.0031,2026
Day'Ron Sharpe,2177,177,31,47,4,14,70,108,21,7,7,0.6596,0.3955,0.6102,0.1186,0.0395,0.0395,2330,0.9343,0.076,2026
De'Aaron Fox,4726,42,15,21,0,0,31,19,5,2,0,0.7143,0.7381,0.4524,0.119,0.0476,0.0,4691,1.0075,0.009,2026
De'Andre Hunter,1798,35,12,17,7,10,31,9,1,3,5,0.7059,0.8857,0.2571,0.0286,0.0857,0.1429,2432,0.7393,0.0144,2026
De'Anthony Melton,2437,44,5,10,0,0,10,29,6,3,0,0.5,0.2273,0.6591,0.1364,0.0682,0.0,2261,1.0778,0.0195,2026
Dean Wade,1681,37,10,14,7,8,27,16,2,1,4,0.7143,0.7297,0.4324,0.0541,0.027,0.1081,2708,0.6208,0.0137,2026
Deandre Ayton,2671,274,75,144,15,30,166,96,16,11,15,0.5208,0.6058,0.3504,0.0584,0.0401,0.0547,3996,0.6684,0.0686,2026
DeAndre Jordan,241,14,3,3,1,2,8,8,2,2,0,1.0,0.5714,0.5714,0.1429,0.1429,0.0,411,0.5864,0.0341,2026
DeJon Jarreau,522,11,3,4,0,0,6,6,1,0,0,0.75,0.5455,0.5455,0.0909,0.0,0.0,483,1.0807,0.0228,2026
Dejounte Murray,932,1,1,1,0,0,2,0,0,0,0,1.0,2.0,0.0,0.0,0.0,0.0,809,1.152,0.0012,2026
DeMar DeRozan,3327,107,22,45,14,16,59,50,8,2,8,0.4889,0.5514,0.4673,0.0748,0.0187,0.0748,4975,0.6687,0.0215,2026
Deni Avdija,5536,75,17,30,10,12,48,32,5,4,6,0.5667,0.64,0.4267,0.0667,0.0533,0.08,4621,1.198,0.0162,2026
Dennis Schroder,3961,10,2,3,0,0,4,7,2,0,0,0.6667,0.4,0.7,0.2,0.0,0.0,3464,1.1435,0.0029,2026
Dennis SchrĂÂ¶der,3961,10,2,3,0,0,4,7,2,0,0,0.6667,0.4,0.7,0.2,0.0,0.0,3464,1.1435,0.0029,2026
Dereck Lively II,170,14,1,4,0,2,2,8,4,1,1,0.25,0.1429,0.5714,0.2857,0.0714,0.0714,247,0.6883,0.0567,2026
Derik Queen,4036,112,30,50,13,16,76,43,7,8,8,0.6,0.6786,0.3839,0.0625,0.0714,0.0714,4268,0.9456,0.0262,2026
Derrick Jones Jr.,1633,34,13,19,6,6,34,11,4,0,3,0.6842,1.0,0.3235,0.1176,0.0,0.0882,2663,0.6132,0.0128,2026
Derrick White,5991,18,5,6,2,2,12,10,3,1,1,0.8333,0.6667,0.5556,0.1667,0.0556,0.0556,5176,1.1575,0.0035,2026
Desmond Bane,4869,40,16,26,0,0,34,10,0,3,0,0.6154,0.85,0.25,0.0,0.075,0.0,5740,0.8483,0.007,2026
Devin Booker,4112,47,15,25,0,0,32,19,5,2,0,0.6,0.6809,0.4043,0.1064,0.0426,0.0,4452,0.9236,0.0106,2026
Devin Carter,1469,10,3,4,0,0,6,4,2,0,0,0.75,0.6,0.4,0.2,0.0,0.0,1435,1.0237,0.007,2026
Devin Vassell,2830,33,5,8,4,6,15,21,8,1,3,0.625,0.4545,0.6364,0.2424,0.0303,0.0909,4249,0.666,0.0078,2026
Dillon Brooks,2371,18,7,10,0,0,15,4,0,2,1,0.7,0.8333,0.2222,0.0,0.1111,0.0556,3500,0.6774,0.0051,2026
Dillon Jones,61,0,0,0,0,0,0,0,0,0,0,0.0,0.0,0.0,0.0,0.0,0.0,81,0.7531,0.0,2026
Domantas Sabonis,1212,137,42,61,14,18,99,54,7,9,9,0.6885,0.7226,0.3942,0.0511,0.0657,0.0657,1182,1.0254,0.1159,2026
Dominick Barlow,1961,57,12,22,8,12,32,28,5,1,6,0.5455,0.5614,0.4912,0.0877,0.0175,0.1053,3493,0.5614,0.0163,2026
Donovan Clingan,3230,126,22,41,18,30,66,60,20,7,14,0.5366,0.5238,0.4762,0.1587,0.0556,0.1111,4351,0.7424,0.029,2026
Donovan Mitchell,4842,29,12,14,1,2,25,12,3,0,1,0.8571,0.8621,0.4138,0.1034,0.0,0.0345,4827,1.0031,0.006,2026
Donte DiVincenzo,4422,18,3,3,0,0,6,14,1,1,0,1.0,0.3333,0.7778,0.0556,0.0556,0.0,5136,0.861,0.0035,2026
Dorian Finney-Smith,741,10,0,1,0,0,0,9,1,0,0,0.0,0.0,0.9,0.1,0.0,0.0,1244,0.5957,0.008,2026
Doug McDermott,570,5,2,3,0,0,4,2,0,0,0,0.6667,0.8,0.4,0.0,0.0,0.0,906,0.6291,0.0055,2026
Drake Powell,1847,20,5,7,0,0,10,13,1,0,0,0.7143,0.5,0.65,0.05,0.0,0.0,2637,0.7004,0.0076,2026
Draymond Green,4591,133,9,22,6,12,24,91,19,10,6,0.4091,0.1805,0.6842,0.1429,0.0752,0.0451,3766,1.2191,0.0353,2026
Drew Eubanks,666,80,21,43,3,6,47,26,0,8,3,0.4884,0.5875,0.325,0.0,0.1,0.0375,1140,0.5842,0.0702,2026
Drew Peterson,78,2,0,0,0,0,0,2,0,0,0,0.0,0.0,1.0,0.0,0.0,0.0,128,0.6094,0.0156,2026
Drew Timme,374,16,3,6,0,0,6,9,2,1,0,0.5,0.375,0.5625,0.125,0.0625,0.0,458,0.8166,0.0349,2026
Dru Smith,2247,31,9,14,0,0,19,16,2,0,0,0.6429,0.6129,0.5161,0.0645,0.0,0.0,2386,0.9417,0.013,2026
Duncan Robinson,2455,10,5,7,1,2,11,2,1,0,1,0.7143,1.1,0.2,0.1,0.0,0.1,4316,0.5688,0.0023,2026
Duop Reath,305,9,3,5,0,0,6,4,1,0,0,0.6,0.6667,0.4444,0.1111,0.0,0.0,545,0.5596,0.0165,2026
Dwight Powell,1108,87,15,23,17,26,50,49,7,1,13,0.6522,0.5747,0.5632,0.0805,0.0115,0.1494,1911,0.5798,0.0455,2026
Dylan Cardwell,1057,89,11,27,0,4,24,52,15,3,3,0.4074,0.2697,0.5843,0.1685,0.0337,0.0337,1850,0.5714,0.0481,2026
Dylan Harper,3274,43,10,19,3,4,24,20,2,1,2,0.5263,0.5581,0.4651,0.0465,0.0233,0.0465,3211,1.0196,0.0134,2026
Dyson Daniels,4909,150,48,69,1,2,98,65,14,9,1,0.6957,0.6533,0.4333,0.0933,0.06,0.0067,5304,0.9255,0.0283,2026
E.J. Liddell,493,20,4,6,1,2,10,12,2,0,0,0.6667,0.5,0.6,0.1,0.0,0.0,706,0.6983,0.0283,2026
Egor DĂÂ«min,2810,20,6,8,0,0,13,11,2,0,0,0.75,0.65,0.55,0.1,0.0,0.0,2650,1.0604,0.0075,2026
Elijah Harkless,914,5,1,2,0,0,2,3,0,0,0,0.5,0.4,0.6,0.0,0.0,0.0,1159,0.7886,0.0043,2026
Emanuel Miller,44,1,1,1,0,0,2,0,0,0,0,1.0,2.0,0.0,0.0,0.0,0.0,69,0.6377,0.0145,2026
Enrique Freeman,42,1,0,1,0,0,0,0,0,0,0,0.0,0.0,0.0,0.0,0.0,0.0,85,0.4941,0.0118,2026
Eric Gordon,103,0,0,0,0,0,0,0,0,0,0,0.0,0.0,0.0,0.0,0.0,0.0,150,0.6867,0.0,2026
Ethan Thompson,976,10,3,5,2,4,8,2,0,1,1,0.6,0.8,0.2,0.0,0.1,0.1,1352,0.7219,0.0074,2026
Evan Mobley,4140,222,48,82,27,44,125,94,25,13,22,0.5854,0.5631,0.4234,0.1126,0.0586,0.0991,4199,0.9859,0.0529,2026
Franz Wagner,1838,60,11,31,6,8,28,22,5,0,3,0.3548,0.4667,0.3667,0.0833,0.0,0.05,2169,0.8474,0.0277,2026
Gabe Vincent,1204,7,1,1,2,2,4,5,2,0,1,1.0,0.5714,0.7143,0.2857,0.0,0.1429,1822,0.6608,0.0038,2026
Garrett Temple,149,0,0,0,0,0,0,0,0,0,0,0.0,0.0,0.0,0.0,0.0,0.0,146,1.0205,0.0,2026
Garrison Mathews,255,3,1,1,2,2,4,0,0,1,1,1.0,1.3333,0.0,0.0,0.3333,0.3333,413,0.6174,0.0073,2026
Gary Harris,700,4,0,1,0,0,0,2,1,1,0,0.0,0.0,0.5,0.25,0.25,0.0,1280,0.5469,0.0031,2026
Gary Payton II,2064,76,26,32,2,6,56,37,10,1,3,0.8125,0.7368,0.4868,0.1316,0.0132,0.0395,2278,0.9061,0.0334,2026
Gary Trent Jr.,1291,3,1,3,0,0,2,0,0,0,0,0.3333,0.6667,0.0,0.0,0.0,0.0,2721,0.4745,0.0011,2026
GG Jackson,2107,19,9,10,0,0,18,8,1,1,0,0.9,0.9474,0.4211,0.0526,0.0526,0.0,2457,0.8575,0.0077,2026
Giannis Antetokounmpo,2553,168,40,67,19,26,98,75,20,8,12,0.597,0.5833,0.4464,0.119,0.0476,0.0714,2123,1.2025,0.0791,2026
Goga Bitadze,1402,69,13,19,6,12,34,42,2,2,4,0.6842,0.4928,0.6087,0.029,0.029,0.058,2006,0.6989,0.0344,2026
Gradey Dick,1228,27,12,17,4,4,28,5,0,1,2,0.7059,1.037,0.1852,0.0,0.037,0.0741,2231,0.5504,0.0121,2026
Grant Nelson,59,15,0,3,1,2,1,9,3,1,1,0.0,0.0667,0.6,0.2,0.0667,0.0667,69,0.8551,0.2174,2026
Grant Williams,977,14,3,3,0,0,6,7,2,2,0,1.0,0.4286,0.5,0.1429,0.1429,0.0,1441,0.678,0.0097,2026
Grayson Allen,2751,22,4,5,2,4,11,14,3,1,2,0.8,0.5,0.6364,0.1364,0.0455,0.0909,2973,0.9253,0.0074,2026
Guerschon Yabusele,1415,44,9,18,0,2,19,23,2,1,1,0.5,0.4318,0.5227,0.0455,0.0227,0.0227,2110,0.6706,0.0209,2026
Gui Santos,2554,53,10,16,5,6,25,31,11,1,3,0.625,0.4717,0.5849,0.2075,0.0189,0.0566,2764,0.924,0.0192,2026
Harrison Barnes,2427,48,6,13,3,4,16,27,3,4,2,0.4615,0.3333,0.5625,0.0625,0.0833,0.0417,4119,0.5892,0.0117,2026
Harrison Ingram,33,1,1,1,0,0,2,0,0,0,0,1.0,2.0,0.0,0.0,0.0,0.0,55,0.6,0.0182,2026
Hayden Gray,26,0,0,0,0,0,0,0,0,0,0,0.0,0.0,0.0,0.0,0.0,0.0,52,0.5,0.0,2026
Haywood Highsmith,101,1,0,0,0,0,0,1,0,0,0,0.0,0.0,1.0,0.0,0.0,0.0,175,0.5771,0.0057,2026
Herbert Jones,2499,23,3,10,2,2,9,10,3,2,1,0.3,0.3913,0.4348,0.1304,0.087,0.0435,3285,0.7607,0.007,2026
Hugo GonzĂÂĄlez,1274,18,7,8,0,0,14,10,2,0,0,0.875,0.7778,0.5556,0.1111,0.0,0.0,2123,0.6001,0.0085,2026
Hunter Dickinson,60,3,0,1,0,0,0,2,1,0,0,0.0,0.0,0.6667,0.3333,0.0,0.0,96,0.625,0.0312,2026
Hunter Sallis,62,0,0,0,0,0,0,0,0,0,0,0.0,0.0,0.0,0.0,0.0,0.0,55,1.1273,0.0,2026
Hunter Tyson,212,2,0,1,0,0,0,1,1,0,0,0.0,0.0,0.5,0.5,0.0,0.0,318,0.6667,0.0063,2026
Immanuel Quickley,5043,40,11,18,4,4,27,19,8,1,2,0.6111,0.675,0.475,0.2,0.025,0.05,4545,1.1096,0.0088,2026
Isaac Jones,27,1,0,0,2,2,2,0,0,0,1,0.0,2.0,0.0,0.0,0.0,1.0,69,0.3913,0.0145,2026
Isaac Okoro,1851,39,9,18,4,4,22,16,3,1,2,0.5,0.5641,0.4103,0.0769,0.0256,0.0513,3568,0.5188,0.0109,2026
Isaiah Collier,3981,16,7,8,0,0,14,8,3,0,0,0.875,0.875,0.5,0.1875,0.0,0.0,3183,1.2507,0.005,2026
Isaiah Crawford,83,0,0,0,0,0,0,0,0,0,0,0.0,0.0,0.0,0.0,0.0,0.0,181,0.4586,0.0,2026
Isaiah Hartenstein,2149,154,33,59,12,22,82,73,18,5,12,0.5593,0.5325,0.474,0.1169,0.0325,0.0779,2336,0.9199,0.0659,2026
Isaiah Jackson,1156,75,17,27,2,2,38,39,7,6,1,0.6296,0.5067,0.52,0.0933,0.08,0.0133,1845,0.6266,0.0407,2026
Isaiah Joe,1968,20,4,6,2,2,10,11,3,2,1,0.6667,0.5,0.55,0.15,0.1,0.05,3108,0.6332,0.0064,2026
Isaiah Livers,379,6,1,1,0,0,2,5,2,0,0,1.0,0.3333,0.8333,0.3333,0.0,0.0,713,0.5316,0.0084,2026
Isaiah Stevens,94,2,1,1,0,0,2,0,0,1,0,1.0,1.0,0.0,0.0,0.5,0.0,84,1.119,0.0238,2026
Isaiah Stewart,1458,124,27,48,8,12,62,63,15,5,5,0.5625,0.5,0.5081,0.121,0.0403,0.0403,2627,0.555,0.0472,2026
Ivica Zubac,2304,227,57,99,4,8,123,103,11,14,4,0.5758,0.5419,0.4537,0.0485,0.0617,0.0176,2898,0.795,0.0783,2026
Ja Morant,1431,6,2,2,0,0,4,3,1,1,0,1.0,0.6667,0.5,0.1667,0.1667,0.0,1228,1.1653,0.0049,2026
Ja'Kobe Walter,1784,27,9,10,7,8,26,12,4,1,4,0.9,0.963,0.4444,0.1481,0.037,0.1481,3001,0.5945,0.009,2026
Jabari Smith Jr.,3999,93,25,48,9,12,61,29,5,7,6,0.5208,0.6559,0.3118,0.0538,0.0753,0.0645,5377,0.7437,0.0173,2026
Jabari Walker,906,25,4,9,6,6,14,12,2,0,3,0.4444,0.56,0.48,0.08,0.0,0.12,1580,0.5734,0.0158,2026
Jacob Toppin,35,1,0,0,0,0,0,1,0,0,0,0.0,0.0,1.0,0.0,0.0,0.0,32,1.0938,0.0312,2026
Jaden Hardy,1313,4,2,3,0,0,4,0,0,1,0,0.6667,1.0,0.0,0.0,0.25,0.0,1887,0.6958,0.0021,2026
Jaden Ivey,1097,11,4,5,0,0,9,5,0,0,0,0.8,0.8182,0.4545,0.0,0.0,0.0,1355,0.8096,0.0081,2026
Jaden McDaniels,3369,34,17,21,0,0,34,11,4,1,0,0.8095,1.0,0.3235,0.1176,0.0294,0.0,4753,0.7088,0.0072,2026
Jae'Sean Tate,524,12,7,8,0,0,15,2,0,0,0,0.875,1.25,0.1667,0.0,0.0,0.0,783,0.6692,0.0153,2026
Jahmai Mashack,1112,23,7,16,2,4,16,3,1,1,2,0.4375,0.6957,0.1304,0.0435,0.0435,0.087,1424,0.7809,0.0162,2026
Jahmir Young,132,2,0,2,0,0,0,0,0,0,0,0.0,0.0,0.0,0.0,0.0,0.0,128,1.0312,0.0156,2026
Jahmyl Telfort,30,0,0,0,0,0,0,0,0,0,0,0.0,0.0,0.0,0.0,0.0,0.0,64,0.4688,0.0,2026
Jaime Jaquez Jr.,4900,59,22,30,4,4,50,24,9,3,2,0.7333,0.8475,0.4068,0.1525,0.0508,0.0339,4524,1.0831,0.013,2026
Jake LaRavia,3034,46,20,28,3,6,45,12,1,1,3,0.7143,0.9783,0.2609,0.0217,0.0217,0.0652,4217,0.7195,0.0109,2026
Jakob Poeltl,1702,165,56,83,9,14,124,59,13,12,7,0.6747,0.7515,0.3576,0.0788,0.0727,0.0424,2348,0.7249,0.0703,2026
Jalen Brunson,6755,29,8,10,0,0,16,15,6,3,0,0.8,0.5517,0.5172,0.2069,0.1034,0.0,5243,1.2884,0.0055,2026
Jalen Duren,3470,284,79,130,37,50,202,101,16,14,24,0.6077,0.7113,0.3556,0.0563,0.0493,0.0845,4075,0.8515,0.0697,2026
Jalen Green,1532,9,6,7,0,0,12,2,0,0,0,0.8571,1.3333,0.2222,0.0,0.0,0.0,1691,0.906,0.0053,2026
Jalen Johnson,6423,159,57,84,15,18,132,56,25,6,9,0.6786,0.8302,0.3522,0.1572,0.0377,0.0566,5390,1.1917,0.0295,2026
Jalen Pickett,1457,16,3,6,0,0,6,10,0,0,0,0.5,0.375,0.625,0.0,0.0,0.0,1615,0.9022,0.0099,2026
Jalen Slawson,568,9,4,5,0,2,8,2,0,1,1,0.8,0.8889,0.2222,0.0,0.1111,0.1111,641,0.8861,0.014,2026
Jalen Smith,1827,83,18,31,10,14,47,35,5,6,7,0.5806,0.5663,0.4217,0.0602,0.0723,0.0843,2305,0.7926,0.036,2026
Jalen Suggs,3700,10,1,3,0,0,2,6,1,1,0,0.3333,0.2,0.6,0.1,0.1,0.0,3360,1.1012,0.003,2026
Jalen Williams,1807,25,8,9,2,2,18,14,5,0,1,0.8889,0.72,0.56,0.2,0.0,0.04,1957,0.9234,0.0128,2026
Jalen Wilson,1220,8,2,3,0,0,4,4,0,0,0,0.6667,0.5,0.5,0.0,0.0,0.0,1714,0.7118,0.0047,2026
Jamal Cain,571,11,1,4,2,2,4,5,1,0,1,0.25,0.3636,0.4545,0.0909,0.0,0.0909,993,0.575,0.0111,2026
Jamal Murray,5720,80,22,31,20,21,66,34,11,3,9,0.7097,0.825,0.425,0.1375,0.0375,0.1125,5446,1.0503,0.0147,2026
Jamal Shead,4029,28,3,11,0,0,6,15,3,0,0,0.2727,0.2143,0.5357,0.1071,0.0,0.0,3781,1.0656,0.0074,2026
Jamaree Bouyea,1282,6,2,2,0,0,4,2,0,1,0,1.0,0.6667,0.3333,0.0,0.1667,0.0,1266,1.0126,0.0047,2026
James Harden,5366,26,4,7,6,6,14,14,2,1,1,0.5714,0.5385,0.5385,0.0769,0.0385,0.0385,4929,1.0887,0.0053,2026
James Wiseman,61,1,0,0,1,2,1,0,0,0,1,0.0,1.0,0.0,0.0,0.0,1.0,124,0.4919,0.0081,2026
Jamir Watkins,1297,32,7,11,3,8,17,16,2,0,4,0.6364,0.5312,0.5,0.0625,0.0,0.125,2163,0.5996,0.0148,2026
Jamison Battle,575,11,4,6,0,0,8,5,1,0,0,0.6667,0.7273,0.4545,0.0909,0.0,0.0,1062,0.5414,0.0104,2026
Jarace Walker,3215,58,13,23,7,10,34,25,4,2,5,0.5652,0.5862,0.431,0.069,0.0345,0.0862,4139,0.7768,0.014,2026
Jared McCain,1930,12,2,5,2,2,6,5,0,1,1,0.4,0.5,0.4167,0.0,0.0833,0.0833,2416,0.7988,0.005,2026
Jaren Jackson Jr.,2340,44,7,21,12,14,27,11,2,0,5,0.3333,0.6136,0.25,0.0455,0.0,0.1136,3050,0.7672,0.0144,2026
Jarred Vanderbilt,1450,32,5,8,3,6,13,17,5,2,3,0.625,0.4062,0.5312,0.1562,0.0625,0.0938,2296,0.6315,0.0139,2026
Jarrett Allen,2091,226,70,129,30,42,171,57,9,12,21,0.5426,0.7566,0.2522,0.0398,0.0531,0.0929,3116,0.6711,0.0725,2026
Jase Richardson,919,8,3,4,0,0,6,3,0,1,0,0.75,0.75,0.375,0.0,0.125,0.0,1201,0.7652,0.0067,2026
Javon Small,1615,15,3,7,2,2,9,7,4,0,0,0.4286,0.6,0.4667,0.2667,0.0,0.0,1754,0.9208,0.0086,2026
Javonte Cooke,175,2,0,1,0,0,0,0,0,1,0,0.0,0.0,0.0,0.0,0.5,0.0,195,0.8974,0.0103,2026
Javonte Green,1978,47,13,22,7,8,33,15,5,3,4,0.5909,0.7021,0.3191,0.1064,0.0638,0.0851,2983,0.6631,0.0158,2026
Jaxson Hayes,1345,118,31,41,20,34,84,51,6,5,17,0.7561,0.7119,0.4322,0.0508,0.0424,0.1441,2467,0.5452,0.0478,2026
Jay Huff,2386,55,9,19,12,12,31,27,5,2,6,0.4737,0.5636,0.4909,0.0909,0.0364,0.1091,3595,0.6637,0.0153,2026
Jaylen Brown,4859,55,13,25,5,6,31,18,9,3,3,0.52,0.5636,0.3273,0.1636,0.0545,0.0545,4905,0.9906,0.0112,2026
Jaylen Clark,813,10,1,1,0,0,2,9,4,0,0,1.0,0.2,0.9,0.4,0.0,0.0,1821,0.4465,0.0055,2026
Jaylen Wells,2167,30,14,18,3,6,32,6,1,1,3,0.7778,1.0667,0.2,0.0333,0.0333,0.1,3775,0.574,0.0079,2026
Jaylin Williams,2681,54,12,19,6,8,32,25,7,4,4,0.6316,0.5926,0.463,0.1296,0.0741,0.0741,2659,1.0083,0.0203,2026
Jaylon Tyson,2652,106,31,58,7,8,71,34,10,9,4,0.5345,0.6698,0.3208,0.0943,0.0849,0.0377,3638,0.729,0.0291,2026
Jayson Kent,19,1,1,1,0,0,3,0,0,0,0,1.0,3.0,0.0,0.0,0.0,0.0,42,0.4524,0.0238,2026
Jayson Tatum,1220,18,6,8,0,0,12,10,3,0,0,0.75,0.6667,0.5556,0.1667,0.0,0.0,1047,1.1652,0.0172,2026
JD Davison,428,2,0,0,0,0,0,1,0,0,0,0.0,0.0,0.5,0.0,0.0,0.0,427,1.0023,0.0047,2026
Jeenathan Williams,261,10,3,5,2,2,8,2,0,1,1,0.6,0.8,0.2,0.0,0.1,0.1,477,0.5472,0.021,2026
Jeff Green,194,5,1,2,0,0,2,2,0,1,0,0.5,0.4,0.4,0.0,0.2,0.0,345,0.5623,0.0145,2026
Jerami Grant,2637,39,6,12,4,4,16,19,2,4,2,0.5,0.4103,0.4872,0.0513,0.1026,0.0513,3599,0.7327,0.0108,2026
Jeremiah Fears,4615,32,13,19,0,2,27,10,1,2,1,0.6842,0.8438,0.3125,0.0312,0.0625,0.0312,4439,1.0396,0.0072,2026
Jeremiah Robinson-Earl,477,4,1,2,2,2,4,1,0,0,1,0.5,1.0,0.25,0.0,0.0,0.25,756,0.631,0.0053,2026
Jeremy Sochan,685,40,14,19,2,4,31,18,3,1,2,0.7368,0.775,0.45,0.075,0.025,0.05,950,0.7211,0.0421,2026
Jericho Sims,1960,120,15,20,4,4,34,88,9,7,2,0.75,0.2833,0.7333,0.075,0.0583,0.0167,2564,0.7644,0.0468,2026
Jett Howard,755,8,3,4,0,0,6,3,2,1,0,0.75,0.75,0.375,0.25,0.125,0.0,1420,0.5317,0.0056,2026
Jevon Carter,1661,5,0,0,2,2,2,3,1,1,1,0.0,0.4,0.6,0.2,0.2,0.2,1787,0.9295,0.0028,2026
Jimmy Butler,2441,64,12,21,16,16,45,30,11,1,9,0.5714,0.7031,0.4688,0.1719,0.0156,0.1406,2439,1.0008,0.0262,2026
Jimmy Butler III,2441,64,12,21,16,16,45,30,11,1,9,0.5714,0.7031,0.4688,0.1719,0.0156,0.1406,2439,1.0008,0.0262,2026
Joan Beringer,386,18,8,12,0,0,17,5,1,0,0,0.6667,0.9444,0.2778,0.0556,0.0,0.0,667,0.5787,0.027,2026
Jock Landale,2182,110,29,48,7,10,66,53,4,3,5,0.6042,0.6,0.4818,0.0364,0.0273,0.0455,3116,0.7003,0.0353,2026
Joe Ingles,284,1,1,1,0,0,2,0,0,0,0,1.0,2.0,0.0,0.0,0.0,0.0,343,0.828,0.0029,2026
Joel Embiid,2638,124,40,65,31,38,115,30,8,7,19,0.6154,0.9274,0.2419,0.0645,0.0565,0.1532,2481,1.0633,0.05,2026
John Collins,2490,71,32,45,7,8,75,17,6,2,4,0.7111,1.0563,0.2394,0.0845,0.0282,0.0563,3701,0.6728,0.0192,2026
John Konchar,1653,46,13,17,1,2,27,26,3,1,1,0.7647,0.587,0.5652,0.0652,0.0217,0.0217,2388,0.6922,0.0193,2026
John Poulakidas,270,3,0,1,0,0,0,1,1,0,0,0.0,0.0,0.3333,0.3333,0.0,0.0,520,0.5192,0.0058,2026
John Tonje,50,1,0,1,0,0,0,0,0,0,0,0.0,0.0,0.0,0.0,0.0,0.0,87,0.5747,0.0115,2026
Johni Broome,99,8,0,2,0,0,0,5,0,0,0,0.0,0.0,0.625,0.0,0.0,0.0,113,0.8761,0.0708,2026
Johnny Furphy,958,10,1,1,0,0,2,8,1,1,0,1.0,0.2,0.8,0.1,0.1,0.0,1326,0.7225,0.0075,2026
Johnny Juzang,121,2,2,2,0,0,4,0,0,0,0,1.0,2.0,0.0,0.0,0.0,0.0,193,0.6269,0.0104,2026
Jonas Valanciunas,1764,140,33,59,15,18,82,61,16,5,9,0.5593,0.5857,0.4357,0.1143,0.0357,0.0643,1721,1.025,0.0813,2026
Jonas ValanĂÂiĂÂ«nas,1764,140,33,59,15,18,82,61,16,5,9,0.5593,0.5857,0.4357,0.1143,0.0357,0.0643,1721,1.025,0.0813,2026
Jonathan Isaac,613,34,3,7,2,2,9,21,4,1,1,0.4286,0.2647,0.6176,0.1176,0.0294,0.0294,1061,0.5778,0.032,2026
Jonathan Kuminga,1498,39,9,14,5,6,23,17,6,3,3,0.6429,0.5897,0.4359,0.1538,0.0769,0.0769,1729,0.8664,0.0226,2026
Jonathan Mogbo,348,23,6,7,0,0,12,13,2,2,0,0.8571,0.5217,0.5652,0.087,0.087,0.0,512,0.6797,0.0449,2026
Jordan Clarkson,1630,36,11,18,2,2,24,14,5,1,1,0.6111,0.6667,0.3889,0.1389,0.0278,0.0278,2576,0.6328,0.014,2026
Jordan Goodwin,2736,24,2,8,2,2,6,14,5,1,0,0.25,0.25,0.5833,0.2083,0.0417,0.0,3165,0.8645,0.0076,2026
Jordan Hawkins,883,12,1,6,2,2,4,2,1,3,1,0.1667,0.3333,0.1667,0.0833,0.25,0.0833,1459,0.6052,0.0082,2026
Jordan McLaughlin,606,5,0,0,0,0,0,3,1,2,0,0.0,0.0,0.6,0.2,0.4,0.0,579,1.0466,0.0086,2026
Jordan Miller,2006,36,12,17,3,6,27,14,4,0,3,0.7059,0.75,0.3889,0.1111,0.0,0.0833,2603,0.7706,0.0138,2026
Jordan Poole,1745,3,2,2,0,0,4,1,0,0,0,1.0,1.3333,0.3333,0.0,0.0,0.0,1982,0.8804,0.0015,2026
Jordan Walsh,1237,22,3,5,2,2,8,16,3,0,1,0.6,0.3636,0.7273,0.1364,0.0,0.0455,2336,0.5295,0.0094,2026
Jose Alvarado,2906,16,7,8,0,0,14,7,1,1,0,0.875,0.875,0.4375,0.0625,0.0625,0.0,2770,1.0491,0.0058,2026
Josh Giddey,5079,48,8,17,5,6,22,23,2,4,3,0.4706,0.4583,0.4792,0.0417,0.0833,0.0625,3693,1.3753,0.013,2026
Josh Green,795,19,3,3,0,0,6,13,1,2,0,1.0,0.3158,0.6842,0.0526,0.1053,0.0,1794,0.4431,0.0106,2026
Josh Hart,3885,73,14,20,0,0,28,47,5,4,0,0.7,0.3836,0.6438,0.0685,0.0548,0.0,4033,0.9633,0.0181,2026
Josh Minott,935,14,3,3,1,2,7,7,1,2,0,1.0,0.5,0.5,0.0714,0.1429,0.0,1664,0.5619,0.0084,2026
Josh Oduro,81,3,0,2,0,0,0,1,0,0,0,0.0,0.0,0.3333,0.0,0.0,0.0,185,0.4378,0.0162,2026
Josh Okogie,1396,42,1,4,6,8,8,33,3,1,4,0.25,0.1905,0.7857,0.0714,0.0238,0.0952,2641,0.5286,0.0159,2026
Jrue Holiday,3599,64,8,18,6,6,24,38,11,5,3,0.4444,0.375,0.5938,0.1719,0.0781,0.0469,3291,1.0936,0.0194,2026
Julian Champagnie,3080,24,7,9,4,4,19,10,0,2,2,0.7778,0.7917,0.4167,0.0,0.0833,0.0833,4734,0.6506,0.0051,2026
Julian Phillips,384,4,1,2,0,0,2,1,0,1,0,0.5,0.5,0.25,0.0,0.25,0.0,911,0.4215,0.0044,2026
Julian Reese,603,78,16,35,8,12,40,27,3,6,6,0.4571,0.5128,0.3462,0.0385,0.0769,0.0769,841,0.717,0.0927,2026
Julian Strawther,1240,11,3,5,1,2,7,3,0,1,1,0.6,0.6364,0.2727,0.0,0.0909,0.0909,1774,0.699,0.0062,2026
Julius Randle,4731,150,36,58,16,20,95,69,18,7,10,0.6207,0.6333,0.46,0.12,0.0467,0.0667,5381,0.8792,0.0279,2026
Justin Champagnie,2077,40,12,21,3,4,29,14,4,3,2,0.5714,0.725,0.35,0.1,0.075,0.05,2908,0.7142,0.0138,2026
Justin Edwards,1418,11,1,6,1,2,3,4,0,0,1,0.1667,0.2727,0.3636,0.0,0.0,0.0909,2057,0.6894,0.0053,2026
Jusuf Nurkic,2372,123,42,71,7,16,92,36,11,6,8,0.5915,0.748,0.2927,0.0894,0.0488,0.065,2328,1.0189,0.0528,2026
Jusuf NurkiĂâĄ,2372,123,42,71,7,16,92,36,11,6,8,0.5915,0.748,0.2927,0.0894,0.0488,0.065,2328,1.0189,0.0528,2026
Kadary Richmond,85,1,1,1,0,0,2,0,0,0,0,1.0,2.0,0.0,0.0,0.0,0.0,145,0.5862,0.0069,2026
Kam Jones,1243,13,4,4,0,0,8,9,1,0,0,1.0,0.6154,0.6923,0.0769,0.0,0.0,1303,0.954,0.01,2026
Karl-Anthony Towns,3924,151,38,60,24,27,107,58,14,10,15,0.6333,0.7086,0.3841,0.0927,0.0662,0.0993,4711,0.8329,0.0321,2026
Karlo MatkoviĂâĄ,1031,38,6,9,3,4,15,26,5,1,2,0.6667,0.3947,0.6842,0.1316,0.0263,0.0526,1880,0.5484,0.0202,2026
Kasparas JakuĂÂionis,1736,10,0,3,0,0,0,6,3,0,1,0.0,0.0,0.6,0.3,0.0,0.1,2054,0.8452,0.0049,2026
Kawhi Leonard,3657,89,32,51,17,17,87,25,7,3,9,0.6275,0.9775,0.2809,0.0787,0.0337,0.1011,4090,0.8941,0.0218,2026
Keaton Wallace,1247,3,1,1,0,0,2,2,0,0,0,1.0,0.6667,0.6667,0.0,0.0,0.0,1093,1.1409,0.0027,2026
Keegan Murray,1055,23,6,16,2,2,14,5,1,1,1,0.375,0.6087,0.2174,0.0435,0.0435,0.0435,1628,0.648,0.0141,2026
Kel'el Ware,2303,36,9,17,1,2,19,17,1,1,1,0.5294,0.5278,0.4722,0.0278,0.0278,0.0278,3546,0.6495,0.0102,2026
Keldon Johnson,2987,48,15,20,5,6,35,22,4,2,2,0.75,0.7292,0.4583,0.0833,0.0417,0.0417,3980,0.7505,0.0121,2026
Kelly Olynyk,668,29,2,4,2,2,6,20,2,2,0,0.5,0.2069,0.6897,0.069,0.069,0.0,737,0.9064,0.0393,2026
Kelly Oubre Jr.,2288,16,6,7,0,0,12,7,1,1,0,0.8571,0.75,0.4375,0.0625,0.0625,0.0,3237,0.7068,0.0049,2026
Kennedy Chandler,793,8,2,3,0,0,4,2,0,1,0,0.6667,0.5,0.25,0.0,0.125,0.0,791,1.0025,0.0101,2026
Kenrich Williams,1224,26,7,8,3,6,17,13,5,1,3,0.875,0.6538,0.5,0.1923,0.0385,0.1154,1727,0.7087,0.0151,2026
Kentavious Caldwell-Pope,2061,11,2,5,0,0,4,6,2,0,0,0.4,0.3636,0.5455,0.1818,0.0,0.0,2250,0.916,0.0049,2026
Keon Ellis,1741,37,10,17,2,2,23,14,2,4,1,0.5882,0.6216,0.3784,0.0541,0.1081,0.027,3022,0.5761,0.0122,2026
Keshad Johnson,481,12,2,4,1,2,5,5,1,0,1,0.5,0.4167,0.4167,0.0833,0.0,0.0833,618,0.7783,0.0194,2026
Keshon Gilbert,110,3,0,2,0,0,0,1,0,0,0,0.0,0.0,0.3333,0.0,0.0,0.0,151,0.7285,0.0199,2026
Kevin Durant,5017,139,55,81,10,10,125,42,10,8,5,0.679,0.8993,0.3022,0.0719,0.0576,0.036,5727,0.876,0.0243,2026
Kevin Huerter,2590,35,18,24,0,0,36,10,2,0,0,0.75,1.0286,0.2857,0.0571,0.0,0.0,3256,0.7955,0.0107,2026
Kevin Love,1085,11,1,3,1,2,3,7,1,0,1,0.3333,0.2727,0.6364,0.0909,0.0,0.0909,1256,0.8639,0.0088,2026
Kevin McCullar Jr.,257,4,1,1,0,0,2,2,1,1,0,1.0,0.5,0.5,0.25,0.25,0.0,306,0.8399,0.0131,2026
Kevin Porter Jr.,3025,18,3,8,2,2,8,6,2,2,1,0.375,0.4444,0.3333,0.1111,0.1111,0.0556,2559,1.1821,0.007,2026
Kevon Looney,492,25,3,8,0,0,6,16,3,1,0,0.375,0.24,0.64,0.12,0.04,0.0,645,0.7628,0.0388,2026
Keyonte George,4175,28,9,11,11,12,33,6,1,2,5,0.8182,1.1786,0.2143,0.0357,0.0714,0.1786,3711,1.125,0.0075,2026
Khaman Maluach,530,24,7,12,2,2,16,8,0,3,1,0.5833,0.6667,0.3333,0.0,0.125,0.0417,816,0.6495,0.0294,2026
Khris Middleton,1947,25,4,9,2,2,11,12,2,3,1,0.4444,0.44,0.48,0.08,0.12,0.04,2991,0.651,0.0084,2026
Killian Hayes,866,3,1,2,0,0,2,1,1,0,0,0.5,0.6667,0.3333,0.3333,0.0,0.0,839,1.0322,0.0036,2026
KJ Simpson,564,4,1,1,0,0,2,2,0,0,0,1.0,0.5,0.5,0.0,0.0,0.0,527,1.0702,0.0076,2026
Klay Thompson,1632,18,4,9,2,4,11,5,0,2,2,0.4444,0.6111,0.2778,0.0,0.1111,0.1111,3050,0.5351,0.0059,2026
Kobe Brown,1405,15,3,5,2,2,8,7,0,2,1,0.6,0.5333,0.4667,0.0,0.1333,0.0667,1954,0.719,0.0077,2026
Kobe Bufkin,208,2,1,2,0,0,2,0,0,0,0,0.5,1.0,0.0,0.0,0.0,0.0,245,0.849,0.0082,2026
Kobe Sanders,1843,23,4,7,6,6,14,10,4,2,3,0.5714,0.6087,0.4348,0.1739,0.087,0.1304,2740,0.6726,0.0084,2026
Koby Brea,151,1,0,1,0,0,0,0,0,0,0,0.0,0.0,0.0,0.0,0.0,0.0,162,0.9321,0.0062,2026
Kon Knueppel,4146,62,18,31,2,2,40,24,5,4,1,0.5806,0.6452,0.3871,0.0806,0.0645,0.0161,5206,0.7964,0.0119,2026
Kris Dunn,4154,74,14,27,0,0,29,43,9,1,0,0.5185,0.3919,0.5811,0.1216,0.0135,0.0,4394,0.9454,0.0168,2026
Kris Murray,1154,32,5,6,3,4,13,19,5,4,2,0.8333,0.4062,0.5938,0.1562,0.125,0.0625,2771,0.4165,0.0115,2026
Kristaps Porzingis,1242,93,22,44,14,22,63,29,10,3,12,0.5,0.6774,0.3118,0.1075,0.0323,0.129,1541,0.806,0.0604,2026
Kristaps PorziĂâ ĂÂŁis,1242,93,22,44,14,22,63,29,10,3,12,0.5,0.6774,0.3118,0.1075,0.0323,0.129,1541,0.806,0.0604,2026
Kyle Anderson,1430,53,11,17,2,4,24,27,8,5,2,0.6471,0.4528,0.5094,0.1509,0.0943,0.0377,1751,0.8167,0.0303,2026
Kyle Filipowski,3175,130,37,67,9,16,85,43,12,7,9,0.5522,0.6538,0.3308,0.0923,0.0538,0.0692,3781,0.8397,0.0344,2026
Kyle Kuzma,2972,89,24,46,7,10,57,34,13,3,4,0.5217,0.6404,0.382,0.1461,0.0337,0.0449,3626,0.8196,0.0245,2026
Kyle Lowry,175,1,0,0,0,0,0,1,0,0,0,0.0,0.0,1.0,0.0,0.0,0.0,252,0.6944,0.004,2026
Kyshawn George,2798,27,5,7,0,0,10,16,4,4,0,0.7143,0.3704,0.5926,0.1481,0.1481,0.0,2937,0.9527,0.0092,2026
Lachlan Olbrich,547,26,6,13,0,0,12,13,2,0,0,0.4615,0.4615,0.5,0.0769,0.0,0.0,733,0.7462,0.0355,2026
LaMelo Ball,5264,23,3,6,0,0,6,15,4,1,0,0.5,0.2609,0.6522,0.1739,0.0435,0.0,4127,1.2755,0.0056,2026
Landry Shamet,1442,14,5,8,2,2,13,5,1,0,0,0.625,0.9286,0.3571,0.0714,0.0,0.0,2365,0.6097,0.0059,2026
Larry Nance Jr.,581,28,4,10,0,0,8,14,3,3,0,0.4,0.2857,0.5,0.1071,0.1071,0.0,931,0.6241,0.0301,2026
Lauri Markkanen,2170,95,32,51,14,16,83,31,4,1,6,0.6275,0.8737,0.3263,0.0421,0.0105,0.0632,2998,0.7238,0.0317,2026
Lawson Lovering,43,4,1,2,0,0,2,2,0,0,0,0.5,0.5,0.5,0.0,0.0,0.0,110,0.3909,0.0364,2026
Leaky Black,513,6,3,5,0,0,6,1,0,0,0,0.6,1.0,0.1667,0.0,0.0,0.0,918,0.5588,0.0065,2026
LeBron James,4204,149,39,63,24,28,105,55,17,9,13,0.619,0.7047,0.3691,0.1141,0.0604,0.0872,4055,1.0367,0.0367,2026
Leonard Miller,1183,29,12,17,5,6,29,8,2,1,3,0.7059,1.0,0.2759,0.069,0.0345,0.1034,1555,0.7608,0.0186,2026
Liam McNeeley,474,6,1,2,0,0,2,3,1,1,0,0.5,0.3333,0.5,0.1667,0.1667,0.0,729,0.6502,0.0082,2026
Lindy Waters III,402,1,0,0,0,0,0,1,0,0,0,0.0,0.0,1.0,0.0,0.0,0.0,580,0.6931,0.0017,2026
LJ Cryer,509,4,0,0,0,0,0,4,1,0,0,0.0,0.0,1.0,0.25,0.0,0.0,545,0.9339,0.0073,2026
Lonzo Ball,1621,15,1,3,0,0,2,11,0,1,0,0.3333,0.1333,0.7333,0.0,0.0667,0.0,1566,1.0351,0.0096,2026
Lucas Williamson,378,9,4,6,0,0,8,2,1,1,0,0.6667,0.8889,0.2222,0.1111,0.1111,0.0,491,0.7699,0.0183,2026
Luguentz Dort,1948,31,6,8,0,0,15,22,4,1,0,0.75,0.4839,0.7097,0.129,0.0323,0.0,3781,0.5152,0.0082,2026
Luka DonĂÂiĂâĄ,5621,48,19,25,5,10,45,15,5,2,5,0.76,0.9375,0.3125,0.1042,0.0417,0.1042,4747,1.1841,0.0101,2026
Luka Garza,1633,58,23,28,10,14,59,19,2,1,7,0.8214,1.0172,0.3276,0.0345,0.0172,0.1207,2215,0.7372,0.0262,2026
Luke Kennard,2244,30,10,12,2,2,22,17,6,0,1,0.8333,0.7333,0.5667,0.2,0.0,0.0333,3474,0.6459,0.0086,2026
Luke Kornet,1817,135,15,21,13,16,43,98,16,4,7,0.7143,0.3185,0.7259,0.1185,0.0296,0.0519,2958,0.6143,0.0456,2026
Luke Travers,158,5,0,0,4,4,4,3,0,0,2,0.0,0.8,0.6,0.0,0.0,0.4,216,0.7315,0.0231,2026
Mac McClung,230,5,2,4,0,0,7,1,0,0,0,0.5,1.4,0.2,0.0,0.0,0.0,295,0.7797,0.0169,2026
Malachi Smith,665,2,0,0,0,0,0,2,0,0,0,0.0,0.0,1.0,0.0,0.0,0.0,737,0.9023,0.0027,2026
Malaki Branham,446,3,1,1,2,2,4,1,1,0,1,1.0,1.3333,0.3333,0.3333,0.0,0.3333,570,0.7825,0.0053,2026
Malevy Leons,392,6,0,1,2,2,2,4,0,0,1,0.0,0.3333,0.6667,0.0,0.0,0.1667,548,0.7153,0.0109,2026
Malik Monk,2365,13,6,10,0,0,13,2,0,1,0,0.6,1.0,0.1538,0.0,0.0769,0.0,2839,0.833,0.0046,2026
Marcus Sasser,864,6,2,4,0,0,4,2,0,0,0,0.5,0.6667,0.3333,0.0,0.0,0.0,946,0.9133,0.0063,2026
Marcus Smart,2749,20,2,5,0,0,4,13,3,2,0,0.4,0.2,0.65,0.15,0.1,0.0,3610,0.7615,0.0055,2026
MarJon Beauchamp,272,8,3,4,0,0,6,4,3,0,0,0.75,0.75,0.5,0.375,0.0,0.0,416,0.6538,0.0192,2026
Mark Sears,54,0,0,0,0,0,0,0,0,0,0,0.0,0.0,0.0,0.0,0.0,0.0,51,1.0588,0.0,2026
Mark Williams,2071,137,55,77,33,46,151,27,3,4,23,0.7143,1.1022,0.1971,0.0219,0.0292,0.1679,2916,0.7102,0.047,2026
Markelle Fultz,64,3,1,3,0,0,2,0,0,0,0,0.3333,0.6667,0.0,0.0,0.0,0.0,80,0.8,0.0375,2026
Marvin Bagley III,1769,141,31,52,17,26,80,63,11,9,12,0.5962,0.5674,0.4468,0.078,0.0638,0.0851,2440,0.725,0.0578,2026
Mason Plumlee,243,11,1,2,0,0,2,9,2,0,0,0.5,0.1818,0.8182,0.1818,0.0,0.0,351,0.6923,0.0313,2026
Matas Buzelis,4035,63,24,34,16,22,65,12,2,3,11,0.7059,1.0317,0.1905,0.0317,0.0476,0.1746,4765,0.8468,0.0132,2026
Matisse Thybulle,642,10,2,4,0,0,5,4,0,0,0,0.5,0.5,0.4,0.0,0.0,0.0,1005,0.6388,0.01,2026
Max Christie,2930,17,6,9,2,2,14,6,2,0,1,0.6667,0.8235,0.3529,0.1176,0.0,0.0588,4527,0.6472,0.0038,2026
Max Shulga,68,0,0,0,0,0,0,0,0,0,0,0.0,0.0,0.0,0.0,0.0,0.0,75,0.9067,0.0,2026
Max Strus,511,2,0,0,2,2,2,1,0,0,1,0.0,1.0,0.5,0.0,0.0,0.5,605,0.8446,0.0033,2026
Maxi Kleber,507,26,5,7,5,12,15,10,2,0,6,0.7143,0.5769,0.3846,0.0769,0.0,0.2308,947,0.5354,0.0275,2026
Maxime Raynaud,3303,253,70,138,19,26,160,88,13,11,12,0.5072,0.6324,0.3478,0.0514,0.0435,0.0474,4067,0.8121,0.0622,2026
Micah Peavy,958,13,2,7,0,0,4,6,0,0,0,0.2857,0.3077,0.4615,0.0,0.0,0.0,1896,0.5053,0.0069,2026
Micah Potter,1450,55,14,21,21,24,49,17,6,5,12,0.6667,0.8909,0.3091,0.1091,0.0909,0.2182,1946,0.7451,0.0283,2026
Michael Porter Jr.,3063,59,24,35,14,16,65,7,1,5,7,0.6857,1.1017,0.1186,0.0169,0.0847,0.1186,3393,0.9027,0.0174,2026
Mikal Bridges,4510,104,38,54,10,10,86,39,9,4,4,0.7037,0.8269,0.375,0.0865,0.0385,0.0385,5403,0.8347,0.0192,2026
Mike Conley,2008,6,0,0,0,0,0,5,1,1,0,0.0,0.0,0.8333,0.1667,0.1667,0.0,2045,0.9819,0.0029,2026
Miles Bridges,3983,59,15,22,6,6,39,23,2,8,4,0.6818,0.661,0.3898,0.0339,0.1356,0.0678,4815,0.8272,0.0123,2026
Miles Kelly,155,2,0,0,0,0,0,1,0,1,0,0.0,0.0,0.5,0.0,0.5,0.0,286,0.542,0.007,2026
Miles McBride,1904,11,4,6,2,2,10,3,1,1,1,0.6667,0.9091,0.2727,0.0909,0.0909,0.0909,2163,0.8803,0.0051,2026
Mitchell Robinson,1186,45,6,10,2,2,14,32,3,0,1,0.6,0.3111,0.7111,0.0667,0.0,0.0222,2319,0.5114,0.0194,2026
Mo Bamba,63,3,2,2,0,0,4,0,0,1,0,1.0,1.3333,0.0,0.0,0.3333,0.0,86,0.7326,0.0349,2026
Mohamed Diawara,1005,9,2,3,0,0,4,5,1,0,0,0.6667,0.4444,0.5556,0.1111,0.0,0.0,1244,0.8079,0.0072,2026
Monte Morris,152,3,1,2,0,0,2,1,1,0,0,0.5,0.6667,0.3333,0.3333,0.0,0.0,138,1.1014,0.0217,2026
MontĂÂ© Morris,152,3,1,2,0,0,2,1,1,0,0,0.5,0.6667,0.3333,0.3333,0.0,0.0,138,1.1014,0.0217,2026
Moritz Wagner,735,34,11,19,7,8,30,8,2,2,4,0.5789,0.8824,0.2353,0.0588,0.0588,0.1176,884,0.8314,0.0385,2026
Moses Moody,1829,23,7,9,2,2,16,10,1,2,1,0.7778,0.6957,0.4348,0.0435,0.087,0.0435,3137,0.583,0.0073,2026
Mouhamadou Gueye,55,3,2,2,0,0,4,0,0,1,0,1.0,1.3333,0.0,0.0,0.3333,0.0,98,0.5612,0.0306,2026
Mouhamed Gueye,1448,51,8,17,6,6,23,27,5,4,3,0.4706,0.451,0.5294,0.098,0.0784,0.0588,2411,0.6006,0.0212,2026
Moussa Cisse,582,37,4,7,3,6,11,22,0,2,4,0.5714,0.2973,0.5946,0.0,0.0541,0.1081,1116,0.5215,0.0332,2026
Moussa Diabate,2656,199,34,70,16,23,85,100,15,9,11,0.4857,0.4271,0.5025,0.0754,0.0452,0.0553,3757,0.7069,0.053,2026
Moussa DiabatĂÂ©,2656,199,34,70,16,23,85,100,15,9,11,0.4857,0.4271,0.5025,0.0754,0.0452,0.0553,3757,0.7069,0.053,2026
Myles Turner,2226,102,20,32,18,22,60,47,8,5,10,0.625,0.5882,0.4608,0.0784,0.049,0.098,3873,0.5747,0.0263,2026
Myron Gardner,692,8,2,3,0,0,5,5,0,0,0,0.6667,0.625,0.625,0.0,0.0,0.0,888,0.7793,0.009,2026
N'Faly Dante,20,4,0,0,0,0,0,3,0,1,0,0.0,0.0,0.75,0.0,0.25,0.0,30,0.6667,0.1333,2026
Nae'Qwan Tomlin,1120,37,8,16,2,2,18,16,4,1,1,0.5,0.4865,0.4324,0.1081,0.027,0.027,2051,0.5461,0.018,2026
Naji Marshall,3366,72,21,34,6,8,51,32,9,0,5,0.6176,0.7083,0.4444,0.125,0.0,0.0694,4409,0.7634,0.0163,2026
Nate Williams,261,10,3,5,2,2,8,2,0,1,1,0.6,0.8,0.2,0.0,0.1,0.1,477,0.5472,0.021,2026
Naz Reid,3808,56,15,26,4,6,34,25,8,1,3,0.5769,0.6071,0.4464,0.1429,0.0179,0.0536,4178,0.9114,0.0134,2026
Neemias Queta,2660,188,52,80,15,20,124,83,13,8,10,0.65,0.6596,0.4415,0.0691,0.0426,0.0532,3740,0.7112,0.0503,2026
Nic Claxton,3348,308,57,95,18,27,134,183,40,9,14,0.6,0.4351,0.5942,0.1299,0.0292,0.0455,3854,0.8687,0.0799,2026
Nick Richards,973,62,16,31,16,22,50,18,1,1,10,0.5161,0.8065,0.2903,0.0161,0.0161,0.1613,1455,0.6687,0.0426,2026
Nick Smith Jr.,698,5,2,3,0,0,4,2,0,0,0,0.6667,0.8,0.4,0.0,0.0,0.0,764,0.9136,0.0065,2026
Nickeil Alexander-Walker,4596,36,12,18,3,4,27,16,4,0,2,0.6667,0.75,0.4444,0.1111,0.0,0.0556,5558,0.8269,0.0065,2026
Nicolas Batum,1692,15,1,3,0,0,2,11,2,1,0,0.3333,0.1333,0.7333,0.1333,0.0667,0.0,2562,0.6604,0.0059,2026
Nigel Hayes,230,12,2,8,0,0,4,3,1,1,0,0.25,0.3333,0.25,0.0833,0.0833,0.0,383,0.6005,0.0313,2026
Nigel Hayes-Davis,230,12,2,8,0,0,4,3,1,1,0,0.25,0.3333,0.25,0.0833,0.0833,0.0,383,0.6005,0.0313,2026
Nikola JokiĂâĄ,6513,581,134,207,61,72,342,286,85,27,30,0.6473,0.5886,0.4923,0.1463,0.0465,0.0516,4787,1.3606,0.1214,2026
Nikola JoviĂâĄ,1525,22,8,9,2,4,18,10,1,1,2,0.8889,0.8182,0.4545,0.0455,0.0455,0.0909,1747,0.8729,0.0126,2026
Nikola TopiĂâĄ,367,6,0,1,0,0,0,5,1,0,0,0.0,0.0,0.8333,0.1667,0.0,0.0,322,1.1398,0.0186,2026
Nikola Vucevic,3789,240,62,116,2,2,128,108,16,10,2,0.5345,0.5333,0.45,0.0667,0.0417,0.0083,3789,1.0,0.0633,2026
Nikola VuĂÂeviĂâĄ,3789,240,62,116,2,2,128,108,16,10,2,0.5345,0.5333,0.45,0.0667,0.0417,0.0083,3789,1.0,0.0633,2026
Nique Clifford,2952,28,12,19,1,2,25,8,2,0,1,0.6316,0.8929,0.2857,0.0714,0.0,0.0357,3857,0.7654,0.0073,2026
Noa Essengue,9,0,0,0,0,0,0,0,0,0,0,0.0,0.0,0.0,0.0,0.0,0.0,14,0.6429,0.0,2026
Noah Clowney,2507,46,1,6,6,6,8,29,6,2,3,0.1667,0.1739,0.6304,0.1304,0.0435,0.0652,3578,0.7007,0.0129,2026
Noah Penda,1283,21,1,1,0,0,2,18,3,1,0,1.0,0.0952,0.8571,0.1429,0.0476,0.0,1538,0.8342,0.0137,2026
Nolan Traore,3034,9,2,5,2,2,7,2,1,1,1,0.4,0.7778,0.2222,0.1111,0.1111,0.1111,2484,1.2214,0.0036,2026
Norchad Omier,51,3,2,2,0,0,5,1,1,0,0,1.0,1.6667,0.3333,0.3333,0.0,0.0,45,1.1333,0.0667,2026
Norman Powell,2523,32,6,17,4,4,17,13,2,0,2,0.3529,0.5312,0.4062,0.0625,0.0,0.0625,3577,0.7053,0.0089,2026
Obi Toppin,920,15,5,8,2,2,12,6,2,0,1,0.625,0.8,0.4,0.1333,0.0,0.0667,896,1.0268,0.0167,2026
Ochai Agbaji,1221,31,6,10,4,4,16,15,3,3,2,0.6,0.5161,0.4839,0.0968,0.0968,0.0645,1970,0.6198,0.0157,2026
OG Anunoby,2927,75,24,36,8,10,56,31,5,2,5,0.6667,0.7467,0.4133,0.0667,0.0267,0.0667,4508,0.6493,0.0166,2026
Olivier Sarr,54,3,2,2,0,0,4,1,0,0,0,1.0,1.3333,0.3333,0.0,0.0,0.0,85,0.6353,0.0353,2026
Olivier-Maxence Prosper,1373,56,17,25,15,16,50,16,1,5,7,0.68,0.8929,0.2857,0.0179,0.0893,0.125,2083,0.6591,0.0269,2026
Omer Yurtseven,190,8,1,1,1,2,3,5,2,1,1,1.0,0.375,0.625,0.25,0.125,0.125,219,0.8676,0.0365,2026
Onyeka Okongwu,3818,162,48,82,11,14,109,65,10,5,7,0.5854,0.6728,0.4012,0.0617,0.0309,0.0432,4900,0.7792,0.0331,2026
Orlando Robinson,45,0,0,0,0,0,0,0,0,0,0,0.0,0.0,0.0,0.0,0.0,0.0,47,0.9574,0.0,2026
Oscar Tshiebwe,601,62,22,40,3,6,47,14,2,4,2,0.55,0.7581,0.2258,0.0323,0.0645,0.0323,955,0.6293,0.0649,2026
Oso Ighodaro,2741,184,47,80,11,20,105,81,14,7,9,0.5875,0.5707,0.4402,0.0761,0.038,0.0489,3609,0.7595,0.051,2026
Ousmane Dieng,1922,17,2,6,2,2,6,7,1,1,1,0.3333,0.3529,0.4118,0.0588,0.0588,0.0588,2228,0.8627,0.0076,2026
P.J. Washington,2658,104,35,56,6,10,78,32,4,6,4,0.625,0.75,0.3077,0.0385,0.0577,0.0385,3512,0.7568,0.0296,2026
PacĂÂŽme Dadiet,203,6,4,4,2,2,10,1,0,0,1,1.0,1.6667,0.1667,0.0,0.0,0.1667,271,0.7491,0.0221,2026
Paolo Banchero,5498,130,33,54,15,21,83,54,12,9,10,0.6111,0.6385,0.4154,0.0923,0.0692,0.0769,5180,1.0614,0.0251,2026
Pascal Siakam,4308,118,30,64,13,16,78,37,9,4,9,0.4688,0.661,0.3136,0.0763,0.0339,0.0763,4314,0.9986,0.0274,2026
Pat Connaughton,470,11,3,4,0,0,6,6,3,1,0,0.75,0.5455,0.5455,0.2727,0.0909,0.0,576,0.816,0.0191,2026
Pat Spencer,2969,38,10,16,6,6,27,18,6,1,3,0.625,0.7105,0.4737,0.1579,0.0263,0.0789,2454,1.2099,0.0155,2026
Patrick Baldwin Jr.,111,1,0,0,1,2,1,0,0,0,1,0.0,1.0,0.0,0.0,0.0,1.0,208,0.5337,0.0048,2026
Patrick Williams,2211,26,2,8,3,4,7,12,2,2,2,0.25,0.2692,0.4615,0.0769,0.0769,0.0769,3170,0.6975,0.0082,2026
Paul George,2301,27,7,12,4,4,19,12,1,0,0,0.5833,0.7037,0.4444,0.037,0.0,0.0,2325,0.9897,0.0116,2026
Paul Reed,1428,153,43,78,5,10,93,55,9,9,6,0.5513,0.6078,0.3595,0.0588,0.0588,0.0392,1804,0.7916,0.0848,2026
Payton Pritchard,5441,31,7,12,0,0,16,15,3,2,0,0.5833,0.5161,0.4839,0.0968,0.0645,0.0,5025,1.0828,0.0062,2026
Payton Sandfort,66,0,0,0,0,0,0,0,0,0,0,0.0,0.0,0.0,0.0,0.0,0.0,133,0.4962,0.0,2026
Pelle Larsson,2612,32,8,15,9,10,26,9,0,1,5,0.5333,0.8125,0.2812,0.0,0.0312,0.1562,3879,0.6734,0.0082,2026
Pete Nance,1132,25,3,7,0,0,6,18,3,0,0,0.4286,0.24,0.72,0.12,0.0,0.0,1460,0.7753,0.0171,2026
Peyton Watson,2777,96,30,48,9,14,69,30,8,8,6,0.625,0.7188,0.3125,0.0833,0.0833,0.0625,3255,0.8531,0.0295,2026
PJ Hall,298,17,4,6,3,4,11,7,1,1,2,0.6667,0.6471,0.4118,0.0588,0.0588,0.1176,442,0.6742,0.0385,2026
Precious Achiuwa,2244,108,35,58,6,10,79,35,6,6,6,0.6034,0.7315,0.3241,0.0556,0.0556,0.0556,3559,0.6305,0.0303,2026
Quentin Grimes,3565,35,11,15,0,0,22,15,4,2,0,0.7333,0.6286,0.4286,0.1143,0.0571,0.0,4570,0.7801,0.0077,2026
Quenton Jackson,1990,14,6,6,3,4,15,6,0,0,2,1.0,1.0714,0.4286,0.0,0.0,0.1429,1923,1.0348,0.0073,2026
Quinten Post,2144,52,8,16,2,2,18,31,11,3,1,0.5,0.3462,0.5962,0.2115,0.0577,0.0192,2391,0.8967,0.0217,2026
Rasheer Fleming,595,17,7,9,2,4,16,5,1,0,2,0.7778,0.9412,0.2941,0.0588,0.0,0.1176,1322,0.4501,0.0129,2026
Rayan Rupert,1484,18,3,8,0,0,6,8,3,1,0,0.375,0.3333,0.4444,0.1667,0.0556,0.0,2240,0.6625,0.008,2026
RayJ Dennis,541,4,1,2,0,0,2,2,0,0,0,0.5,0.5,0.5,0.0,0.0,0.0,439,1.2323,0.0091,2026
Reed Sheppard,4462,20,6,12,0,0,13,5,2,3,0,0.5,0.65,0.25,0.1,0.15,0.0,4349,1.026,0.0046,2026
Riley Minix,88,1,0,0,0,0,0,1,0,0,0,0.0,0.0,1.0,0.0,0.0,0.0,124,0.7097,0.0081,2026
RJ Barrett,3097,72,30,48,6,8,69,14,2,2,5,0.625,0.9583,0.1944,0.0278,0.0278,0.0694,3547,0.8731,0.0203,2026
Rob Dillingham,1958,9,2,4,0,0,4,5,2,0,0,0.5,0.4444,0.5556,0.2222,0.0,0.0,2088,0.9377,0.0043,2026
Robert Williams III,1404,52,16,21,0,0,32,28,4,2,0,0.7619,0.6154,0.5385,0.0769,0.0385,0.0,2104,0.6673,0.0247,2026
Rocco Zikarsky,55,3,0,0,2,2,2,2,1,0,1,0.0,0.6667,0.6667,0.3333,0.0,0.3333,73,0.7534,0.0411,2026
Ron Harper Jr.,450,5,2,2,0,0,4,3,1,0,0,1.0,0.8,0.6,0.2,0.0,0.0,615,0.7317,0.0081,2026
Ronald Holland II,2438,27,6,13,5,6,19,7,0,4,3,0.4615,0.7037,0.2593,0.0,0.1481,0.1111,3138,0.7769,0.0086,2026
Royce O'Neale,4131,27,4,5,0,0,8,22,3,0,0,0.8,0.2963,0.8148,0.1111,0.0,0.0,4548,0.9083,0.0059,2026
Rudy Gobert,3335,166,45,70,16,36,111,59,9,12,18,0.6429,0.6687,0.3554,0.0542,0.0723,0.1084,4849,0.6878,0.0342,2026
Rui Hachimura,2057,51,23,32,9,10,56,13,1,0,5,0.7188,1.098,0.2549,0.0196,0.0,0.098,3979,0.517,0.0128,2026
Russell Westbrook,4416,18,7,8,0,0,17,8,2,1,0,0.875,0.9444,0.4444,0.1111,0.0556,0.0,3882,1.1376,0.0046,2026
Ryan Dunn,1769,43,12,19,4,6,28,20,3,1,3,0.6316,0.6512,0.4651,0.0698,0.0233,0.0698,2677,0.6608,0.0161,2026
Ryan Kalkbrenner,1600,89,23,28,7,10,54,47,5,7,5,0.8214,0.6067,0.5281,0.0562,0.0787,0.0562,3042,0.526,0.0293,2026
Ryan Nembhard,2453,6,1,2,0,0,2,4,2,0,0,0.5,0.3333,0.6667,0.3333,0.0,0.0,2280,1.0759,0.0026,2026
Ryan Rollins,5148,16,6,7,0,0,12,7,0,1,0,0.8571,0.75,0.4375,0.0,0.0625,0.0,4742,1.0856,0.0034,2026
Saddiq Bey,3096,51,13,25,6,6,32,19,8,3,3,0.52,0.6275,0.3725,0.1569,0.0588,0.0588,4683,0.6611,0.0109,2026
Sam Hauser,2767,28,7,10,2,2,18,15,3,1,1,0.7,0.6429,0.5357,0.1071,0.0357,0.0357,3837,0.7211,0.0073,2026
Sam Merrill,2076,37,8,13,3,4,19,21,2,0,2,0.6154,0.5135,0.5676,0.0541,0.0,0.0541,2803,0.7406,0.0132,2026
Sandro Mamukelashvili,2778,119,28,43,21,30,82,56,7,5,14,0.6512,0.6891,0.4706,0.0588,0.042,0.1176,3602,0.7712,0.033,2026
Santi Aldama,2326,56,15,25,1,2,32,24,5,4,1,0.6,0.5714,0.4286,0.0893,0.0714,0.0179,2537,0.9168,0.0221,2026
Scoot Henderson,1641,9,2,5,0,0,4,4,1,0,0,0.4,0.4444,0.4444,0.1111,0.0,0.0,1581,1.038,0.0057,2026
Scottie Barnes,5651,230,63,104,17,18,145,104,29,6,6,0.6058,0.6304,0.4522,0.1261,0.0261,0.0261,5511,1.0254,0.0417,2026
Scotty Pippen Jr.,497,5,1,2,2,4,4,1,0,0,1,0.5,0.8,0.2,0.0,0.0,0.2,451,1.102,0.0111,2026
Sean Pedulla,57,0,0,0,0,0,0,0,0,0,0,0.0,0.0,0.0,0.0,0.0,0.0,60,0.95,0.0,2026
Seth Curry,188,0,0,0,0,0,0,0,0,0,0,0.0,0.0,0.0,0.0,0.0,0.0,272,0.6912,0.0,2026
Shaedon Sharpe,2738,60,21,36,7,12,52,15,5,2,6,0.5833,0.8667,0.25,0.0833,0.0333,0.1,3123,0.8767,0.0192,2026
Shai Gilgeous-Alexander,4531,73,23,37,6,8,52,29,9,2,4,0.6216,0.7123,0.3973,0.1233,0.0274,0.0548,4739,0.9561,0.0154,2026
Sharife Cooper,1527,3,0,1,0,0,0,2,0,0,0,0.0,0.0,0.6667,0.0,0.0,0.0,1472,1.0374,0.002,2026
Sidy Cissoko,1769,33,8,10,1,4,19,20,5,0,2,0.8,0.5758,0.6061,0.1515,0.0,0.0606,2968,0.596,0.0111,2026
Simone Fontecchio,1755,36,11,18,2,2,25,16,0,0,1,0.6111,0.6944,0.4444,0.0,0.0,0.0278,2496,0.7031,0.0144,2026
Sion James,2794,45,9,14,4,4,22,27,9,1,2,0.6429,0.4889,0.6,0.2,0.0222,0.0444,3662,0.763,0.0123,2026
Skal Labissiere,67,7,3,3,0,0,6,3,0,1,0,1.0,0.8571,0.4286,0.0,0.1429,0.0,76,0.8816,0.0921,2026
Spencer Jones,1087,39,8,17,1,2,17,19,4,1,1,0.4706,0.4359,0.4872,0.1026,0.0256,0.0256,2854,0.3809,0.0137,2026
Stanley Umude,8,0,0,0,0,0,0,0,0,0,0,0.0,0.0,0.0,0.0,0.0,0.0,14,0.5714,0.0,2026
Stephen Curry,2812,39,13,21,4,4,33,12,2,2,2,0.619,0.8462,0.3077,0.0513,0.0513,0.0513,2819,0.9975,0.0138,2026
Stephon Castle,4610,85,24,35,4,8,56,44,15,0,4,0.6857,0.6588,0.5176,0.1765,0.0,0.0471,4251,1.0845,0.02,2026
Steven Adams,901,80,11,23,5,6,28,47,5,4,2,0.4783,0.35,0.5875,0.0625,0.05,0.025,1459,0.6175,0.0548,2026
Svi Mykhailiuk,1441,13,2,2,2,2,6,10,2,0,1,1.0,0.4615,0.7692,0.1538,0.0,0.0769,2441,0.5903,0.0053,2026
T.J. McConnell,2800,24,12,14,2,2,26,7,2,1,1,0.8571,1.0833,0.2917,0.0833,0.0417,0.0417,2021,1.3855,0.0119,2026
Taelon Peter,786,7,2,3,0,0,4,3,0,0,0,0.6667,0.5714,0.4286,0.0,0.0,0.0,1049,0.7493,0.0067,2026
Taj Gibson,98,12,4,6,0,0,8,6,0,0,0,0.6667,0.6667,0.5,0.0,0.0,0.0,207,0.4734,0.058,2026
Tari Eason,2337,39,10,20,0,0,21,17,3,1,0,0.5,0.5385,0.4359,0.0769,0.0256,0.0,3096,0.7548,0.0126,2026
Taurean Prince,819,3,0,1,0,0,0,2,1,0,0,0.0,0.0,0.6667,0.3333,0.0,0.0,1239,0.661,0.0024,2026
Taylor Hendricks,1260,46,12,19,2,6,31,15,2,3,3,0.6316,0.6739,0.3261,0.0435,0.0652,0.0652,2323,0.5424,0.0198,2026
Terance Mann,2586,32,7,11,5,6,19,16,4,2,3,0.6364,0.5938,0.5,0.125,0.0625,0.0938,3064,0.844,0.0104,2026
Terrence Shannon Jr.,700,4,3,3,0,0,6,1,0,0,0,1.0,1.5,0.25,0.0,0.0,0.0,1114,0.6284,0.0036,2026
Thanasis Antetokounmpo,219,4,1,1,0,0,2,3,0,0,0,1.0,0.5,0.75,0.0,0.0,0.0,301,0.7276,0.0133,2026
Thomas Bryant,1193,57,15,23,10,10,41,20,1,4,4,0.6522,0.7193,0.3509,0.0175,0.0702,0.0702,1519,0.7854,0.0375,2026
Tidjane SalaĂÂŒn,828,15,2,5,4,4,8,6,1,0,2,0.4,0.5333,0.4,0.0667,0.0,0.1333,1150,0.72,0.013,2026
Tim Hardaway Jr.,2501,33,16,19,7,8,40,9,2,1,3,0.8421,1.2121,0.2727,0.0606,0.0303,0.0909,4394,0.5692,0.0075,2026
Tobias Harris,2604,53,17,28,6,7,44,21,5,0,4,0.6071,0.8302,0.3962,0.0943,0.0,0.0755,3535,0.7366,0.015,2026
Toby Okani,181,6,2,2,0,0,4,3,0,0,0,1.0,0.6667,0.5,0.0,0.0,0.0,475,0.3811,0.0126,2026
Tolu Smith,207,24,3,6,2,6,8,14,1,1,3,0.5,0.3333,0.5833,0.0417,0.0417,0.125,269,0.7695,0.0892,2026
Tony Bradley,498,37,12,17,5,6,30,15,4,1,3,0.7059,0.8108,0.4054,0.1081,0.027,0.0811,927,0.5372,0.0399,2026
Tosan Evbuomwan,8,0,0,0,0,0,0,0,0,0,0,0.0,0.0,0.0,0.0,0.0,0.0,15,0.5333,0.0,2026
Toumani Camara,4537,77,26,36,6,6,59,34,7,4,3,0.7222,0.7662,0.4416,0.0909,0.0519,0.039,5714,0.794,0.0135,2026
Trae Young,935,1,0,0,0,0,0,1,0,0,0,0.0,0.0,1.0,0.0,0.0,0.0,852,1.0974,0.0012,2026
Trayce Jackson-Davis,835,50,10,18,7,16,27,21,3,1,8,0.5556,0.54,0.42,0.06,0.02,0.16,1018,0.8202,0.0491,2026
Tre Johnson,1996,16,4,8,2,2,10,7,0,0,1,0.5,0.625,0.4375,0.0,0.0,0.0625,3087,0.6466,0.0052,2026
Tre Jones,3949,36,14,17,9,10,38,10,0,2,5,0.8235,1.0556,0.2778,0.0,0.0556,0.1389,3791,1.0417,0.0095,2026
Tre Mann,1404,6,0,1,0,0,0,5,0,0,0,0.0,0.0,0.8333,0.0,0.0,0.0,1324,1.0604,0.0045,2026
Trendon Watford,2052,50,7,16,0,0,15,30,6,3,0,0.4375,0.3,0.6,0.12,0.06,0.0,1805,1.1368,0.0277,2026
Trentyn Flowers,8,0,0,0,0,0,0,0,0,0,0,0.0,0.0,0.0,0.0,0.0,0.0,10,0.8,0.0,2026
Trevon Scott,249,14,3,6,0,0,6,8,2,0,0,0.5,0.4286,0.5714,0.1429,0.0,0.0,373,0.6676,0.0375,2026
Trevor Keels,28,0,0,0,0,0,0,0,0,0,0,0.0,0.0,0.0,0.0,0.0,0.0,38,0.7368,0.0,2026
Trey Alexander,155,0,0,0,0,0,0,0,0,0,0,0.0,0.0,0.0,0.0,0.0,0.0,234,0.6624,0.0,2026
Trey Jemison,81,10,1,2,0,0,2,6,1,1,0,0.5,0.2,0.6,0.1,0.1,0.0,169,0.4793,0.0592,2026
Trey Jemison III,81,10,1,2,0,0,2,6,1,1,0,0.5,0.2,0.6,0.1,0.1,0.0,169,0.4793,0.0592,2026
Trey Murphy III,4040,42,16,21,9,10,41,12,2,2,5,0.7619,0.9762,0.2857,0.0476,0.0476,0.119,4881,0.8277,0.0086,2026
Tristan da Silva,2413,60,15,28,0,0,31,28,8,3,0,0.5357,0.5167,0.4667,0.1333,0.05,0.0,3909,0.6173,0.0153,2026
Tristan Enaruna,110,3,0,0,0,0,0,3,0,0,0,0.0,0.0,1.0,0.0,0.0,0.0,170,0.6471,0.0176,2026
Tristan Vukcevic,1160,86,23,47,14,16,62,25,3,3,7,0.4894,0.7209,0.2907,0.0349,0.0349,0.0814,1432,0.8101,0.0601,2026
Tristen Newton,21,0,0,0,0,0,0,0,0,0,0,0.0,0.0,0.0,0.0,0.0,0.0,24,0.875,0.0,2026
Ty Jerome,784,4,2,2,0,0,4,2,0,0,0,1.0,1.0,0.5,0.0,0.0,0.0,684,1.1462,0.0058,2026
Tyler Burton,403,5,3,4,2,2,9,0,0,0,1,0.75,1.8,0.0,0.0,0.0,0.2,649,0.621,0.0077,2026
Tyler Herro,1859,13,2,5,4,4,8,6,2,0,2,0.4,0.6154,0.4615,0.1538,0.0,0.1538,2041,0.9108,0.0064,2026
Tyler Kolek,1806,12,1,4,0,0,2,8,1,0,0,0.25,0.1667,0.6667,0.0833,0.0,0.0,1476,1.2236,0.0081,2026
Tyler Smith,201,5,0,1,0,0,0,2,0,1,0,0.0,0.0,0.4,0.0,0.2,0.0,345,0.5826,0.0145,2026
Tyrese Martin,1509,15,7,9,0,0,15,5,0,1,0,0.7778,1.0,0.3333,0.0,0.0667,0.0,1535,0.9831,0.0098,2026
Tyrese Maxey,6668,16,6,8,0,0,12,6,1,2,0,0.75,0.75,0.375,0.0625,0.125,0.0,5500,1.2124,0.0029,2026
Tyrese Proctor,1016,7,4,5,0,0,9,1,1,1,0,0.8,1.2857,0.1429,0.1429,0.1429,0.0,1108,0.917,0.0063,2026
Tyson Etienne,580,1,0,0,0,0,0,1,0,0,0,0.0,0.0,1.0,0.0,0.0,0.0,788,0.736,0.0013,2026
TyTy Washington Jr.,157,1,0,0,0,0,0,1,0,0,0,0.0,0.0,1.0,0.0,0.0,0.0,170,0.9235,0.0059,2026
Tyus Jones,2131,4,0,2,0,0,0,2,0,0,0,0.0,0.0,0.5,0.0,0.0,0.0,2021,1.0544,0.002,2026
Victor Wembanyama,3743,290,61,117,47,56,172,116,27,12,25,0.5214,0.5931,0.4,0.0931,0.0414,0.0862,3888,0.9627,0.0746,2026
Vince Williams Jr.,1976,18,4,9,0,0,8,8,3,1,0,0.4444,0.4444,0.4444,0.1667,0.0556,0.0,1689,1.1699,0.0107,2026
Vit Krejci,1964,19,5,7,3,4,13,10,1,0,2,0.7143,0.6842,0.5263,0.0526,0.0,0.1053,2921,0.6724,0.0065,2026
VJ Edgecombe,5286,50,14,23,8,8,36,20,5,3,3,0.6087,0.72,0.4,0.1,0.06,0.06,5398,0.9793,0.0093,2026
Vladislav Goldin,23,1,1,1,0,0,3,0,0,0,0,1.0,3.0,0.0,0.0,0.0,0.0,57,0.4035,0.0175,2026
VĂÂ­t KrejĂÂĂÂ­,1964,19,5,7,3,4,13,10,1,0,2,0.7143,0.6842,0.5263,0.0526,0.0,0.1053,2921,0.6724,0.0065,2026
Walker Kessler,265,13,1,2,4,6,6,7,3,1,3,0.5,0.4615,0.5385,0.2308,0.0769,0.2308,310,0.8548,0.0419,2026
Walter Clayton Jr.,3112,16,7,8,0,0,15,7,0,1,0,0.875,0.9375,0.4375,0.0,0.0625,0.0,2928,1.0628,0.0055,2026
Wendell Carter Jr.,3035,241,40,78,31,36,113,131,27,7,17,0.5128,0.4689,0.5436,0.112,0.029,0.0705,4756,0.6381,0.0507,2026
Wendell Moore Jr.,66,2,2,2,0,0,4,0,0,0,0,1.0,2.0,0.0,0.0,0.0,0.0,119,0.5546,0.0168,2026
Will Richard,1673,34,11,15,3,4,25,14,5,2,2,0.7333,0.7353,0.4118,0.1471,0.0588,0.0588,2830,0.5912,0.012,2026
Will Riley,2599,40,19,27,7,10,46,5,1,1,5,0.7037,1.15,0.125,0.025,0.025,0.125,3430,0.7577,0.0117,2026
Xavier Tillman,251,7,0,1,0,2,0,5,1,0,1,0.0,0.0,0.7143,0.1429,0.0,0.1429,360,0.6972,0.0194,2026
Yang Hansen,394,22,5,11,6,6,17,6,1,2,3,0.4545,0.7727,0.2727,0.0455,0.0909,0.1364,627,0.6284,0.0351,2026
Yanic Konan NiederhĂÂ€user,473,40,9,11,9,10,27,20,4,3,5,0.8182,0.675,0.5,0.1,0.075,0.125,844,0.5604,0.0474,2026
Yuki Kawamura,443,2,0,0,0,0,0,2,1,0,0,0.0,0.0,1.0,0.5,0.0,0.0,452,0.9801,0.0044,2026
Yves Missi,1617,102,16,40,5,10,40,48,11,5,5,0.4,0.3922,0.4706,0.1078,0.049,0.049,2665,0.6068,0.0383,2026
Zaccharie Risacher,1763,36,15,23,5,6,39,9,1,0,3,0.6522,1.0833,0.25,0.0278,0.0,0.0833,3218,0.5479,0.0112,2026
Zach Collins,300,25,6,9,7,10,20,11,2,0,4,0.6667,0.8,0.44,0.08,0.0,0.16,389,0.7712,0.0643,2026
Zach Edey,401,28,2,6,3,4,7,18,1,1,2,0.3333,0.25,0.6429,0.0357,0.0357,0.0714,589,0.6808,0.0475,2026
Zach LaVine,1999,11,6,9,0,0,12,2,0,0,0,0.6667,1.0909,0.1818,0.0,0.0,0.0,2522,0.7926,0.0044,2026
Zeke Nnaji,732,55,9,16,11,12,30,28,3,4,6,0.5625,0.5455,0.5091,0.0545,0.0727,0.1091,1247,0.587,0.0441,2026
Ziaire Williams,1493,17,4,8,2,2,10,7,3,0,1,0.5,0.5882,0.4118,0.1765,0.0,0.0588,2620,0.5698,0.0065,2026
Zion Williamson,3041,111,35,53,11,20,85,40,9,4,10,0.6604,0.7658,0.3604,0.0811,0.036,0.0901,3883,0.7832,0.0286,2026
Zyon Pullin,85,0,0,0,0,0,0,0,0,0,0,0.0,0.0,0.0,0.0,0.0,0.0,92,0.9239,0.0,2026
