player,season_year,passes_made,ast,secondary_ast,potential_ast,adj_ast,ast_pts,ast_per_pass,pva_proxy,ast_efficiency
A.J. Lawson,2025,520,29,7,65,40,77,0.0558,43.5,0.0558
Aaron Gordon,2025,1402,162,10,288,192,413,0.1155,197.0,0.1155
Aaron Holiday,2025,868,81,10,158,97,211,0.0933,102.0,0.0933
Aaron Nesmith,2025,1200,52,15,94,71,126,0.0433,78.5,0.0433
Aaron Wiggins,2025,1597,133,29,237,171,346,0.0833,185.5,0.0833
Adam Flagler,2025,201,12,2,29,15,35,0.0597,16.0,0.0597
Adama Sanogo,2025,11,1,0,1,1,2,0.0909,1.0,0.0909
Adem Bona,2025,753,27,1,52,28,66,0.0359,28.5,0.0359
AJ Green,2025,1590,104,14,208,125,287,0.0654,132.0,0.0654
AJ Johnson,2025,860,76,6,152,87,196,0.0884,90.0,0.0884
Ajay Mitchell,2025,705,64,10,130,81,174,0.0908,86.0,0.0908
Al Horford,2025,1600,124,23,220,153,340,0.0775,164.5,0.0775
Alec Burks,2025,1026,55,8,79,72,144,0.0536,76.0,0.0536
Alex Caruso,2025,1385,132,19,217,160,343,0.0953,169.5,0.0953
Alex Ducas,2025,70,5,1,14,6,14,0.0714,6.5,0.0714
Alex Len,2025,461,37,2,57,40,97,0.0803,41.0,0.0803
Alex Reese,2025,249,4,0,10,4,9,0.0161,4.0,0.0161
Alex Sarr,2025,2313,158,23,267,187,397,0.0683,198.5,0.0683
Alondes Williams,2025,2,1,0,1,1,3,0.5,1.0,0.5
Alperen Sengun,2025,2994,364,23,675,408,941,0.1216,419.5,0.1216
Amen Thompson,2025,2602,252,26,488,294,662,0.0968,307.0,0.0968
Amir Coffey,2025,1146,75,14,122,92,190,0.0654,99.0,0.0654
Andre Drummond,2025,724,34,5,58,42,89,0.047,44.5,0.047
Andre Jackson Jr.,2025,1020,83,9,170,100,223,0.0814,104.5,0.0814
Andrew Nembhard,2025,2870,314,43,553,394,815,0.1094,415.5,0.1094
Andrew Wiggins,2025,1654,154,32,302,198,412,0.0931,214.0,0.0931
Anfernee Simons,2025,3106,337,36,608,397,874,0.1085,415.0,0.1085
Anthony Black,2025,2858,240,44,489,310,640,0.084,332.0,0.084
Anthony Davis,2025,2430,175,26,258,215,440,0.072,228.0,0.072
Anthony Edwards,2025,3517,356,93,658,468,921,0.1012,514.5,0.1012
Anthony Gill,2025,302,16,2,34,19,40,0.053,20.0,0.053
Anton Watson,2025,29,2,1,3,3,5,0.069,3.5,0.069
Antonio Reeves,2025,482,39,5,66,46,102,0.0809,48.5,0.0809
Ariel Hukporti,2025,219,11,2,24,13,27,0.0502,14.0,0.0502
Armel Traore,2025,79,1,0,2,1,3,0.0127,1.0,0.0127
Ausar Thompson,2025,1238,134,14,267,163,355,0.1082,170.0,0.1082
Austin Reaves,2025,4110,417,66,766,522,1061,0.1015,555.0,0.1015
Ayo Dosunmu,2025,1983,208,35,362,254,539,0.1049,271.5,0.1049
Bam Adebayo,2025,3387,335,19,534,372,884,0.0989,381.5,0.0989
Baylor Scheierman,2025,270,33,4,57,38,84,0.1222,40.0,0.1222
Ben Sheppard,2025,1376,85,8,96,98,206,0.0618,102.0,0.0618
Ben Simmons,2025,2301,285,19,487,322,749,0.1239,331.5,0.1239
Bennedict Mathurin,2025,2319,131,40,243,179,333,0.0565,199.0,0.0565
Bilal Coulibaly,2025,1978,195,30,376,244,528,0.0986,259.0,0.0986
Bismack Biyombo,2025,586,31,4,43,36,79,0.0529,38.0,0.0529
Blake Wesley,2025,880,112,15,183,130,280,0.1273,137.5,0.1273
Bobby Portis,2025,1700,104,17,162,127,279,0.0612,135.5,0.0612
Bobi Klintman,2025,61,7,3,9,10,17,0.1148,11.5,0.1148
Bogdan Bogdanovic,2025,1469,146,23,280,187,381,0.0994,198.5,0.0994
Bogdan Bogdanovi,2025,1469,146,23,280,187,381,0.0994,198.5,0.0994
Bol Bol,2025,363,22,1,25,23,55,0.0606,23.5,0.0606
Bones Hyland,2025,312,30,0,62,32,75,0.0962,32.0,0.0962
Bradley Beal,2025,2262,195,42,369,260,514,0.0862,281.0,0.0862
Branden Carlson,2025,243,14,0,19,14,36,0.0576,14.0,0.0576
Brandin Podziemski,2025,2767,220,46,444,287,590,0.0795,310.0,0.0795
Brandon Boston,2025,1337,92,10,171,109,243,0.0688,114.0,0.0688
Brandon Boston Jr.,2025,1337,92,10,171,109,243,0.0688,114.0,0.0688
Brandon Clarke,2025,1044,66,12,130,83,167,0.0632,89.0,0.0632
Brandon Ingram,2025,790,93,21,172,120,237,0.1177,130.5,0.1177
Brandon Miller,2025,1270,98,13,174,120,252,0.0772,126.5,0.0772
Brandon Williams,2025,687,76,13,114,92,187,0.1106,98.5,0.1106
Braxton Key,2025,17,0,0,0,0,0,0.0,0.0,0.0
Brice Sensabaugh,2025,1168,109,8,211,127,279,0.0933,131.0,0.0933
Bronny James,2025,218,22,1,32,23,50,0.1009,23.5,0.1009
Brook Lopez,2025,2080,143,14,231,172,384,0.0688,179.0,0.0688
Bruce Brown,2025,1090,84,10,168,100,211,0.0771,105.0,0.0771
Bruno Fernando,2025,195,18,0,28,16,36,0.0923,16.0,0.0923
Bryce McGowens,2025,43,2,1,6,3,5,0.0465,3.5,0.0465
Bub Carrington,2025,4065,361,33,669,427,943,0.0888,443.5,0.0888
Buddy Hield,2025,2309,131,33,270,181,348,0.0567,197.5,0.0567
Cade Cunningham,2025,4059,623,70,1044,758,1589,0.1535,793.0,0.1535
Caleb Houstan,2025,585,35,10,77,46,91,0.0598,51.0,0.0598
Caleb Martin,2025,1267,95,10,190,112,249,0.075,117.0,0.075
Cam Christie,2025,52,5,0,7,5,12,0.0962,5.0,0.0962
Cam Reddish,2025,329,21,9,37,31,54,0.0638,35.5,0.0638
Cam Spencer,2025,364,34,3,71,42,93,0.0934,43.5,0.0934
Cam Thomas,2025,792,88,14,151,106,218,0.1111,113.0,0.1111
Cam Whitmore,2025,524,47,8,82,59,128,0.0897,63.0,0.0897
Cameron Johnson,2025,1789,189,12,356,213,497,0.1056,219.0,0.1056
Cameron Payne,2025,1741,203,20,277,229,494,0.1166,239.0,0.1166
Caris LeVert,2025,1540,214,31,374,268,571,0.139,283.5,0.139
Cason Wallace,2025,1688,172,19,318,201,442,0.1019,210.5,0.1019
Charles Bassey,2025,465,17,2,33,19,40,0.0366,20.0,0.0366
Chet Holmgren,2025,947,63,8,98,76,152,0.0665,80.0,0.0665
Chris Boucher,2025,646,33,4,54,41,84,0.0511,43.0,0.0511
Chris Duarte,2025,82,9,0,16,10,21,0.1098,10.0,0.1098
Chris Livingston,2025,122,5,1,10,6,11,0.041,6.5,0.041
Chris Paul,2025,4004,596,54,1021,708,1570,0.1489,735.0,0.1489
Christian Braun,2025,2438,202,25,339,244,504,0.0829,256.5,0.0829
Christian Koloko,2025,359,16,1,26,18,40,0.0446,18.5,0.0446
Chuma Okeke,2025,224,15,3,32,21,44,0.067,22.5,0.067
CJ McCollum,2025,2111,225,29,376,278,573,0.1066,292.5,0.1066
Clint Capela,2025,1020,61,4,71,66,148,0.0598,68.0,0.0598
Coby White,2025,2908,327,51,640,400,867,0.1124,425.5,0.1124
Cody Martin,2025,1313,105,12,205,133,297,0.08,139.0,0.08
Cody Williams,2025,809,57,4,107,65,152,0.0705,67.0,0.0705
Colby Jones,2025,508,44,2,97,52,113,0.0866,53.0,0.0866
Cole Anthony,2025,1855,182,17,381,227,490,0.0981,235.5,0.0981
Cole Swider,2025,118,3,3,9,6,7,0.0254,7.5,0.0254
Colin Castleton,2025,412,28,2,67,33,76,0.068,34.0,0.068
Collin Gillespie,2025,877,78,7,127,90,197,0.0889,93.5,0.0889
Collin Sexton,2025,2086,254,27,506,307,673,0.1218,320.5,0.1218
Corey Kispert,2025,1368,102,12,163,125,272,0.0746,131.0,0.0746
Cory Joseph,2025,1043,72,19,138,96,189,0.069,105.5,0.069
Craig Porter Jr.,2025,705,71,6,148,80,181,0.1007,83.0,0.1007
Cui Yongxi,2025,5,0,0,0,0,0,0.0,0.0,0.0
D'Angelo Russell,2025,2687,285,35,546,352,750,0.1061,369.5,0.1061
D.J. Carton,2025,43,3,0,7,3,7,0.0698,3.0,0.0698
Daeqwon Plowden,2025,65,2,0,9,3,7,0.0308,3.0,0.0308
Daishen Nix,2025,19,3,0,3,3,7,0.1579,3.0,0.1579
Dalano Banton,2025,1823,160,14,325,189,418,0.0878,196.0,0.0878
Dalen Terry,2025,1236,97,19,216,126,252,0.0785,135.5,0.0785
Dalton Knecht,2025,1320,64,13,106,84,169,0.0485,90.5,0.0485
Damian Lillard,2025,3422,406,64,751,509,1047,0.1186,541.0,0.1186
Damion Baugh,2025,546,52,2,86,61,134,0.0952,62.0,0.0952
Damion Lee,2025,140,11,1,20,15,30,0.0786,15.5,0.0786
Daniel Gafford,2025,1301,79,7,106,90,198,0.0607,93.5,0.0607
Daniel Theis,2025,734,60,3,90,66,150,0.0817,67.5,0.0817
Daniss Jenkins,2025,35,3,0,7,3,7,0.0857,3.0,0.0857
Dante Exum,2025,576,56,5,96,66,146,0.0972,68.5,0.0972
Dant Exum,2025,576,56,5,96,66,146,0.0972,68.5,0.0972
DaQuan Jeffries,2025,836,52,13,82,67,132,0.0622,73.5,0.0622
Dario Saric,2025,263,23,3,52,25,52,0.0875,26.5,0.0875
Dario ari,2025,263,23,3,52,25,52,0.0875,26.5,0.0875
Dariq Whitehead,2025,209,12,3,25,15,30,0.0574,16.5,0.0574
Darius Garland,2025,3157,506,86,834,650,1320,0.1603,693.0,0.1603
David Duke Jr.,2025,31,4,1,6,6,12,0.129,6.5,0.129
David Roddy,2025,483,35,5,64,45,93,0.0725,47.5,0.0725
Davion Mitchell,2025,3283,355,34,667,414,902,0.1081,431.0,0.1081
Day'Ron Sharpe,2025,1203,90,7,138,101,222,0.0748,104.5,0.0748
De'Aaron Fox,2025,3249,381,46,719,454,981,0.1173,477.0,0.1173
De'Andre Hunter,2025,1381,92,16,173,113,236,0.0666,121.0,0.0666
De'Anthony Melton,2025,180,17,6,29,25,41,0.0944,28.0,0.0944
Dean Wade,2025,1272,76,9,126,88,198,0.0597,92.5,0.0597
Deandre Ayton,2025,1201,64,4,106,75,175,0.0533,77.0,0.0533
DeAndre Jordan,2025,722,53,1,84,57,123,0.0734,57.5,0.0734
Dejounte Murray,2025,1772,228,21,374,273,584,0.1287,283.5,0.1287
Delon Wright,2025,1022,77,14,148,97,204,0.0753,104.0,0.0753
DeMar DeRozan,2025,2391,332,47,588,400,877,0.1389,423.5,0.1389
Deni Avdija,2025,3302,281,33,595,333,708,0.0851,349.5,0.0851
Dennis Schroder,2025,3854,381,50,736,469,1017,0.0989,494.0,0.0989
Dennis Schrder,2025,3854,381,50,736,469,1017,0.0989,494.0,0.0989
Dereck Lively II,2025,950,84,13,131,100,221,0.0884,106.5,0.0884
Derrick Jones Jr.,2025,1553,57,11,87,72,145,0.0367,77.5,0.0367
Derrick White,2025,4125,350,71,592,453,918,0.0848,488.5,0.0848
Desmond Bane,2025,3381,369,64,632,449,941,0.1091,481.0,0.1091
Devin Booker,2025,3361,529,105,996,674,1421,0.1574,726.5,0.1574
Devin Carter,2025,476,41,3,69,46,106,0.0861,47.5,0.0861
Devin Vassell,2025,2129,183,38,353,235,475,0.086,254.0,0.086
Dillon Brooks,2025,1590,124,12,200,149,316,0.078,155.0,0.078
Dillon Jones,2025,692,58,6,100,70,165,0.0838,73.0,0.0838
Domantas Sabonis,2025,3892,416,20,652,455,1035,0.1069,465.0,0.1069
Dominick Barlow,2025,327,19,4,31,24,47,0.0581,26.0,0.0581
Donovan Clingan,2025,1257,77,4,106,86,202,0.0613,88.0,0.0613
Donovan Mitchell,2025,2473,354,60,655,440,946,0.1431,470.0,0.1431
Donte DiVincenzo,2025,2263,219,30,340,270,551,0.0968,285.0,0.0968
Dorian Finney-Smith,2025,1671,86,22,151,113,228,0.0515,124.0,0.0515
Doug McDermott,2025,247,7,7,18,15,17,0.0283,18.5,0.0283
Draymond Green,2025,3624,376,39,720,468,1013,0.1038,487.5,0.1038
Drew Eubanks,2025,635,52,6,81,61,137,0.0819,64.0,0.0819
Drew Peterson,2025,205,13,0,22,13,31,0.0634,13.0,0.0634
Drew Timme,2025,315,20,2,38,24,55,0.0635,25.0,0.0635
Dru Smith,2025,336,23,3,62,27,61,0.0685,28.5,0.0685
Duncan Robinson,2025,1711,172,18,302,207,435,0.1005,216.0,0.1005
Duop Reath,2025,442,26,6,26,32,63,0.0588,35.0,0.0588
Dwight Powell,2025,659,55,3,81,64,137,0.0835,65.5,0.0835
Dyson Daniels,2025,3381,329,40,644,402,844,0.0973,422.0,0.0973
E.J. Liddell,2025,51,3,0,11,3,9,0.0588,3.0,0.0588
Elfrid Payton,2025,1092,166,13,304,196,413,0.152,202.5,0.152
Elijah Harkless,2025,126,7,4,17,11,19,0.0556,13.0,0.0556
Emanuel Miller,2025,25,2,1,3,3,5,0.08,3.5,0.08
Emoni Bates,2025,67,8,2,12,11,22,0.1194,12.0,0.1194
Enrique Freeman,2025,147,9,2,14,11,23,0.0612,12.0,0.0612
Eric Gordon,2025,675,65,5,98,76,171,0.0963,78.5,0.0963
Evan Mobley,2025,2819,226,30,398,272,612,0.0802,287.0,0.0802
Franz Wagner,2025,2426,279,34,552,330,702,0.115,347.0,0.115
Fred VanVleet,2025,3472,326,38,643,410,852,0.0939,429.0,0.0939
Gabe Vincent,2025,1536,96,21,184,125,251,0.0625,135.5,0.0625
Garrett Temple,2025,311,31,2,55,37,82,0.0997,38.0,0.0997
Garrison Mathews,2025,650,60,6,88,71,146,0.0923,74.0,0.0923
Gary Harris,2025,439,29,4,69,38,86,0.0661,40.0,0.0661
Gary Payton II,2025,1142,81,13,146,99,210,0.0709,105.5,0.0709
Gary Trent Jr.,2025,1102,87,18,150,112,222,0.0789,121.0,0.0789
Georges Niang,2025,1789,110,14,171,134,285,0.0615,141.0,0.0615
GG Jackson,2025,445,29,5,48,35,75,0.0652,37.5,0.0652
Giannis Antetokounmpo,2025,3531,429,43,735,497,1170,0.1215,518.5,0.1215
Goga Bitadze,2025,1921,137,13,218,154,339,0.0713,160.5,0.0713
Gradey Dick,2025,1091,98,18,172,122,247,0.0898,131.0,0.0898
Grant Williams,2025,406,37,1,64,38,98,0.0911,38.5,0.0911
Grayson Allen,2025,1731,137,22,270,173,363,0.0791,184.0,0.0791
Guerschon Yabusele,2025,2215,148,21,238,181,384,0.0668,191.5,0.0668
Gui Santos,2025,877,77,12,128,91,198,0.0878,97.0,0.0878
Harrison Barnes,2025,2079,135,26,258,182,378,0.0649,195.0,0.0649
Harrison Ingram,2025,18,3,0,3,3,8,0.1667,3.0,0.1667
Haywood Highsmith,2025,1544,110,13,204,127,279,0.0712,133.5,0.0712
Herbert Jones,2025,697,65,7,89,75,164,0.0933,78.5,0.0933
Hunter Tyson,2025,286,20,0,26,20,46,0.0699,20.0,0.0699
Immanuel Quickley,2025,1502,191,17,348,223,474,0.1272,231.5,0.1272
Isaac Jones,2025,222,12,1,24,13,31,0.0541,13.5,0.0541
Isaac Okoro,2025,735,68,6,122,75,167,0.0925,78.0,0.0925
Isaiah Collier,2025,3550,444,22,816,504,1176,0.1251,515.0,0.1251
Isaiah Crawford,2025,44,1,1,3,2,2,0.0227,2.5,0.0227
Isaiah Hartenstein,2025,2523,219,9,309,245,543,0.0868,249.5,0.0868
Isaiah Jackson,2025,84,5,0,9,6,13,0.0595,6.0,0.0595
Isaiah Joe,2025,1384,119,34,231,166,317,0.086,183.0,0.086
Isaiah Mobley,2025,30,5,0,5,5,13,0.1667,5.0,0.1667
Isaiah Stevens,2025,11,0,1,3,1,0,0.0,1.5,0.0
Isaiah Stewart,2025,1371,122,5,186,139,334,0.089,141.5,0.089
Isaiah Wong,2025,349,28,3,41,31,69,0.0802,32.5,0.0802
Ivica Zubac,2025,3046,214,41,310,267,538,0.0703,287.5,0.0703
Ja Morant,2025,2079,364,23,623,402,896,0.1751,413.5,0.1751
Ja'Kobe Walter,2025,991,81,12,158,98,200,0.0817,104.0,0.0817
Jabari Smith Jr.,2025,1349,58,8,104,69,151,0.043,73.0,0.043
Jabari Walker,2025,623,37,3,72,42,94,0.0594,43.5,0.0594
Jack McVeigh,2025,21,1,0,1,1,3,0.0476,1.0,0.0476
Jackson Rowe,2025,52,4,0,6,5,12,0.0769,5.0,0.0769
Jacob Toppin,2025,91,6,1,7,7,15,0.0659,7.5,0.0659
Jaden Hardy,2025,847,80,11,148,108,210,0.0945,113.5,0.0945
Jaden Ivey,2025,1140,117,19,226,147,309,0.1026,156.5,0.1026
Jaden McDaniels,2025,2375,159,24,278,198,421,0.0669,210.0,0.0669
Jaden Springer,2025,210,33,1,59,36,81,0.1571,36.5,0.1571
Jae Crowder,2025,104,6,0,7,6,13,0.0577,6.0,0.0577
Jae'Sean Tate,2025,503,47,1,91,52,122,0.0934,52.5,0.0934
Jahlil Okafor,2025,3,1,0,1,1,2,0.3333,1.0,0.3333
Jahmir Young,2025,42,6,2,11,9,16,0.1429,10.0,0.1429
Jaime Jaquez Jr.,2025,1699,164,15,291,189,434,0.0965,196.5,0.0965
Jake LaRavia,2025,1766,158,20,247,185,402,0.0895,195.0,0.0895
Jakob Poeltl,2025,2444,153,11,282,180,376,0.0626,185.5,0.0626
Jalen Bridges,2025,11,0,0,0,0,0,0.0,0.0,0.0
Jalen Brunson,2025,3779,475,76,812,583,1162,0.1257,621.0,0.1257
Jalen Duren,2025,2558,205,12,330,235,510,0.0801,241.0,0.0801
Jalen Green,2025,3152,274,48,531,355,700,0.0869,379.0,0.0869
Jalen Hood-Schifino,2025,463,37,5,75,43,89,0.0799,45.5,0.0799
Jalen Johnson,2025,2379,181,20,347,225,458,0.0761,235.0,0.0761
Jalen McDaniels,2025,7,1,0,1,1,3,0.1429,1.0,0.1429
Jalen Pickett,2025,942,107,10,175,123,265,0.1136,128.0,0.1136
Jalen Smith,2025,1175,64,13,85,81,165,0.0545,87.5,0.0545
Jalen Suggs,2025,1638,129,16,287,167,338,0.0788,175.0,0.0788
Jalen Williams,2025,3087,352,37,635,416,917,0.114,434.5,0.114
Jalen Wilson,2025,1967,143,15,317,171,396,0.0727,178.5,0.0727
Jamal Cain,2025,332,20,2,43,24,55,0.0602,25.0,0.0602
Jamal Murray,2025,3046,400,45,670,473,996,0.1313,495.5,0.1313
Jamal Shead,2025,2524,307,31,592,367,803,0.1216,382.5,0.1216
Jamaree Bouyea,2025,103,10,4,18,15,30,0.0971,17.0,0.0971
James Harden,2025,4385,687,69,1081,817,1692,0.1567,851.5,0.1567
James Johnson,2025,39,4,1,9,5,8,0.1026,5.5,0.1026
James Wiseman,2025,4,0,0,0,0,0,0.0,0.0,0.0
Jamison Battle,2025,788,53,10,107,71,149,0.0673,76.0,0.0673
Jarace Walker,2025,1421,110,17,190,135,278,0.0774,143.5,0.0774
Jared Butler,2025,1595,220,22,381,262,544,0.1379,273.0,0.1379
Jared McCain,2025,677,60,9,95,76,154,0.0886,80.5,0.0886
Jared Rhoden,2025,205,16,3,31,24,48,0.078,25.5,0.078
Jaren Jackson Jr.,2025,1963,148,19,287,173,399,0.0754,182.5,0.0754
Jarred Vanderbilt,2025,548,39,5,74,47,99,0.0712,49.5,0.0712
Jarrett Allen,2025,2103,158,27,263,196,411,0.0751,209.5,0.0751
Javonte Green,2025,1393,56,5,97,65,140,0.0402,67.5,0.0402
Jaxson Hayes,2025,1035,58,10,110,71,160,0.056,76.0,0.056
Jay Huff,2025,620,38,7,72,48,101,0.0613,51.5,0.0613
Jaylen Brown,2025,1983,278,56,505,354,739,0.1402,382.0,0.1402
Jaylen Clark,2025,223,26,2,37,30,63,0.1166,31.0,0.1166
Jaylen Martin,2025,292,17,2,35,22,47,0.0582,23.0,0.0582
Jaylen Nowell,2025,222,18,1,31,21,45,0.0811,21.5,0.0811
Jaylen Sims,2025,133,12,1,20,13,31,0.0902,13.5,0.0902
Jaylen Wells,2025,1183,135,16,216,156,334,0.1141,164.0,0.1141
Jaylin Williams,2025,1447,119,11,169,134,305,0.0822,139.5,0.0822
Jaylon Tyson,2025,447,44,4,66,49,109,0.0984,51.0,0.0984
Jayson Tatum,2025,3954,415,80,810,515,1109,0.105,555.0,0.105
Jazian Gortman,2025,72,6,0,13,7,15,0.0833,7.0,0.0833
JD Davison,2025,152,13,2,31,16,35,0.0855,17.0,0.0855
Jeenathan Williams,2025,95,9,1,19,10,24,0.0947,10.5,0.0947
Jeff Dowtin,2025,931,78,12,159,98,213,0.0838,104.0,0.0838
Jeff Dowtin Jr.,2025,931,78,12,159,98,213,0.0838,104.0,0.0838
Jeff Green,2025,291,19,1,42,20,47,0.0653,20.5,0.0653
Jerami Grant,2025,1154,101,4,196,111,255,0.0875,113.0,0.0875
Jeremiah Robinson-Earl,2025,1361,87,9,140,100,230,0.0639,104.5,0.0639
Jeremy Sochan,2025,1448,125,15,201,146,325,0.0863,153.5,0.0863
Jericho Sims,2025,722,33,3,43,38,89,0.0457,39.5,0.0457
Jesse Edwards,2025,4,1,0,1,1,2,0.25,1.0,0.25
Jett Howard,2025,521,44,4,96,55,116,0.0845,57.0,0.0845
Jevon Carter,2025,347,40,4,64,50,101,0.1153,52.0,0.1153
Jimmy Butler,2025,2452,293,34,588,352,808,0.1195,369.0,0.1195
Jimmy Butler III,2025,2452,293,34,588,352,808,0.1195,369.0,0.1195
Jock Landale,2025,432,37,2,56,39,92,0.0856,40.0,0.0856
Joe Ingles,2025,177,22,3,33,28,56,0.1243,29.5,0.1243
Joel Embiid,2025,706,85,10,145,98,214,0.1204,103.0,0.1204
John Collins,2025,1296,79,6,129,92,204,0.061,95.0,0.061
John Konchar,2025,774,42,3,81,49,111,0.0543,50.5,0.0543
Johnny Davis,2025,165,11,1,25,15,32,0.0667,15.5,0.0667
Johnny Furphy,2025,356,19,2,32,23,47,0.0534,24.0,0.0534
Johnny Juzang,2025,1097,68,9,131,83,185,0.062,87.5,0.062
Jonas Valanciunas,2025,2273,164,16,260,196,426,0.0722,204.0,0.0722
Jonas Valaninas,2025,2273,164,16,260,196,426,0.0722,204.0,0.0722
Jonathan Isaac,2025,1132,40,2,72,46,99,0.0353,47.0,0.0353
Jonathan Kuminga,2025,1369,104,12,213,127,282,0.076,133.0,0.076
Jonathan Mogbo,2025,1380,146,10,258,163,362,0.1058,168.0,0.1058
Jordan Clarkson,2025,1070,135,16,261,157,338,0.1262,165.0,0.1262
Jordan Goodwin,2025,658,42,11,80,60,114,0.0638,65.5,0.0638
Jordan Hawkins,2025,1172,65,10,117,82,168,0.0555,87.0,0.0555
Jordan McLaughlin,2025,501,50,8,85,65,136,0.0998,69.0,0.0998
Jordan Miller,2025,425,34,5,50,41,86,0.08,43.5,0.08
Jordan Poole,2025,2637,298,48,618,378,771,0.113,402.0,0.113
Jordan Walsh,2025,355,18,3,35,22,50,0.0507,23.5,0.0507
Jose Alvarado,2025,2209,252,25,432,307,621,0.1141,319.5,0.1141
Josh Christopher,2025,56,8,2,12,12,20,0.1429,13.0,0.1429
Josh Giddey,2025,4157,491,64,811,573,1223,0.1181,605.0,0.1181
Josh Green,2025,1426,103,21,241,139,274,0.0722,149.5,0.0722
Josh Hart,2025,4237,453,47,766,528,1140,0.1069,551.5,0.1069
Josh Minott,2025,179,18,2,28,20,45,0.1006,21.0,0.1006
Josh Okogie,2025,562,33,9,83,50,95,0.0587,54.5,0.0587
Josh Richardson,2025,225,12,3,24,15,31,0.0533,16.5,0.0533
Jrue Holiday,2025,2106,238,20,456,275,625,0.113,285.0,0.113
JT Thor,2025,194,6,0,20,8,21,0.0309,8.0,0.0309
Julian Champagnie,2025,1818,111,14,178,135,274,0.0611,142.0,0.0611
Julian Phillips,2025,836,39,14,73,55,106,0.0467,62.0,0.0467
Julian Strawther,2025,1115,83,15,136,106,215,0.0744,113.5,0.0744
Julius Randle,2025,2551,316,37,566,374,840,0.1239,392.5,0.1239
Justin Champagnie,2025,1309,60,11,121,77,157,0.0458,82.5,0.0458
Justin Edwards,2025,1093,69,13,105,85,174,0.0631,91.5,0.0631
Justin Minaya,2025,106,7,0,16,8,17,0.066,8.0,0.066
Jusuf Nurkic,2025,1526,115,9,193,126,290,0.0754,130.5,0.0754
Jusuf Nurki,2025,1526,115,9,193,126,290,0.0754,130.5,0.0754
Kai Jones,2025,509,25,0,49,27,62,0.0491,27.0,0.0491
Karl-Anthony Towns,2025,2612,222,17,342,252,515,0.085,260.5,0.085
Karlo Matkovi,2025,707,45,4,68,50,110,0.0636,52.0,0.0636
Kawhi Leonard,2025,1039,116,24,187,149,294,0.1116,161.0,0.1116
Keaton Wallace,2025,847,81,13,143,100,220,0.0956,106.5,0.0956
Keegan Murray,2025,2211,107,26,202,143,283,0.0484,156.0,0.0484
Keion Brooks Jr.,2025,300,13,2,23,16,32,0.0433,17.0,0.0433
Kel'el Ware,2025,1368,60,3,89,66,152,0.0439,67.5,0.0439
Keldon Johnson,2025,1927,125,17,242,151,334,0.0649,159.5,0.0649
Kelly Olynyk,2025,1385,122,11,210,148,309,0.0881,153.5,0.0881
Kelly Oubre Jr.,2025,2076,108,21,205,146,298,0.052,156.5,0.052
Kenrich Williams,2025,1090,96,13,169,109,238,0.0881,115.5,0.0881
Kentavious Caldwell-Pope,2025,1942,135,22,254,169,351,0.0695,180.0,0.0695
Kenyon Martin Jr.,2025,816,48,12,92,64,128,0.0588,70.0,0.0588
Keon Ellis,2025,2062,116,24,230,147,297,0.0563,159.0,0.0563
Keon Johnson,2025,2134,173,22,363,207,450,0.0811,218.0,0.0811
Keshad Johnson,2025,86,4,1,8,5,9,0.0465,5.5,0.0465
Kessler Edwards,2025,710,42,9,68,51,107,0.0592,55.5,0.0592
Kevin Durant,2025,2329,263,44,470,336,684,0.1129,358.0,0.1129
Kevin Huerter,2025,1867,156,18,262,188,403,0.0836,197.0,0.0836
Kevin Knox II,2025,82,5,1,11,6,14,0.061,6.5,0.061
Kevin Love,2025,403,22,4,43,32,62,0.0546,34.0,0.0546
Kevin McCullar Jr.,2025,38,2,0,7,2,5,0.0526,2.0,0.0526
Kevin Porter Jr.,2025,2068,247,36,412,307,651,0.1194,325.0,0.1194
Kevon Looney,2025,1658,117,11,208,135,310,0.0706,140.5,0.0706
Keyonte George,2025,3506,356,36,664,429,928,0.1015,447.0,0.1015
Khris Middleton,2025,1031,148,14,269,182,387,0.1435,189.0,0.1435
Killian Hayes,2025,294,31,5,52,37,79,0.1054,39.5,0.1054
KJ Martin,2025,816,48,12,92,64,128,0.0588,70.0,0.0588
KJ Simpson,2025,1363,112,10,210,132,295,0.0822,137.0,0.0822
Klay Thompson,2025,1218,144,17,254,180,366,0.1182,188.5,0.1182
Kobe Brown,2025,262,22,1,38,26,55,0.084,26.5,0.084
Kobe Bufkin,2025,196,17,4,24,21,39,0.0867,23.0,0.0867
Kris Dunn,2025,2678,210,30,330,251,542,0.0784,266.0,0.0784
Kris Murray,2025,708,68,7,123,80,174,0.096,83.5,0.096
Kristaps Porzingis,2025,924,87,15,157,108,238,0.0942,115.5,0.0942
Kristaps Porziis,2025,924,87,15,157,108,238,0.0942,115.5,0.0942
Kyle Anderson,2025,1593,145,19,272,176,382,0.091,185.5,0.091
Kyle Filipowski,2025,1732,138,8,227,155,355,0.0797,159.0,0.0797
Kyle Kuzma,2025,1690,152,17,307,181,412,0.0899,189.5,0.0899
Kyle Lowry,2025,1087,96,11,177,117,250,0.0883,122.5,0.0883
Kylor Kelley,2025,157,5,2,13,7,12,0.0318,8.0,0.0318
Kyrie Irving,2025,2187,226,34,413,284,568,0.1033,301.0,0.1033
Kyshawn George,2025,2269,166,27,331,207,434,0.0732,220.5,0.0732
Lamar Stevens,2025,152,8,2,11,10,22,0.0526,11.0,0.0526
LaMelo Ball,2025,2588,346,49,605,426,893,0.1337,450.5,0.1337
Landry Shamet,2025,513,27,7,49,33,59,0.0526,36.5,0.0526
Larry Nance Jr.,2025,459,38,0,64,40,100,0.0828,40.0,0.0828
Lauri Markkanen,2025,1233,69,5,153,82,186,0.056,84.5,0.056
LeBron James,2025,3904,555,84,1005,694,1396,0.1422,736.0,0.1422
Leonard Miller,2025,35,0,0,0,0,0,0.0,0.0,0.0
Lester Quinones,2025,218,24,2,35,27,57,0.1101,28.0,0.1101
Liam Robbins,2025,49,2,0,8,2,6,0.0408,2.0,0.0408
Lindy Waters III,2025,826,50,5,100,58,128,0.0605,60.5,0.0605
Lonnie Walker IV,2025,540,50,11,96,69,130,0.0926,74.5,0.0926
Lonzo Ball,2025,1152,115,19,208,142,299,0.0998,151.5,0.0998
Luguentz Dort,2025,1349,111,12,181,126,270,0.0823,132.0,0.0823
Luka Doni,2025,2455,372,44,644,442,937,0.1515,464.0,0.1515
Luka Garza,2025,256,11,2,18,15,30,0.043,16.0,0.043
Luke Kennard,2025,1822,215,33,353,260,538,0.118,276.5,0.118
Luke Kornet,2025,985,116,12,189,133,314,0.1178,139.0,0.1178
Luke Travers,2025,112,8,1,17,9,20,0.0714,9.5,0.0714
Mac McClung,2025,19,3,1,5,4,8,0.1579,4.5,0.1579
Malachi Flynn,2025,53,6,1,9,7,14,0.1132,7.5,0.1132
Malaki Branham,2025,393,36,4,55,42,88,0.0916,44.0,0.0916
Malcolm Brogdon,2025,871,98,11,195,121,261,0.1125,126.5,0.1125
Malevy Leons,2025,19,1,0,1,1,2,0.0526,1.0,0.0526
Malik Beasley,2025,1664,138,15,217,163,351,0.0829,170.5,0.0829
Malik Monk,2025,2769,350,37,630,439,910,0.1264,457.5,0.1264
Marcus Bagley,2025,208,10,1,15,11,23,0.0481,11.5,0.0481
Marcus Garrett,2025,130,13,1,19,15,31,0.1,15.5,0.1
Marcus Sasser,2025,1298,133,17,252,158,346,0.1025,166.5,0.1025
Marcus Smart,2025,794,105,6,198,126,281,0.1322,129.0,0.1322
MarJon Beauchamp,2025,141,11,0,30,14,29,0.078,14.0,0.078
Mark Williams,2025,1054,109,5,152,120,291,0.1034,122.5,0.1034
Markelle Fultz,2025,264,27,5,46,31,68,0.1023,33.5,0.1023
Markieff Morris,2025,149,21,0,22,21,53,0.1409,21.0,0.1409
Marvin Bagley III,2025,222,11,0,25,12,29,0.0495,12.0,0.0495
Mason Jones,2025,74,11,0,13,11,26,0.1486,11.0,0.1486
Mason Plumlee,2025,1732,134,29,192,173,338,0.0774,187.5,0.0774
Matas Buzelis,2025,1274,78,18,142,100,202,0.0612,109.0,0.0612
Matisse Thybulle,2025,333,28,2,50,31,71,0.0841,32.0,0.0841
Matt Ryan,2025,61,3,0,8,4,8,0.0492,4.0,0.0492
Max Christie,2025,1938,146,28,236,190,394,0.0753,204.0,0.0753
Max Strus,2025,1592,158,21,250,201,398,0.0992,211.5,0.0992
Maxi Kleber,2025,581,43,3,72,50,116,0.074,51.5,0.074
Maxwell Lewis,2025,253,19,1,46,21,55,0.0751,21.5,0.0751
Micah Potter,2025,699,31,2,75,38,89,0.0443,39.0,0.0443
Michael Porter Jr.,2025,2214,163,29,244,201,399,0.0736,215.5,0.0736
Mikal Bridges,2025,3008,306,55,495,373,772,0.1017,400.5,0.1017
Mike Conley,2025,2941,313,42,469,375,793,0.1064,396.0,0.1064
Miles Bridges,2025,2559,243,34,464,308,640,0.095,325.0,0.095
Miles McBride,2025,1797,187,22,294,218,488,0.1041,229.0,0.1041
Miles Norris,2025,28,0,0,1,0,0,0.0,0.0,0.0
Mitchell Robinson,2025,257,13,2,19,14,30,0.0506,15.0,0.0506
Mo Bamba,2025,434,18,2,28,20,44,0.0415,21.0,0.0415
Monte Morris,2025,892,73,9,137,98,199,0.0818,102.5,0.0818
Mont Morris,2025,892,73,9,137,98,199,0.0818,102.5,0.0818
Moritz Wagner,2025,594,42,0,76,43,102,0.0707,43.0,0.0707
Moses Brown,2025,112,2,0,2,2,5,0.0179,2.0,0.0179
Moses Moody,2025,1226,91,11,186,115,249,0.0742,120.5,0.0742
Mouhamed Gueye,2025,416,25,4,38,30,63,0.0601,32.0,0.0601
Moussa Diabate,2025,913,54,11,128,71,152,0.0591,76.5,0.0591
Moussa Diabat,2025,913,54,11,128,71,152,0.0591,76.5,0.0591
Myles Turner,2025,1871,109,13,152,125,257,0.0583,131.5,0.0583
N'Faly Dante,2025,42,2,1,1,3,5,0.0476,3.5,0.0476
Nae'Qwan Tomlin,2025,51,2,0,6,2,6,0.0392,2.0,0.0392
Naji Marshall,2025,2238,205,20,338,250,538,0.0916,260.0,0.0916
Nate Williams,2025,95,9,1,19,10,24,0.0947,10.5,0.0947
Naz Reid,2025,2582,179,24,279,210,473,0.0693,222.0,0.0693
Neemias Queta,2025,577,44,3,83,51,124,0.0763,52.5,0.0763
Nic Claxton,2025,2464,153,12,228,182,408,0.0621,188.0,0.0621
Nick Richards,2025,1218,49,14,88,64,125,0.0402,71.0,0.0402
Nick Smith Jr.,2025,1932,143,26,273,186,375,0.074,199.0,0.074
Nickeil Alexander-Walker,2025,2784,220,37,374,273,566,0.079,291.5,0.079
Nicolas Batum,2025,1477,84,5,122,94,211,0.0569,96.5,0.0569
Nikola Joki,2025,5289,700,72,1135,870,1808,0.1324,906.0,0.1324
Nikola Jovi,2025,1451,131,8,236,154,344,0.0903,158.0,0.0903
Nikola Vucevic,2025,3450,256,26,436,292,673,0.0742,305.0,0.0742
Nikola Vuevi,2025,3450,256,26,436,292,673,0.0742,305.0,0.0742
Noah Clowney,2025,1066,38,7,76,44,97,0.0356,47.5,0.0356
Norman Powell,2025,1315,125,28,209,168,315,0.0951,182.0,0.0951
Obi Toppin,2025,2074,127,16,171,150,309,0.0612,158.0,0.0612
Ochai Agbaji,2025,1621,98,15,213,132,272,0.0605,139.5,0.0605
OG Anunoby,2025,2043,164,27,261,199,407,0.0803,212.5,0.0803
Olivier-Maxence Prosper,2025,561,40,8,75,51,105,0.0713,55.0,0.0713
Onyeka Okongwu,2025,2037,166,14,266,197,431,0.0815,204.0,0.0815
Orlando Robinson,2025,946,76,8,140,89,198,0.0803,93.0,0.0803
Oscar Tshiebwe,2025,228,9,1,24,10,23,0.0395,10.5,0.0395
Oshae Brissett,2025,169,4,0,6,4,11,0.0237,4.0,0.0237
Oso Ighodaro,2025,1186,71,18,142,92,172,0.0599,101.0,0.0599
Ousmane Dieng,2025,432,31,9,60,42,78,0.0718,46.5,0.0718
P.J. Dozier,2025,56,5,0,6,5,10,0.0893,5.0,0.0893
P.J. Tucker,2025,42,0,1,5,2,2,0.0,2.5,0.0
P.J. Washington,2025,2084,128,22,215,159,332,0.0614,170.0,0.0614
Pacme Dadiet,2025,111,5,0,5,5,12,0.045,5.0,0.045
Paolo Banchero,2025,2146,217,29,425,262,566,0.1011,276.5,0.1011
Pascal Siakam,2025,2790,260,40,411,321,671,0.0932,341.0,0.0932
Pat Connaughton,2025,826,70,8,130,83,179,0.0847,87.0,0.0847
Pat Spencer,2025,483,48,6,76,58,119,0.0994,61.0,0.0994
Patrick Baldwin Jr.,2025,106,3,1,11,5,8,0.0283,5.5,0.0283
Patrick Williams,2025,1654,124,10,211,141,327,0.075,146.0,0.075
Patty Mills,2025,398,26,0,65,35,81,0.0653,35.0,0.0653
Paul George,2025,1820,178,30,314,219,461,0.0978,234.0,0.0978
Paul Reed,2025,466,39,3,61,44,93,0.0837,45.5,0.0837
Payton Pritchard,2025,2945,274,49,525,340,707,0.093,364.5,0.093
Pelle Larsson,2025,697,65,4,120,75,175,0.0933,77.0,0.0933
Pete Nance,2025,186,10,1,11,11,26,0.0538,11.5,0.0538
Peyton Watson,2025,1469,94,14,147,112,230,0.064,119.0,0.064
Phillip Wheeler,2025,22,2,0,1,2,4,0.0909,2.0,0.0909
PJ Dozier,2025,56,5,0,6,5,10,0.0893,5.0,0.0893
PJ Hall,2025,83,4,0,4,4,11,0.0482,4.0,0.0482
Precious Achiuwa,2025,1114,55,6,94,68,143,0.0494,71.0,0.0494
Quentin Grimes,2025,2318,228,20,386,267,592,0.0984,277.0,0.0984
Quenton Jackson,2025,526,50,3,88,59,126,0.0951,60.5,0.0951
Quincy Olivari,2025,13,1,0,2,1,2,0.0769,1.0,0.0769
Quinten Post,2025,868,54,7,97,66,148,0.0622,69.5,0.0622
Rayan Rupert,2025,540,25,3,72,33,65,0.0463,34.5,0.0463
RayJ Dennis,2025,116,14,5,23,20,34,0.1207,22.5,0.1207
Reece Beekman,2025,748,63,7,130,75,164,0.0842,78.5,0.0842
Reed Sheppard,2025,810,74,3,127,83,195,0.0914,84.5,0.0914
Reggie Jackson,2025,596,45,5,84,51,111,0.0755,53.5,0.0755
Richaun Holmes,2025,509,38,2,44,40,95,0.0747,41.0,0.0747
Ricky Council IV,2025,1158,97,9,164,112,250,0.0838,116.5,0.0838
Riley Minix,2025,7,0,0,1,0,0,0.0,0.0,0.0
RJ Barrett,2025,2581,311,32,523,366,773,0.1205,382.0,0.1205
Rob Dillingham,2025,766,98,10,185,121,257,0.1279,126.0,0.1279
Robert Williams III,2025,362,21,2,32,24,55,0.058,25.0,0.058
Ron Harper Jr.,2025,16,2,0,4,1,3,0.125,1.0,0.125
Ronald Holland II,2025,1205,81,9,156,99,220,0.0672,103.5,0.0672
Royce O'Neale,2025,2600,163,22,303,195,430,0.0627,206.0,0.0627
Rudy Gobert,2025,2316,126,12,191,147,344,0.0544,153.0,0.0544
Rui Hachimura,2025,1439,82,14,138,99,227,0.057,106.0,0.057
Russell Westbrook,2025,3071,452,36,766,547,1100,0.1472,565.0,0.1472
Ryan Dunn,2025,1205,57,18,136,81,159,0.0473,90.0,0.0473
Ryan Rollins,2025,1175,104,13,174,126,258,0.0885,132.5,0.0885
Sam Hauser,2025,1276,64,11,132,83,179,0.0502,88.5,0.0502
Sam Merrill,2025,1115,108,24,172,141,286,0.0969,153.0,0.0969
Sandro Mamukelashvili,2025,813,48,7,102,58,123,0.059,61.5,0.059
Santi Aldama,2025,2265,188,31,276,227,470,0.083,242.5,0.083
Scoot Henderson,2025,2865,335,33,627,395,858,0.1169,411.5,0.1169
Scottie Barnes,2025,3402,374,29,723,447,948,0.1099,461.5,0.1099
Scotty Pippen Jr.,2025,2735,347,29,623,397,891,0.1269,411.5,0.1269
Seth Curry,2025,1065,60,17,138,80,158,0.0563,88.5,0.0563
Shaedon Sharpe,2025,2303,198,28,361,238,522,0.086,252.0,0.086
Shai Gilgeous-Alexander,2025,3113,481,82,912,584,1261,0.1545,625.0,0.1545
Shake Milton,2025,1128,100,14,178,117,255,0.0887,124.0,0.0887
Sidy Cissoko,2025,133,15,5,29,20,38,0.1128,22.5,0.1128
Simone Fontecchio,2025,1199,65,3,129,74,180,0.0542,75.5,0.0542
Skal Labissiere,2025,10,1,0,2,1,3,0.1,1.0,0.1
Spencer Dinwiddie,2025,2748,347,25,549,398,886,0.1263,410.5,0.1263
Spencer Jones,2025,72,5,0,9,5,13,0.0694,5.0,0.0694
Stanley Umude,2025,67,4,1,10,6,10,0.0597,6.5,0.0597
Stephen Curry,2025,2896,405,93,695,534,1007,0.1398,580.5,0.1398
Stephon Castle,2025,2980,329,53,620,402,850,0.1104,428.5,0.1104
Steven Adams,2025,864,64,6,103,74,157,0.0741,77.0,0.0741
Svi Mykhailiuk,2025,775,76,8,138,92,197,0.0981,96.0,0.0981
T.J. McConnell,2025,3150,351,53,626,448,938,0.1114,474.5,0.1114
Taj Gibson,2025,260,20,0,41,20,49,0.0769,20.0,0.0769
Talen Horton-Tucker,2025,843,81,24,156,110,215,0.0961,122.0,0.0961
Tari Eason,2025,1306,80,15,157,105,210,0.0613,112.5,0.0613
Taurean Prince,2025,1765,152,13,259,176,375,0.0861,182.5,0.0861
Taylor Hendricks,2025,50,2,0,2,2,4,0.04,2.0,0.04
Taze Moore,2025,47,1,0,10,1,3,0.0213,1.0,0.0213
Terance Mann,2025,1253,110,9,189,125,279,0.0878,129.5,0.0878
Terence Davis,2025,9,1,0,1,1,2,0.1111,1.0,0.1111
Terrence Shannon Jr.,2025,216,32,4,54,38,80,0.1481,40.0,0.1481
Terry Rozier,2025,2190,167,30,304,214,449,0.0763,229.0,0.0763
Terry Taylor,2025,6,2,0,1,2,5,0.3333,2.0,0.3333
Thomas Bryant,2025,997,52,8,77,65,122,0.0522,69.0,0.0522
Tidjane Salan,2025,1369,72,6,120,80,181,0.0526,83.0,0.0526
Tim Hardaway Jr.,2025,1454,121,12,179,142,304,0.0832,148.0,0.0832
Tobias Harris,2025,2214,156,27,260,190,400,0.0705,203.5,0.0705
Tolu Smith,2025,20,0,1,1,1,0,0.0,1.5,0.0
Tony Bradley,2025,71,6,1,6,7,15,0.0845,7.5,0.0845
Torrey Craig,2025,307,17,4,38,22,47,0.0554,24.0,0.0554
Tosan Evbuomwan,2025,641,55,9,100,65,138,0.0858,69.5,0.0858
Toumani Camara,2025,2494,175,15,334,206,468,0.0702,213.5,0.0702
Trae Young,2025,4597,872,91,1559,1053,2172,0.1897,1098.5,0.1897
Trayce Jackson-Davis,2025,1384,101,12,197,114,267,0.073,120.0,0.073
Tre Jones,2025,1517,187,21,345,224,505,0.1233,234.5,0.1233
Tre Mann,2025,449,39,5,71,46,104,0.0869,48.5,0.0869
Trendon Watford,2025,1455,113,18,247,139,305,0.0777,148.0,0.0777
Trentyn Flowers,2025,7,0,0,1,0,0,0.0,0.0,0.0
Trevelin Queen,2025,380,38,4,72,45,98,0.1,47.0,0.1
Trey Alexander,2025,150,11,2,33,15,33,0.0733,16.0,0.0733
Trey Jemison,2025,375,16,3,29,21,43,0.0427,22.5,0.0427
Trey Jemison III,2025,375,16,3,29,21,43,0.0427,22.5,0.0427
Trey Lyles,2025,1491,80,9,129,92,202,0.0537,96.5,0.0537
Trey Murphy III,2025,1937,186,24,318,227,480,0.096,239.0,0.096
Tristan da Silva,2025,1445,112,16,222,135,278,0.0775,143.0,0.0775
Tristan Thompson,2025,438,24,2,46,27,63,0.0548,28.0,0.0548
Tristan Vukcevic,2025,540,39,3,56,44,94,0.0722,45.5,0.0722
Tristen Newton,2025,27,2,0,7,2,5,0.0741,2.0,0.0741
Ty Jerome,2025,1970,237,36,457,304,623,0.1203,322.0,0.1203
Tyler Herro,2025,3604,418,63,774,521,1101,0.116,552.5,0.116
Tyler Kolek,2025,529,70,6,105,79,184,0.1323,82.0,0.1323
Tyler Smith,2025,126,4,1,4,5,9,0.0317,5.5,0.0317
Tyrese Haliburton,2025,5453,673,94,1152,826,1738,0.1234,873.0,0.1234
Tyrese Martin,2025,1677,121,11,229,135,306,0.0722,140.5,0.0722
Tyrese Maxey,2025,3170,317,49,551,396,855,0.1,420.5,0.1
Tyson Etienne,2025,183,12,1,29,15,34,0.0656,15.5,0.0656
TyTy Washington Jr.,2025,171,16,2,27,18,36,0.0936,19.0,0.0936
Tyus Jones,2025,4030,429,63,702,531,1144,0.1065,562.5,0.1065
Ulrich Chomche,2025,26,2,0,3,2,5,0.0769,2.0,0.0769
Vasilije Micic,2025,1427,128,23,271,168,323,0.0897,179.5,0.0897
Vasilije Mici,2025,1427,128,23,271,168,323,0.0897,179.5,0.0897
Victor Wembanyama,2025,1499,167,25,300,207,411,0.1114,219.5,0.1114
Vince Williams Jr.,2025,637,55,8,95,61,126,0.0863,65.0,0.0863
Vit Krejci,2025,1436,147,18,254,178,388,0.1024,187.0,0.1024
Vlatko anar,2025,161,9,2,22,11,22,0.0559,12.0,0.0559
Vt Krej,2025,1436,147,18,254,178,388,0.1024,187.0,0.1024
Walker Kessler,2025,1458,94,9,161,107,254,0.0645,111.5,0.0645
Wendell Carter Jr.,2025,1695,134,18,211,160,336,0.0791,169.0,0.0791
Wendell Moore Jr.,2025,576,40,5,75,49,107,0.0694,51.5,0.0694
Xavier Tillman,2025,217,7,3,24,11,21,0.0323,12.5,0.0323
Yuki Kawamura,2025,139,19,1,28,21,50,0.1367,21.5,0.1367
Yuri Collins,2025,39,4,0,9,4,9,0.1026,4.0,0.1026
Yves Missi,2025,1699,95,11,137,109,236,0.0559,114.5,0.0559
Zaccharie Risacher,2025,1429,92,20,171,114,237,0.0644,124.0,0.0644
Zach Collins,2025,1227,106,7,151,118,258,0.0864,121.5,0.0864
Zach Edey,2025,1127,65,9,109,74,167,0.0577,78.5,0.0577
Zach LaVine,2025,2818,310,51,575,392,797,0.11,417.5,0.11
Zeke Nnaji,2025,356,23,2,35,27,62,0.0646,28.0,0.0646
Ziaire Williams,2025,1377,79,7,152,89,195,0.0574,92.5,0.0574
Zion Williamson,2025,1200,156,10,311,173,414,0.13,178.0,0.13
Zyon Pullin,2025,2,0,0,1,0,0,0.0,0.0,0.0
A.J. Lawson,2026,185,7,1,20,10,20,0.0378,10.5,0.0378
Aaron Gordon,2026,1168,96,11,175,117,256,0.0822,122.5,0.0822
Aaron Holiday,2026,811,60,13,119,81,165,0.074,87.5,0.074
Aaron Nesmith,2026,1561,86,17,151,113,231,0.0551,121.5,0.0551
Aaron Wiggins,2026,1459,109,24,215,147,292,0.0747,159.0,0.0747
Ace Bailey,2026,1323,131,21,242,165,350,0.099,175.5,0.099
Adama Bal,2026,203,19,1,30,20,47,0.0936,20.5,0.0936
Adem Bona,2026,873,32,6,59,41,88,0.0367,44.0,0.0367
Adou Thiero,2026,133,10,1,15,11,29,0.0752,11.5,0.0752
AJ Green,2026,2622,144,28,260,187,395,0.0549,201.0,0.0549
AJ Johnson,2026,476,46,5,94,54,117,0.0966,56.5,0.0966
Ajay Mitchell,2026,1762,206,34,393,256,539,0.1169,273.0,0.1169
Al Horford,2026,1551,116,29,227,150,303,0.0748,164.5,0.0748
Alex Antetokounmpo,2026,14,1,0,1,1,2,0.0714,1.0,0.0714
Alex Caruso,2026,1232,110,13,172,129,275,0.0893,135.5,0.0893
Alex Morales,2026,25,4,0,4,4,10,0.16,4.0,0.16
Alex Sarr,2026,1876,130,17,217,158,356,0.0693,166.5,0.0693
Alijah Martin,2026,135,12,0,18,13,29,0.0889,13.0,0.0889
Alondes Williams,2026,76,12,3,15,15,28,0.1579,16.5,0.1579
Alperen Sengun,2026,3436,445,40,790,526,1142,0.1295,546.0,0.1295
Amari Williams,2026,139,10,1,17,11,28,0.0719,11.5,0.0719
Amen Thompson,2026,4201,420,71,767,522,1111,0.1,557.5,0.1
Amir Coffey,2026,355,27,3,43,30,71,0.0761,31.5,0.0761
Andersson Garcia,2026,166,14,3,21,18,37,0.0843,19.5,0.0843
Andre Drummond,2026,986,80,10,105,91,191,0.0811,96.0,0.0811
Andre Jackson Jr.,2026,652,43,3,80,50,122,0.066,51.5,0.066
Andrew Nembhard,2026,3842,437,54,753,527,1134,0.1137,554.0,0.1137
Andrew Wiggins,2026,1819,175,42,304,226,456,0.0962,247.0,0.0962
Anfernee Simons,2026,1631,134,28,256,168,355,0.0822,182.0,0.0822
Anthony Black,2026,2516,236,30,401,288,599,0.0938,303.0,0.0938
Anthony Davis,2026,709,52,5,80,59,123,0.0733,61.5,0.0733
Anthony Edwards,2026,2620,217,53,385,293,566,0.0828,319.5,0.0828
Anthony Gill,2026,872,69,6,114,77,173,0.0791,80.0,0.0791
Antonio Reeves,2026,48,3,1,7,4,8,0.0625,4.5,0.0625
Ariel Hukporti,2026,381,29,2,54,33,74,0.0761,34.0,0.0761
Asa Newell,2026,451,26,4,51,35,72,0.0576,37.0,0.0576
Ausar Thompson,2026,2071,225,19,366,269,586,0.1086,278.5,0.1086
Austin Reaves,2026,2497,280,39,433,346,691,0.1121,365.5,0.1121
Ayo Dosunmu,2026,2696,249,41,426,311,658,0.0924,331.5,0.0924
Bam Adebayo,2026,2594,229,34,344,279,607,0.0883,296.0,0.0883
Baylor Scheierman,2026,1219,116,19,212,148,325,0.0952,157.5,0.0952
Ben Saraf,2026,1606,145,14,281,174,386,0.0903,181.0,0.0903
Ben Sheppard,2026,1716,114,23,194,143,288,0.0664,154.5,0.0664
Bennedict Mathurin,2026,1718,129,30,230,168,331,0.0751,183.0,0.0751
Bez Mbeng,2026,474,62,6,111,75,155,0.1308,78.0,0.1308
Bilal Coulibaly,2026,1754,145,17,221,170,369,0.0827,178.5,0.0827
Bismack Biyombo,2026,136,5,1,8,6,15,0.0368,6.5,0.0368
Blake Hinson,2026,230,16,2,22,19,37,0.0696,20.0,0.0696
Blake Wesley,2026,568,62,8,123,74,165,0.1092,78.0,0.1092
Bobby Portis,2026,2184,103,15,178,122,271,0.0472,129.5,0.0472
Bobi Klintman,2026,65,6,0,8,6,14,0.0923,6.0,0.0923
Bogdan Bogdanovic,2026,570,51,11,90,69,144,0.0895,74.5,0.0895
Bogdan Bogdanovi,2026,570,51,11,90,69,144,0.0895,74.5,0.0895
Bones Hyland,2026,2106,185,32,292,232,471,0.0878,248.0,0.0878
Bradley Beal,2026,111,10,0,16,11,27,0.0901,11.0,0.0901
Branden Carlson,2026,507,29,2,39,31,72,0.0572,32.0,0.0572
Brandin Podziemski,2026,3603,298,70,625,384,816,0.0827,419.0,0.0827
Brandon Clarke,2026,15,1,0,3,1,3,0.0667,1.0,0.0667
Brandon Ingram,2026,2486,284,46,576,346,739,0.1142,369.0,0.1142
Brandon Miller,2026,2452,217,36,408,277,592,0.0885,295.0,0.0885
Brandon Williams,2026,2145,255,34,481,318,652,0.1189,335.0,0.1189
Brice Sensabaugh,2026,1617,140,23,279,187,368,0.0866,198.5,0.0866
Bronny James,2026,566,51,7,86,62,124,0.0901,65.5,0.0901
Brook Lopez,2026,1224,95,11,161,114,260,0.0776,119.5,0.0776
Brooks Barnhizer,2026,300,22,4,46,27,61,0.0733,29.0,0.0733
Bruce Brown,2026,2279,174,24,296,220,460,0.0763,232.0,0.0763
Bryce McGowens,2026,825,62,5,91,75,161,0.0752,77.5,0.0752
Bub Carrington,2026,3762,381,22,688,443,950,0.1013,454.0,0.1013
Buddy Boeheim,2026,6,0,0,1,1,2,0.0,1.0,0.0
Buddy Hield,2026,1099,71,17,133,101,203,0.0646,109.5,0.0646
Cade Cunningham,2026,3807,626,71,1099,772,1602,0.1644,807.5,0.1644
Caleb Houstan,2026,59,4,1,15,6,10,0.0678,6.5,0.0678
Caleb Love,2026,1213,123,16,199,148,319,0.1014,156.0,0.1014
Caleb Martin,2026,737,81,9,142,101,220,0.1099,105.5,0.1099
Cam Christie,2026,496,31,11,53,44,82,0.0625,49.5,0.0625
Cam Spencer,2026,3004,400,41,684,477,1019,0.1332,497.5,0.1332
Cam Thomas,2026,1039,108,20,200,130,275,0.1039,140.0,0.1039
Cam Whitmore,2026,220,15,0,30,15,38,0.0682,15.0,0.0682
Cameron Johnson,2026,1397,132,19,233,161,333,0.0945,170.5,0.0945
Cameron Payne,2026,691,58,10,95,73,135,0.0839,78.0,0.0839
Caris LeVert,2026,1509,159,11,310,187,405,0.1054,192.5,0.1054
Carter Bryant,2026,685,47,4,90,57,123,0.0686,59.0,0.0686
Cason Wallace,2026,2064,199,27,400,248,535,0.0964,261.5,0.0964
Cedric Coward,2026,2482,171,22,287,211,444,0.0689,222.0,0.0689
Chaney Johnson,2026,370,36,3,53,41,95,0.0973,42.5,0.0973
Charles Bassey,2026,186,7,1,13,8,18,0.0376,8.5,0.0376
Chaz Lanier,2026,154,17,0,18,19,40,0.1104,19.0,0.1104
Chet Holmgren,2026,2034,115,10,177,132,285,0.0565,137.0,0.0565
Chris Boucher,2026,82,3,1,6,4,9,0.0366,4.5,0.0366
Chris Livingston,2026,14,1,0,1,1,2,0.0714,1.0,0.0714
Chris Maon,2026,47,3,0,7,5,7,0.0638,5.0,0.0638
Chris Paul,2026,418,53,5,109,63,146,0.1268,65.5,0.1268
Chris Youngblood,2026,108,12,3,13,15,31,0.1111,16.5,0.1111
Christian Braun,2026,1573,120,13,187,146,315,0.0763,152.5,0.0763
Christian Koloko,2026,311,18,4,30,24,48,0.0579,26.0,0.0579
Chucky Hepburn,2026,23,2,0,5,2,5,0.087,2.0,0.087
CJ Huntley,2026,20,2,0,3,2,5,0.1,2.0,0.1
CJ McCollum,2026,2828,293,39,580,359,789,0.1036,378.5,0.1036
Clint Capela,2026,863,50,9,81,62,131,0.0579,66.5,0.0579
Coby White,2026,1672,200,28,354,237,524,0.1196,251.0,0.1196
Cody Martin,2026,57,2,1,7,4,7,0.0351,4.5,0.0351
Cody Williams,2026,1530,133,18,207,153,328,0.0869,162.0,0.0869
Colby Jones,2026,8,2,0,4,3,5,0.25,3.0,0.25
Cole Anthony,2026,902,118,11,219,143,318,0.1308,148.5,0.1308
Colin Castleton,2026,23,1,0,2,1,2,0.0435,1.0,0.0435
Collin Gillespie,2026,3669,371,77,635,473,950,0.1011,511.5,0.1011
Collin Murray-Boyles,2026,1422,106,10,178,123,275,0.0745,128.0,0.0745
Collin Sexton,2026,2131,223,27,410,277,573,0.1046,290.5,0.1046
Cooper Flagg,2026,2874,291,40,525,338,716,0.1013,358.0,0.1013
Corey Kispert,2026,954,92,10,157,110,236,0.0964,115.0,0.0964
Cormac Ryan,2026,251,19,5,44,26,50,0.0757,28.5,0.0757
Craig Porter Jr.,2026,1809,203,28,393,251,522,0.1122,265.0,0.1122
Curtis Jones,2026,98,10,0,13,13,31,0.102,13.0,0.102
D'Angelo Russell,2026,853,104,11,178,131,282,0.1219,136.5,0.1219
Daeqwon Plowden,2026,758,41,8,79,50,103,0.0541,54.0,0.0541
Dalano Banton,2026,100,11,0,20,14,35,0.11,14.0,0.11
Dalen Terry,2026,715,66,10,126,78,170,0.0923,83.0,0.0923
Dalton Knecht,2026,468,21,2,42,26,57,0.0449,27.0,0.0449
Daniel Gafford,2026,1003,52,4,88,60,131,0.0518,62.0,0.0518
Daniss Jenkins,2026,2335,274,31,508,341,716,0.1173,356.5,0.1173
Danny Wolf,2026,1422,127,11,221,153,330,0.0893,158.5,0.0893
DaQuan Jeffries,2026,30,1,0,3,1,3,0.0333,1.0,0.0333
Dario Saric,2026,31,2,1,2,3,5,0.0645,3.5,0.0645
Dario ari,2026,31,2,1,2,3,5,0.0645,3.5,0.0645
Dariq Whitehead,2026,170,9,1,18,11,24,0.0529,11.5,0.0529
Darius Brown,2026,4,0,0,2,1,2,0.0,1.0,0.0
Darius Garland,2026,1910,282,34,495,337,701,0.1476,354.0,0.1476
DaRon Holmes II,2026,194,16,1,29,20,45,0.0825,20.5,0.0825
David Jones Garcia,2026,90,18,3,18,20,40,0.2,21.5,0.2
David Roddy,2026,78,4,0,9,6,14,0.0513,6.0,0.0513
Davion Mitchell,2026,3676,434,70,764,544,1166,0.1181,579.0,0.1181
Day'Ron Sharpe,2026,1619,145,8,238,166,390,0.0896,170.0,0.0896
De'Aaron Fox,2026,3267,445,59,815,556,1207,0.1362,585.5,0.1362
De'Andre Hunter,2026,1114,86,22,175,120,230,0.0772,131.0,0.0772
De'Anthony Melton,2026,1685,120,29,258,163,322,0.0712,177.5,0.0712
Dean Wade,2026,1337,88,15,147,108,231,0.0658,115.5,0.0658
Deandre Ayton,2026,1893,59,13,118,77,151,0.0312,83.5,0.0312
DeAndre Jordan,2026,189,11,0,22,13,30,0.0582,13.0,0.0582
DeJon Jarreau,2026,397,36,1,68,39,97,0.0907,39.5,0.0907
Dejounte Murray,2026,663,89,14,160,117,233,0.1342,124.0,0.1342
DeMar DeRozan,2026,1936,316,49,616,381,818,0.1632,405.5,0.1632
Deni Avdija,2026,3780,442,64,884,537,1184,0.1169,569.0,0.1169
Dennis Schroder,2026,3009,341,25,546,393,862,0.1133,405.5,0.1133
Dennis Schrder,2026,3009,341,25,546,393,862,0.1133,405.5,0.1133
Dereck Lively II,2026,138,13,2,17,19,35,0.0942,20.0,0.0942
Derik Queen,2026,2883,298,22,458,356,767,0.1034,367.0,0.1034
Derrick Jones Jr.,2026,1157,64,7,90,74,162,0.0553,77.5,0.0553
Derrick White,2026,4492,414,46,727,493,1072,0.0922,516.0,0.0922
Desmond Bane,2026,3192,338,47,602,415,875,0.1059,438.5,0.1059
Devin Booker,2026,2301,386,77,785,500,1053,0.1678,538.5,0.1678
Devin Carter,2026,1027,101,8,187,120,249,0.0983,124.0,0.0983
Devin Vassell,2026,1921,167,33,286,214,427,0.0869,230.5,0.0869
Dillon Brooks,2026,1139,99,14,159,126,262,0.0869,133.0,0.0869
Dillon Jones,2026,48,4,0,6,4,9,0.0833,4.0,0.0833
Domantas Sabonis,2026,893,78,7,135,93,190,0.0873,96.5,0.0873
Dominick Barlow,2026,1425,87,18,130,111,231,0.0611,120.0,0.0611
Donovan Clingan,2026,2301,162,18,236,191,403,0.0704,200.0,0.0704
Donovan Mitchell,2026,2876,390,69,767,509,1034,0.1356,543.5,0.1356
Donte DiVincenzo,2026,3339,309,48,472,391,773,0.0925,415.0,0.0925
Dorian Finney-Smith,2026,569,36,3,58,40,89,0.0633,41.5,0.0633
Doug McDermott,2026,407,22,4,48,29,58,0.0541,31.0,0.0541
Drake Powell,2026,1360,91,18,206,114,252,0.0669,123.0,0.0669
Draymond Green,2026,3813,370,37,695,446,979,0.097,464.5,0.097
Drew Eubanks,2026,450,19,2,38,22,46,0.0422,23.0,0.0422
Drew Peterson,2026,62,2,0,6,2,5,0.0323,2.0,0.0323
Drew Timme,2026,280,23,1,36,25,52,0.0821,25.5,0.0821
Dru Smith,2026,1770,175,26,292,214,445,0.0989,227.0,0.0989
Duncan Robinson,2026,1667,154,18,255,190,383,0.0924,199.0,0.0924
Duop Reath,2026,213,10,4,20,14,25,0.0469,16.0,0.0469
Dwight Powell,2026,908,68,7,111,79,170,0.0749,82.5,0.0749
Dylan Cardwell,2026,794,62,8,123,73,156,0.0781,77.0,0.0781
Dylan Harper,2026,2378,266,60,499,349,707,0.1119,379.0,0.1119
Dyson Daniels,2026,3820,449,56,731,542,1174,0.1175,570.0,0.1175
E.J. Liddell,2026,341,24,2,42,28,66,0.0704,29.0,0.0704
Egor Dmin,2026,2172,173,25,359,218,491,0.0797,230.5,0.0797
Elijah Harkless,2026,671,75,6,124,82,186,0.1118,85.0,0.1118
Emanuel Miller,2026,30,4,0,1,4,8,0.1333,4.0,0.1333
Enrique Freeman,2026,25,2,0,1,2,4,0.08,2.0,0.08
Eric Gordon,2026,74,3,0,5,3,6,0.0405,3.0,0.0405
Ethan Thompson,2026,706,57,11,95,74,148,0.0807,79.5,0.0807
Evan Mobley,2026,2932,231,25,432,275,601,0.0788,287.5,0.0788
Franz Wagner,2026,1139,113,11,218,144,305,0.0992,149.5,0.0992
Gabe Vincent,2026,930,76,8,131,90,190,0.0817,94.0,0.0817
Garrett Temple,2026,118,9,0,11,10,22,0.0763,10.0,0.0763
Garrison Mathews,2026,184,10,0,19,10,23,0.0543,10.0,0.0543
Gary Harris,2026,571,50,8,74,62,132,0.0876,66.0,0.0876
Gary Payton II,2026,1554,120,14,220,141,309,0.0772,148.0,0.0772
Gary Trent Jr.,2026,736,77,12,108,91,190,0.1046,97.0,0.1046
GG Jackson,2026,1402,81,13,137,97,205,0.0578,103.5,0.0578
Giannis Antetokounmpo,2026,1559,196,35,386,239,547,0.1257,256.5,0.1257
Goga Bitadze,2026,1062,84,0,112,86,198,0.0791,86.0,0.0791
Gradey Dick,2026,730,51,10,99,68,131,0.0699,73.0,0.0699
Grant Nelson,2026,38,5,1,9,6,12,0.1316,6.5,0.1316
Grant Williams,2026,718,56,10,108,70,150,0.078,75.0,0.078
Grayson Allen,2026,1829,195,20,352,236,517,0.1066,246.0,0.1066
Guerschon Yabusele,2026,1005,63,11,99,75,160,0.0627,80.5,0.0627
Gui Santos,2026,1894,154,37,292,204,411,0.0813,222.5,0.0813
Harrison Barnes,2026,1701,148,14,246,174,373,0.087,181.0,0.087
Harrison Ingram,2026,23,1,1,3,3,5,0.0435,3.5,0.0435
Hayden Gray,2026,21,1,0,3,2,3,0.0476,2.0,0.0476
Haywood Highsmith,2026,75,7,1,12,9,22,0.0933,9.5,0.0933
Herbert Jones,2026,1884,155,11,252,179,389,0.0823,184.5,0.0823
Hugo Gonzlez,2026,956,40,13,87,55,107,0.0418,61.5,0.0418
Hunter Dickinson,2026,44,2,0,8,3,7,0.0455,3.0,0.0455
Hunter Sallis,2026,51,4,2,8,7,13,0.0784,8.0,0.0784
Hunter Tyson,2026,145,17,2,22,19,45,0.1172,20.0,0.1172
Immanuel Quickley,2026,3792,415,56,709,504,1038,0.1094,532.0,0.1094
Isaac Jones,2026,17,1,2,0,3,2,0.0588,4.0,0.0588
Isaac Okoro,2026,1245,100,14,194,126,272,0.0803,133.0,0.0803
Isaiah Collier,2026,3110,417,32,788,494,1110,0.1341,510.0,0.1341
Isaiah Crawford,2026,50,5,0,8,5,11,0.1,5.0,0.1
Isaiah Hartenstein,2026,1710,167,10,245,187,408,0.0977,192.0,0.0977
Isaiah Jackson,2026,814,50,9,92,69,130,0.0614,73.5,0.0614
Isaiah Joe,2026,1267,94,26,196,132,255,0.0742,145.0,0.0742
Isaiah Livers,2026,283,21,1,38,23,58,0.0742,23.5,0.0742
Isaiah Stevens,2026,82,10,0,16,10,25,0.122,10.0,0.122
Isaiah Stewart,2026,932,65,8,122,82,172,0.0697,86.0,0.0697
Ivica Zubac,2026,1615,105,22,199,131,262,0.065,142.0,0.065
Ja Morant,2026,924,161,19,299,195,413,0.1742,204.5,0.1742
Ja'Kobe Walter,2026,1267,86,15,142,105,214,0.0679,112.5,0.0679
Jabari Smith Jr.,2026,2743,143,24,248,176,368,0.0521,188.0,0.0521
Jabari Walker,2026,618,34,7,59,45,90,0.055,48.5,0.055
Jacob Toppin,2026,28,1,0,3,1,3,0.0357,1.0,0.0357
Jaden Hardy,2026,748,58,9,92,69,138,0.0775,73.5,0.0775
Jaden Ivey,2026,753,67,8,119,80,170,0.089,84.0,0.089
Jaden McDaniels,2026,2294,198,35,328,261,530,0.0863,278.5,0.0863
Jae'Sean Tate,2026,380,25,3,50,28,65,0.0658,29.5,0.0658
Jahmai Mashack,2026,826,69,14,166,89,180,0.0835,96.0,0.0835
Jahmir Young,2026,100,9,4,20,14,24,0.09,16.0,0.09
Jahmyl Telfort,2026,23,1,0,3,1,3,0.0435,1.0,0.0435
Jaime Jaquez Jr.,2026,3626,349,44,667,437,949,0.0962,459.0,0.0962
Jake LaRavia,2026,2279,145,18,218,175,372,0.0636,184.0,0.0636
Jakob Poeltl,2026,1285,93,13,123,111,225,0.0724,117.5,0.0724
Jalen Brunson,2026,4705,503,91,867,630,1291,0.1069,675.5,0.1069
Jalen Duren,2026,2307,138,16,239,170,341,0.0598,178.0,0.0598
Jalen Green,2026,849,91,16,170,113,247,0.1072,121.0,0.1072
Jalen Johnson,2026,4606,566,37,1011,658,1478,0.1229,676.5,0.1229
Jalen Pickett,2026,1151,115,6,227,134,302,0.0999,137.0,0.0999
Jalen Slawson,2026,449,36,2,72,41,95,0.0802,42.0,0.0802
Jalen Smith,2026,1300,65,14,102,83,169,0.05,90.0,0.05
Jalen Suggs,2026,2703,312,39,487,381,773,0.1154,400.5,0.1154
Jalen Williams,2026,1199,181,8,294,199,472,0.151,203.0,0.151
Jalen Wilson,2026,821,50,3,110,61,146,0.0609,62.5,0.0609
Jamal Cain,2026,367,29,3,41,34,78,0.079,35.5,0.079
Jamal Murray,2026,3821,535,91,954,689,1400,0.14,734.5,0.14
Jamal Shead,2026,3246,444,50,811,553,1137,0.1368,578.0,0.1368
Jamaree Bouyea,2026,944,82,8,161,92,219,0.0869,96.0,0.0869
James Harden,2026,3564,557,66,936,674,1424,0.1563,707.0,0.1563
James Wiseman,2026,43,3,0,5,3,8,0.0698,3.0,0.0698
Jamir Watkins,2026,888,67,7,109,78,182,0.0755,81.5,0.0755
Jamison Battle,2026,394,24,6,41,35,64,0.0609,38.0,0.0609
Jarace Walker,2026,2173,192,26,349,235,487,0.0884,248.0,0.0884
Jared McCain,2026,1308,90,18,175,120,250,0.0688,129.0,0.0688
Jaren Jackson Jr.,2026,1396,94,16,196,120,258,0.0673,128.0,0.0673
Jarred Vanderbilt,2026,1099,84,8,138,99,206,0.0764,103.0,0.0764
Jarrett Allen,2026,1330,99,11,147,120,258,0.0744,125.5,0.0744
Jase Richardson,2026,668,58,6,98,72,150,0.0868,75.0,0.0868
Javon Small,2026,1200,151,8,271,172,400,0.1258,176.0,0.1258
Javonte Cooke,2026,117,7,0,13,8,15,0.0598,8.0,0.0598
Javonte Green,2026,1417,56,10,121,74,141,0.0395,79.0,0.0395
Jaxson Hayes,2026,966,59,7,94,70,158,0.0611,73.5,0.0611
Jay Huff,2026,1620,121,20,173,147,311,0.0747,157.0,0.0747
Jaylen Brown,2026,2583,364,51,657,438,962,0.1409,463.5,0.1409
Jaylen Clark,2026,521,43,6,72,52,107,0.0825,55.0,0.0825
Jaylen Wells,2026,1242,111,25,197,139,281,0.0894,151.5,0.0894
Jaylin Williams,2026,2192,158,5,247,165,394,0.0721,167.5,0.0721
Jaylon Tyson,2026,1798,146,24,252,179,386,0.0812,191.0,0.0812
Jayson Kent,2026,11,0,0,0,0,0,0.0,0.0,0.0
Jayson Tatum,2026,840,85,15,161,107,218,0.1012,114.5,0.1012
JD Davison,2026,335,35,3,57,40,81,0.1045,41.5,0.1045
Jeenathan Williams,2026,145,14,4,30,19,34,0.0966,21.0,0.0966
Jeff Green,2026,113,8,1,14,10,20,0.0708,10.5,0.0708
Jerami Grant,2026,1586,122,13,245,145,327,0.0769,151.5,0.0769
Jeremiah Fears,2026,3181,279,37,452,343,709,0.0877,361.5,0.0877
Jeremiah Robinson-Earl,2026,356,15,3,31,17,34,0.0421,18.5,0.0421
Jeremy Sochan,2026,509,40,3,84,47,109,0.0786,48.5,0.0786
Jericho Sims,2026,1649,102,19,167,122,269,0.0619,131.5,0.0619
Jett Howard,2026,453,45,4,87,55,116,0.0993,57.0,0.0993
Jevon Carter,2026,1248,87,14,154,107,214,0.0697,114.0,0.0697
Jimmy Butler,2026,1722,185,31,408,234,509,0.1074,249.5,0.1074
Jimmy Butler III,2026,1722,185,31,408,234,509,0.1074,249.5,0.1074
Joan Beringer,2026,248,12,3,14,15,30,0.0484,16.5,0.0484
Jock Landale,2026,1493,115,17,193,139,308,0.077,147.5,0.077
Joe Ingles,2026,227,34,2,49,39,80,0.1498,40.0,0.1498
Joel Embiid,2026,1634,150,19,271,188,400,0.0918,197.5,0.0918
John Collins,2026,1651,70,11,120,85,180,0.0424,90.5,0.0424
John Konchar,2026,1368,118,17,228,142,294,0.0863,150.5,0.0863
John Poulakidas,2026,175,10,3,23,13,27,0.0571,14.5,0.0571
John Tonje,2026,31,2,0,3,3,7,0.0645,3.0,0.0645
Johni Broome,2026,66,4,2,7,6,8,0.0606,7.0,0.0606
Johnny Furphy,2026,748,41,3,60,46,99,0.0548,47.5,0.0548
Johnny Juzang,2026,72,6,0,9,8,19,0.0833,8.0,0.0833
Jonas Valanciunas,2026,1180,78,3,108,88,201,0.0661,89.5,0.0661
Jonas Valaninas,2026,1180,78,3,108,88,201,0.0661,89.5,0.0661
Jonathan Isaac,2026,447,22,4,35,29,60,0.0492,31.0,0.0492
Jonathan Kuminga,2026,1003,83,7,158,95,217,0.0828,98.5,0.0828
Jonathan Mogbo,2026,275,25,0,44,27,63,0.0909,27.0,0.0909
Jordan Clarkson,2026,955,96,10,167,111,252,0.1005,116.0,0.1005
Jordan Goodwin,2026,2024,151,22,269,193,390,0.0746,204.0,0.0746
Jordan Hawkins,2026,560,42,9,64,55,104,0.075,59.5,0.075
Jordan McLaughlin,2026,492,38,11,91,54,104,0.0772,59.5,0.0772
Jordan Miller,2026,1406,134,20,223,165,361,0.0953,175.0,0.0953
Jordan Poole,2026,1122,119,14,212,151,302,0.1061,158.0,0.1061
Jordan Walsh,2026,896,54,4,101,62,150,0.0603,64.0,0.0603
Jose Alvarado,2026,2273,234,24,377,277,585,0.1029,289.0,0.1029
Josh Giddey,2026,3909,494,54,905,584,1275,0.1264,611.0,0.1264
Josh Green,2026,558,47,7,75,57,119,0.0842,60.5,0.0842
Josh Hart,2026,3003,317,34,521,377,838,0.1056,394.0,0.1056
Josh Minott,2026,587,46,3,80,53,121,0.0784,54.5,0.0784
Josh Oduro,2026,63,4,2,6,6,9,0.0635,7.0,0.0635
Josh Okogie,2026,990,69,13,128,87,168,0.0697,93.5,0.0697
Jrue Holiday,2026,2614,322,27,633,391,846,0.1232,404.5,0.1232
Julian Champagnie,2026,2271,127,26,229,174,352,0.0559,187.0,0.0559
Julian Phillips,2026,235,10,2,18,12,24,0.0426,13.0,0.0426
Julian Reese,2026,407,24,3,46,30,63,0.059,31.5,0.059
Julian Strawther,2026,810,61,10,124,79,166,0.0753,84.0,0.0753
Julius Randle,2026,2995,390,34,666,450,1043,0.1302,467.0,0.1302
Justin Champagnie,2026,1472,84,7,111,91,211,0.0571,94.5,0.0571
Justin Edwards,2026,1019,80,8,113,96,222,0.0785,100.0,0.0785
Jusuf Nurkic,2026,1832,196,8,311,221,500,0.107,225.0,0.107
Jusuf Nurki,2026,1832,196,8,311,221,500,0.107,225.0,0.107
Kadary Richmond,2026,63,8,0,10,10,21,0.127,10.0,0.127
Kam Jones,2026,993,119,17,232,140,309,0.1198,148.5,0.1198
Karl-Anthony Towns,2026,2417,226,24,341,264,555,0.0935,276.0,0.0935
Karlo Matkovi,2026,729,50,7,84,58,129,0.0686,61.5,0.0686
Kasparas Jakuionis,2026,1384,137,14,230,156,345,0.099,163.0,0.099
Kawhi Leonard,2026,1961,229,57,441,301,604,0.1168,329.5,0.1168
Keaton Wallace,2026,994,94,17,201,116,242,0.0946,124.5,0.0946
Keegan Murray,2026,680,38,2,81,50,104,0.0559,51.0,0.0559
Kel'el Ware,2026,1534,56,10,71,70,151,0.0365,75.0,0.0365
Keldon Johnson,2026,2003,111,19,214,143,293,0.0554,152.5,0.0554
Kelly Olynyk,2026,509,49,3,82,57,124,0.0963,58.5,0.0963
Kelly Oubre Jr.,2026,1574,80,12,121,96,194,0.0508,102.0,0.0508
Kennedy Chandler,2026,587,74,5,129,88,177,0.1261,90.5,0.1261
Kenrich Williams,2026,827,79,6,131,91,207,0.0955,94.0,0.0955
Kentavious Caldwell-Pope,2026,1563,139,18,246,175,367,0.0889,184.0,0.0889
Keon Ellis,2026,1241,72,14,146,95,195,0.058,102.0,0.058
Keshad Johnson,2026,331,8,8,32,18,21,0.0242,22.0,0.0242
Keshon Gilbert,2026,82,12,0,16,12,29,0.1463,12.0,0.1463
Kevin Durant,2026,3033,372,80,688,512,949,0.1227,552.0,0.1227
Kevin Huerter,2026,1835,178,28,298,226,451,0.097,240.0,0.097
Kevin Love,2026,825,65,4,86,75,166,0.0788,77.0,0.0788
Kevin McCullar Jr.,2026,193,20,3,33,24,50,0.1036,25.5,0.1036
Kevin Porter Jr.,2026,2240,280,31,522,336,731,0.125,351.5,0.125
Kevon Looney,2026,414,34,2,52,37,87,0.0821,38.0,0.0821
Keyonte George,2026,2860,325,48,587,401,822,0.1136,425.0,0.1136
Khaman Maluach,2026,382,6,1,13,8,17,0.0157,8.5,0.0157
Khris Middleton,2026,1188,173,22,329,214,436,0.1456,225.0,0.1456
Killian Hayes,2026,670,81,6,134,96,213,0.1209,99.0,0.1209
KJ Simpson,2026,413,43,1,75,46,113,0.1041,46.5,0.1041
Klay Thompson,2026,792,88,10,159,115,228,0.1111,120.0,0.1111
Kobe Brown,2026,1022,80,8,126,94,202,0.0783,98.0,0.0783
Kobe Bufkin,2026,137,10,2,12,12,26,0.073,13.0,0.073
Kobe Sanders,2026,1300,109,18,196,137,283,0.0838,146.0,0.0838
Koby Brea,2026,103,10,0,20,10,23,0.0971,10.0,0.0971
Kon Knueppel,2026,2678,274,52,514,353,729,0.1023,379.0,0.1023
Kris Dunn,2026,3436,290,33,496,351,737,0.0844,367.5,0.0844
Kris Murray,2026,783,81,7,139,95,208,0.1034,98.5,0.1034
Kristaps Porzingis,2026,732,76,6,113,85,192,0.1038,88.0,0.1038
Kristaps Porziis,2026,732,76,6,113,85,192,0.1038,88.0,0.1038
Kyle Anderson,2026,1128,124,6,190,138,308,0.1099,141.0,0.1099
Kyle Filipowski,2026,2218,197,22,326,234,494,0.0888,245.0,0.0888
Kyle Kuzma,2026,2014,178,26,330,217,466,0.0884,230.0,0.0884
Kyle Lowry,2026,141,11,2,21,13,29,0.078,14.0,0.078
Kyshawn George,2026,1965,214,29,389,262,546,0.1089,276.5,0.1089
Lachlan Olbrich,2026,438,42,3,66,49,116,0.0959,50.5,0.0959
LaMelo Ball,2026,3550,514,62,853,621,1354,0.1448,652.0,0.1448
Landry Shamet,2026,983,72,8,131,83,192,0.0732,87.0,0.0732
Larry Nance Jr.,2026,425,34,4,63,40,90,0.08,42.0,0.08
Lauri Markkanen,2026,1161,85,10,157,98,222,0.0732,103.0,0.0732
Lawson Lovering,2026,30,3,1,2,4,7,0.1,4.5,0.1
Leaky Black,2026,384,22,2,50,25,61,0.0573,26.0,0.0573
LeBron James,2026,2837,432,36,707,508,1085,0.1523,526.0,0.1523
Leonard Miller,2026,842,40,5,59,47,106,0.0475,49.5,0.0475
Liam McNeeley,2026,335,24,5,30,30,64,0.0716,32.5,0.0716
Lindy Waters III,2026,292,19,4,45,26,51,0.0651,28.0,0.0651
LJ Cryer,2026,366,17,14,35,31,42,0.0464,38.0,0.0464
Lonzo Ball,2026,1361,136,19,226,167,352,0.0999,176.5,0.0999
Lucas Williamson,2026,284,18,3,31,24,48,0.0634,25.5,0.0634
Luguentz Dort,2026,1301,85,23,158,116,230,0.0653,127.5,0.0653
Luka Doni,2026,3407,530,78,861,665,1320,0.1556,704.0,0.1556
Luka Garza,2026,1167,66,8,98,74,163,0.0566,78.0,0.0566
Luke Kennard,2026,1660,174,24,297,219,454,0.1048,231.0,0.1048
Luke Kornet,2026,1418,126,13,187,145,319,0.0889,151.5,0.0889
Luke Travers,2026,115,9,2,13,11,21,0.0783,12.0,0.0783
Mac McClung,2026,151,10,2,22,12,23,0.0662,13.0,0.0662
Malachi Smith,2026,524,49,5,84,59,131,0.0935,61.5,0.0935
Malaki Branham,2026,311,23,3,54,30,61,0.074,31.5,0.074
Malevy Leons,2026,294,23,4,39,27,56,0.0782,29.0,0.0782
Malik Monk,2026,1523,185,13,321,220,471,0.1215,226.5,0.1215
Marcus Sasser,2026,629,75,5,121,90,197,0.1192,92.5,0.1192
Marcus Smart,2026,2068,186,21,291,226,455,0.0899,236.5,0.0899
MarJon Beauchamp,2026,169,15,4,27,21,40,0.0888,23.0,0.0888
Mark Sears,2026,29,2,1,5,3,5,0.069,3.5,0.069
Mark Williams,2026,1460,58,3,93,65,153,0.0397,66.5,0.0397
Markelle Fultz,2026,48,8,1,13,11,22,0.1667,11.5,0.1667
Marvin Bagley III,2026,1232,81,7,127,94,216,0.0657,97.5,0.0657
Mason Plumlee,2026,208,20,2,27,25,57,0.0962,26.0,0.0962
Matas Buzelis,2026,2660,158,27,285,193,400,0.0594,206.5,0.0594
Matisse Thybulle,2026,456,27,7,47,36,70,0.0592,39.5,0.0592
Max Christie,2026,1962,146,20,238,178,367,0.0744,188.0,0.0744
Max Shulga,2026,54,2,0,10,2,4,0.037,2.0,0.037
Max Strus,2026,384,24,3,43,31,60,0.0625,32.5,0.0625
Maxi Kleber,2026,390,27,0,46,31,77,0.0692,31.0,0.0692
Maxime Raynaud,2026,2425,100,8,164,116,254,0.0412,120.0,0.0412
Micah Peavy,2026,633,61,10,99,79,157,0.0964,84.0,0.0964
Micah Potter,2026,1046,69,7,92,81,177,0.066,84.5,0.066
Michael Porter Jr.,2026,1832,158,17,259,186,386,0.0862,194.5,0.0862
Mikal Bridges,2026,3314,304,50,491,371,815,0.0917,396.0,0.0917
Mike Conley,2026,1705,155,19,257,191,405,0.0909,200.5,0.0909
Miles Bridges,2026,2617,246,34,443,292,678,0.094,309.0,0.094
Miles Kelly,2026,100,12,2,16,14,32,0.12,15.0,0.12
Miles McBride,2026,1400,106,20,200,136,283,0.0757,146.0,0.0757
Mitchell Robinson,2026,884,52,9,75,67,142,0.0588,71.5,0.0588
Mo Bamba,2026,47,1,1,3,3,5,0.0213,3.5,0.0213
Mohamed Diawara,2026,729,53,6,97,60,141,0.0727,63.0,0.0727
Monte Morris,2026,124,9,1,27,11,24,0.0726,11.5,0.0726
Mont Morris,2026,124,9,1,27,11,24,0.0726,11.5,0.0726
Moritz Wagner,2026,464,27,6,46,32,64,0.0582,35.0,0.0582
Moses Moody,2026,1153,95,18,193,119,248,0.0824,128.0,0.0824
Mouhamadou Gueye,2026,39,6,0,6,6,15,0.1538,6.0,0.1538
Mouhamed Gueye,2026,1062,69,5,135,79,190,0.065,81.5,0.065
Moussa Cisse,2026,402,9,2,26,12,22,0.0224,13.0,0.0224
Moussa Diabate,2026,2090,141,22,218,175,389,0.0675,186.0,0.0675
Moussa Diabat,2026,2090,141,22,218,175,389,0.0675,186.0,0.0675
Myles Turner,2026,1402,101,17,151,125,268,0.072,133.5,0.072
Myron Gardner,2026,523,44,10,95,59,126,0.0841,64.0,0.0841
N'Faly Dante,2026,14,0,0,0,0,0,0.0,0.0,0.0
Nae'Qwan Tomlin,2026,734,52,8,94,67,140,0.0708,71.0,0.0708
Naji Marshall,2026,2243,226,20,361,257,565,0.1008,267.0,0.1008
Nate Williams,2026,145,14,4,30,19,34,0.0966,21.0,0.0966
Naz Reid,2026,2703,167,26,253,198,428,0.0618,211.0,0.0618
Neemias Queta,2026,1960,126,13,197,145,329,0.0643,151.5,0.0643
Nic Claxton,2026,2481,253,11,457,285,669,0.102,290.5,0.102
Nick Richards,2026,659,16,5,32,21,40,0.0243,23.5,0.0243
Nick Smith Jr.,2026,478,31,6,59,40,78,0.0649,43.0,0.0649
Nickeil Alexander-Walker,2026,2990,286,48,530,358,751,0.0957,382.0,0.0957
Nicolas Batum,2026,1400,63,9,108,83,173,0.045,87.5,0.045
Nigel Hayes,2026,167,7,0,22,8,21,0.0419,8.0,0.0419
Nigel Hayes-Davis,2026,167,7,0,22,8,21,0.0419,8.0,0.0419
Nikola Joki,2026,4744,697,68,1143,851,1830,0.1469,885.0,0.1469
Nikola Jovi,2026,1072,101,15,180,126,261,0.0942,133.5,0.0942
Nikola Topi,2026,277,44,2,77,47,110,0.1588,48.0,0.1588
Nikola Vucevic,2026,2804,213,22,352,241,537,0.076,252.0,0.076
Nikola Vuevi,2026,2804,213,22,352,241,537,0.076,252.0,0.076
Nique Clifford,2026,2137,179,26,314,220,446,0.0838,233.0,0.0838
Noa Essengue,2026,5,0,0,0,0,0,0.0,0.0,0.0
Noah Clowney,2026,1607,108,8,201,126,297,0.0672,130.0,0.0672
Noah Penda,2026,990,70,7,129,81,173,0.0707,84.5,0.0707
Nolan Traore,2026,2284,213,31,428,258,566,0.0933,273.5,0.0933
Norchad Omier,2026,39,2,0,2,2,5,0.0513,2.0,0.0513
Norman Powell,2026,1336,138,22,258,171,350,0.1033,182.0,0.1033
Obi Toppin,2026,650,55,5,83,62,141,0.0846,64.5,0.0846
Ochai Agbaji,2026,879,47,7,101,62,133,0.0535,65.5,0.0535
OG Anunoby,2026,1819,145,32,269,187,386,0.0797,203.0,0.0797
Olivier Sarr,2026,43,5,0,4,5,12,0.1163,5.0,0.1163
Olivier-Maxence Prosper,2026,898,51,6,90,60,128,0.0568,63.0,0.0568
Omer Yurtseven,2026,143,8,0,11,10,24,0.0559,10.0,0.0559
Onyeka Okongwu,2026,2701,231,30,340,276,592,0.0855,291.0,0.0855
Orlando Robinson,2026,39,3,0,7,4,8,0.0769,4.0,0.0769
Oscar Tshiebwe,2026,395,32,3,48,39,82,0.081,40.5,0.081
Oso Ighodaro,2026,2182,185,17,326,217,496,0.0848,225.5,0.0848
Ousmane Dieng,2026,1364,136,20,247,166,354,0.0997,176.0,0.0997
P.J. Washington,2026,1741,96,16,159,123,254,0.0551,131.0,0.0551
Pacme Dadiet,2026,143,12,1,18,14,30,0.0839,14.5,0.0839
Paolo Banchero,2026,3629,373,47,656,436,938,0.1028,459.5,0.1028
Pascal Siakam,2026,2732,236,45,457,301,633,0.0864,323.5,0.0864
Pat Connaughton,2026,359,18,2,53,25,50,0.0501,26.0,0.0501
Pat Spencer,2026,2325,228,36,455,286,616,0.0981,304.0,0.0981
Patrick Baldwin Jr.,2026,74,5,2,10,7,12,0.0676,8.0,0.0676
Patrick Williams,2026,1581,105,13,216,126,276,0.0664,132.5,0.0664
Paul George,2026,1609,133,18,238,170,347,0.0827,179.0,0.0827
Paul Reed,2026,980,78,11,123,92,201,0.0796,97.5,0.0796
Payton Pritchard,2026,4025,408,61,733,496,1060,0.1014,526.5,0.1014
Payton Sandfort,2026,35,0,0,1,0,0,0.0,0.0,0.0
Pelle Larsson,2026,1801,231,29,349,281,592,0.1283,295.5,0.1283
Pete Nance,2026,886,48,3,93,54,127,0.0542,55.5,0.0542
Peyton Watson,2026,1938,111,11,208,136,310,0.0573,141.5,0.0573
PJ Hall,2026,206,10,2,20,12,25,0.0485,13.0,0.0485
Precious Achiuwa,2026,1470,101,4,137,108,247,0.0687,110.0,0.0687
Quentin Grimes,2026,2442,244,37,422,305,638,0.0999,323.5,0.0999
Quenton Jackson,2026,1489,140,23,252,175,374,0.094,186.5,0.094
Quinten Post,2026,1592,94,23,158,128,248,0.059,139.5,0.059
Rasheer Fleming,2026,326,16,5,35,23,39,0.0491,25.5,0.0491
Rayan Rupert,2026,1061,68,6,133,83,191,0.0641,86.0,0.0641
RayJ Dennis,2026,418,33,9,75,47,87,0.0789,51.5,0.0789
Reed Sheppard,2026,3247,277,44,481,349,710,0.0853,371.0,0.0853
Riley Minix,2026,60,5,0,12,6,13,0.0833,6.0,0.0833
RJ Barrett,2026,1965,189,26,362,236,492,0.0962,249.0,0.0962
Rob Dillingham,2026,1370,143,18,280,181,375,0.1044,190.0,0.1044
Robert Williams III,2026,1070,60,9,99,69,149,0.0561,73.5,0.0561
Rocco Zikarsky,2026,43,2,0,2,2,4,0.0465,2.0,0.0465
Ron Harper Jr.,2026,317,22,3,37,27,61,0.0694,28.5,0.0694
Ronald Holland II,2026,1700,92,11,179,107,228,0.0541,112.5,0.0541
Royce O'Neale,2026,3311,208,31,374,248,525,0.0628,263.5,0.0628
Rudy Gobert,2026,2556,125,17,175,147,329,0.0489,155.5,0.0489
Rui Hachimura,2026,1362,56,5,95,67,152,0.0411,69.5,0.0411
Russell Westbrook,2026,3156,426,25,742,497,1025,0.135,509.5,0.135
Ryan Dunn,2026,1304,102,8,167,116,263,0.0782,120.0,0.0782
Ryan Kalkbrenner,2026,1183,54,12,110,72,153,0.0456,78.0,0.0456
Ryan Nembhard,2026,1907,298,32,456,349,739,0.1563,365.0,0.1563
Ryan Rollins,2026,3701,409,62,750,507,1083,0.1105,538.0,0.1105
Saddiq Bey,2026,1855,182,15,302,205,467,0.0981,212.5,0.0981
Sam Hauser,2026,2086,114,10,181,127,299,0.0547,132.0,0.0547
Sam Merrill,2026,1499,122,15,214,159,315,0.0814,166.5,0.0814
Sandro Mamukelashvili,2026,1962,151,15,273,179,391,0.077,186.5,0.077
Santi Aldama,2026,1700,126,20,222,155,329,0.0741,165.0,0.0741
Scoot Henderson,2026,1120,112,22,237,151,308,0.1,162.0,0.1
Scottie Barnes,2026,4051,474,44,810,567,1178,0.117,589.0,0.117
Scotty Pippen Jr.,2026,343,47,4,83,52,118,0.137,54.0,0.137
Sean Pedulla,2026,37,5,0,7,5,10,0.1351,5.0,0.1351
Seth Curry,2026,129,10,1,19,11,21,0.0775,11.5,0.0775
Shaedon Sharpe,2026,1547,132,25,278,172,371,0.0853,184.5,0.0853
Shai Gilgeous-Alexander,2026,2621,447,61,881,541,1187,0.1705,571.5,0.1705
Sharife Cooper,2026,1122,124,10,215,141,325,0.1105,146.0,0.1105
Sidy Cissoko,2026,1275,110,9,201,128,294,0.0863,132.5,0.0863
Simone Fontecchio,2026,1154,99,22,159,130,259,0.0858,141.0,0.0858
Sion James,2026,2235,163,15,288,192,459,0.0729,199.5,0.0729
Skal Labissiere,2026,55,3,0,7,4,10,0.0545,4.0,0.0545
Spencer Jones,2026,753,51,8,97,63,139,0.0677,67.0,0.0677
Stanley Umude,2026,6,1,0,0,1,2,0.1667,1.0,0.1667
Stephen Curry,2026,1673,203,56,373,280,513,0.1213,308.0,0.1213
Stephon Castle,2026,3315,502,54,863,594,1333,0.1514,621.0,0.1514
Steven Adams,2026,678,48,9,69,58,110,0.0708,62.5,0.0708
Svi Mykhailiuk,2026,1006,93,13,182,115,244,0.0924,121.5,0.0924
T.J. McConnell,2026,2181,287,33,515,349,777,0.1316,365.5,0.1316
Taelon Peter,2026,581,40,12,73,55,105,0.0688,61.0,0.0688
Taj Gibson,2026,67,6,0,12,6,15,0.0896,6.0,0.0896
Tari Eason,2026,1599,90,17,156,114,230,0.0563,122.5,0.0563
Taurean Prince,2026,581,46,7,78,56,124,0.0792,59.5,0.0792
Taylor Hendricks,2026,809,55,4,84,59,140,0.068,61.0,0.068
Terance Mann,2026,2034,190,15,361,215,495,0.0934,222.5,0.0934
Terrence Shannon Jr.,2026,435,38,4,87,43,99,0.0874,45.0,0.0874
Thanasis Antetokounmpo,2026,155,15,0,36,17,46,0.0968,17.0,0.0968
Thomas Bryant,2026,854,33,4,54,42,89,0.0386,44.0,0.0386
Tidjane Salan,2026,611,27,2,66,35,81,0.0442,36.0,0.0442
Tim Hardaway Jr.,2026,1562,108,15,169,130,269,0.0691,137.5,0.0691
Tobias Harris,2026,1784,155,22,267,196,399,0.0869,207.0,0.0869
Toby Okani,2026,102,6,2,15,10,19,0.0588,11.0,0.0588
Tolu Smith,2026,147,13,1,20,14,34,0.0884,14.5,0.0884
Tony Bradley,2026,344,22,2,39,27,61,0.064,28.0,0.064
Tosan Evbuomwan,2026,7,0,0,3,1,2,0.0,1.0,0.0
Toumani Camara,2026,3371,201,29,388,247,540,0.0596,261.5,0.0596
Trae Young,2026,646,120,12,222,146,319,0.1858,152.0,0.1858
Trayce Jackson-Davis,2026,625,39,3,89,46,106,0.0624,47.5,0.0624
Tre Johnson,2026,1169,122,13,223,143,309,0.1044,149.5,0.1044
Tre Jones,2026,3004,350,46,703,415,912,0.1165,438.0,0.1165
Tre Mann,2026,995,86,11,180,106,234,0.0864,111.5,0.0864
Trendon Watford,2026,1620,132,9,235,153,339,0.0815,157.5,0.0815
Trentyn Flowers,2026,4,1,0,1,1,2,0.25,1.0,0.25
Trevon Scott,2026,186,10,4,21,14,25,0.0538,16.0,0.0538
Trevor Keels,2026,15,0,0,1,0,0,0.0,0.0,0.0
Trey Alexander,2026,108,9,1,18,11,24,0.0833,11.5,0.0833
Trey Jemison,2026,62,5,0,9,5,11,0.0806,5.0,0.0806
Trey Jemison III,2026,62,5,0,9,5,11,0.0806,5.0,0.0806
Trey Murphy III,2026,2652,250,33,463,303,624,0.0943,319.5,0.0943
Tristan da Silva,2026,1607,124,13,187,144,304,0.0772,150.5,0.0772
Tristan Enaruna,2026,71,7,0,10,7,16,0.0986,7.0,0.0986
Tristan Vukcevic,2026,706,55,4,78,67,138,0.0779,69.0,0.0779
Tristen Newton,2026,10,0,0,0,0,0,0.0,0.0,0.0
Ty Jerome,2026,505,85,9,122,101,215,0.1683,105.5,0.1683
Tyler Burton,2026,258,12,3,17,15,30,0.0465,16.5,0.0465
Tyler Herro,2026,1226,127,20,213,159,332,0.1036,169.0,0.1036
Tyler Kolek,2026,1439,170,17,315,202,445,0.1181,210.5,0.1181
Tyler Smith,2026,137,5,1,11,7,14,0.0365,7.5,0.0365
Tyrese Martin,2026,1149,78,10,168,91,200,0.0679,96.0,0.0679
Tyrese Maxey,2026,4620,461,75,857,589,1223,0.0998,626.5,0.0998
Tyrese Proctor,2026,700,74,21,157,105,197,0.1057,115.5,0.1057
Tyson Etienne,2026,395,40,4,68,44,99,0.1013,46.0,0.1013
TyTy Washington Jr.,2026,129,17,2,28,24,46,0.1318,25.0,0.1318
Tyus Jones,2026,1845,159,22,273,200,419,0.0862,211.0,0.0862
Victor Wembanyama,2026,2188,199,41,358,250,509,0.091,270.5,0.091
Vince Williams Jr.,2026,1521,166,25,282,205,438,0.1091,217.5,0.1091
Vit Krejci,2026,1424,100,16,196,120,254,0.0702,128.0,0.0702
VJ Edgecombe,2026,3911,315,41,518,387,823,0.0805,407.5,0.0805
Vladislav Goldin,2026,16,3,0,3,3,7,0.1875,3.0,0.1875
Vt Krej,2026,1424,100,16,196,120,254,0.0702,128.0,0.0702
Walker Kessler,2026,203,15,2,29,21,45,0.0739,22.0,0.0739
Walter Clayton Jr.,2026,2397,276,33,497,340,719,0.1151,356.5,0.1151
Wendell Carter Jr.,2026,2117,154,16,228,173,384,0.0727,181.0,0.0727
Wendell Moore Jr.,2026,54,4,0,6,4,12,0.0741,4.0,0.0741
Will Richard,2026,1228,92,20,176,124,257,0.0749,134.0,0.0749
Will Riley,2026,1729,146,23,281,179,375,0.0844,190.5,0.0844
Xavier Tillman,2026,190,13,1,25,15,36,0.0684,15.5,0.0684
Yang Hansen,2026,239,22,1,27,23,54,0.0921,23.5,0.0921
Yanic Konan Niederhuser,2026,313,12,5,18,17,29,0.0383,19.5,0.0383
Yuki Kawamura,2026,358,47,5,78,55,115,0.1313,57.5,0.1313
Yves Missi,2026,1199,84,8,121,94,216,0.0701,98.0,0.0701
Zaccharie Risacher,2026,1088,76,12,131,97,202,0.0699,103.0,0.0699
Zach Collins,2026,216,15,1,24,18,40,0.0694,18.5,0.0694
Zach Edey,2026,257,12,1,21,13,31,0.0467,13.5,0.0467
Zach LaVine,2026,1258,89,11,189,105,221,0.0707,110.5,0.0707
Zeke Nnaji,2026,525,29,4,36,36,79,0.0552,38.0,0.0552
Ziaire Williams,2026,906,60,12,126,80,157,0.0662,86.0,0.0662
Zion Williamson,2026,1806,199,21,382,234,539,0.1102,244.5,0.1102
Zyon Pullin,2026,67,9,0,11,11,27,0.1343,11.0,0.1343
