player,season_year,total_fga,avg_efg,fga_6+_feet___wide_open,fga_2_4_feet___tight,fga_4_6_feet___open,fga_0_2_feet___very_tight,open_shot_rate,tight_shot_rate
A.J. Lawson,2024,5,0.9,5.0,0.0,0.0,0.0,1.0,0.0
A.J. Lawson,2025,5,1.1,0.0,0.0,5.0,0.0,1.0,0.0
A.J. Lawson,2026,4,0.625,0.0,0.0,4.0,0.0,1.0,0.0
AJ Green,2025,17,0.55,13.0,0.0,4.0,0.0,1.0,0.0
AJ Green,2026,26,0.625,0.0,8.0,18.0,0.0,0.6923,0.3077
AJ Griffin,2024,5,0.4,0.0,5.0,0.0,0.0,0.0,1.0
AJ Johnson,2025,12,0.20833333333333334,8.0,4.0,0.0,0.0,0.6667,0.3333
AJ Johnson,2026,8,0.375,0.0,8.0,0.0,0.0,0.0,1.0
Aaron Gordon,2024,21,0.6041666666666666,11.0,10.0,0.0,0.0,0.5238,0.4762
Aaron Gordon,2025,14,0.666675,4.0,6.0,4.0,0.0,0.5714,0.4286
Aaron Gordon,2026,20,0.825,4.0,12.0,4.0,0.0,0.4,0.6
Aaron Holiday,2024,11,0.6666666666666666,11.0,0.0,0.0,0.0,1.0,0.0
Aaron Holiday,2026,12,0.625,12.0,0.0,0.0,0.0,1.0,0.0
Aaron Nesmith,2024,18,1.165,18.0,0.0,0.0,0.0,1.0,0.0
Aaron Nesmith,2025,20,0.6241,20.0,0.0,0.0,0.0,1.0,0.0
Aaron Nesmith,2026,38,0.4875,23.0,0.0,15.0,0.0,1.0,0.0
Aaron Wiggins,2024,3,0.6667,0.0,3.0,0.0,0.0,0.0,1.0
Aaron Wiggins,2025,41,0.713488888888889,32.0,9.0,0.0,0.0,0.7805,0.2195
Aaron Wiggins,2026,18,0.6,18.0,0.0,0.0,0.0,1.0,0.0
Ace Bailey,2026,28,0.6107142857142858,25.0,0.0,3.0,0.0,1.0,0.0
Adam Flagler,2025,6,0.25,6.0,0.0,0.0,0.0,1.0,0.0
Adama Sanogo,2024,4,0.5,0.0,4.0,0.0,0.0,0.0,1.0
Adem Bona,2025,4,1.0,0.0,4.0,0.0,0.0,0.0,1.0
Adem Bona,2026,4,0.5,0.0,4.0,0.0,0.0,0.0,1.0
Ajay Mitchell,2025,6,0.66665,3.0,0.0,3.0,0.0,1.0,0.0
Ajay Mitchell,2026,14,0.520825,3.0,11.0,0.0,0.0,0.2143,0.7857
Al Horford,2024,42,0.8170555555555556,38.0,0.0,4.0,0.0,1.0,0.0
Al Horford,2025,106,0.5583826086956521,102.0,4.0,0.0,0.0,0.9623,0.0377
Al Horford,2026,26,0.43571428571428567,22.0,0.0,4.0,0.0,1.0,0.0
Alec Burks,2024,31,0.8277777777777778,20.0,0.0,11.0,0.0,1.0,0.0
Alec Burks,2025,12,0.625,4.0,0.0,8.0,0.0,1.0,0.0
Alex Caruso,2024,22,0.6,22.0,0.0,0.0,0.0,1.0,0.0
Alex Caruso,2025,9,0.3375,9.0,0.0,0.0,0.0,1.0,0.0
Alex Caruso,2026,26,0.25166,26.0,0.0,0.0,0.0,1.0,0.0
Alex Reese,2025,4,0.75,4.0,0.0,0.0,0.0,1.0,0.0
Alex Sarr,2025,55,0.5095214285714286,37.0,3.0,15.0,0.0,0.9455,0.0545
Alex Sarr,2026,48,0.6840333333333333,11.0,28.0,9.0,0.0,0.4167,0.5833
Alperen Sengun,2024,40,0.7045545454545454,6.0,27.0,7.0,0.0,0.325,0.675
Alperen Sengun,2025,34,0.6499999999999999,0.0,31.0,0.0,3.0,0.0,1.0
Alperen Sengun,2026,24,0.5892857142857143,3.0,17.0,4.0,0.0,0.2917,0.7083
Amen Thompson,2024,12,0.7083333333333334,4.0,8.0,0.0,0.0,0.3333,0.6667
Amen Thompson,2025,9,0.5,6.0,3.0,0.0,0.0,0.6667,0.3333
Amen Thompson,2026,28,0.6881,0.0,24.0,4.0,0.0,0.1429,0.8571
Amir Coffey,2024,21,0.485,17.0,0.0,4.0,0.0,1.0,0.0
Amir Coffey,2025,11,0.9166666666666666,4.0,0.0,7.0,0.0,1.0,0.0
Andre Drummond,2024,37,0.55,0.0,31.0,0.0,6.0,0.0,1.0
Andre Drummond,2025,13,0.5777666666666667,0.0,8.0,5.0,0.0,0.3846,0.6154
Andre Drummond,2026,11,0.4222333333333333,0.0,11.0,0.0,0.0,0.0,1.0
Andre Jackson Jr.,2024,11,0.5333333333333333,6.0,5.0,0.0,0.0,0.5455,0.4545
Andre Jackson Jr.,2025,3,0.0,3.0,0.0,0.0,0.0,1.0,0.0
Andrew Nembhard,2024,8,0.48334999999999995,5.0,0.0,3.0,0.0,1.0,0.0
Andrew Nembhard,2025,8,0.3125,8.0,0.0,0.0,0.0,1.0,0.0
Andrew Nembhard,2026,27,0.515625,18.0,0.0,9.0,0.0,1.0,0.0
Andrew Wiggins,2024,14,0.46875,10.0,0.0,4.0,0.0,1.0,0.0
Andrew Wiggins,2025,17,0.5375,4.0,13.0,0.0,0.0,0.2353,0.7647
Andrew Wiggins,2026,19,0.53666,0.0,16.0,3.0,0.0,0.1579,0.8421
Anfernee Simons,2024,67,0.6352941176470589,4.0,44.0,16.0,3.0,0.2985,0.7015
Anfernee Simons,2025,78,0.6170619047619047,18.0,35.0,25.0,0.0,0.5513,0.4487
Anfernee Simons,2026,16,0.625,3.0,0.0,13.0,0.0,1.0,0.0
Anthony Black,2024,4,1.0,4.0,0.0,0.0,0.0,1.0,0.0
Anthony Black,2025,12,0.20833333333333334,4.0,8.0,0.0,0.0,0.3333,0.6667
Anthony Black,2026,22,0.5625,12.0,7.0,3.0,0.0,0.6818,0.3182
Anthony Davis,2024,93,0.6058,11.0,60.0,13.0,9.0,0.2581,0.7419
Anthony Davis,2025,83,0.6460380952380953,11.0,62.0,10.0,0.0,0.253,0.747
Anthony Davis,2026,18,0.5277666666666666,0.0,9.0,9.0,0.0,0.5,0.5
Anthony Edwards,2024,65,0.5851888888888889,0.0,39.0,26.0,0.0,0.4,0.6
Anthony Edwards,2025,107,0.5198692307692308,0.0,43.0,64.0,0.0,0.5981,0.4019
Anthony Edwards,2026,101,0.599,9.0,43.0,49.0,0.0,0.5743,0.4257
Anthony Gill,2024,8,0.5,8.0,0.0,0.0,0.0,1.0,0.0
Antonio Reeves,2025,12,0.875,12.0,0.0,0.0,0.0,1.0,0.0
Ausar Thompson,2024,28,0.4107142857142857,25.0,3.0,0.0,0.0,0.8929,0.1071
Ausar Thompson,2025,7,0.125,3.0,4.0,0.0,0.0,0.4286,0.5714
Ausar Thompson,2026,3,0.6667,0.0,3.0,0.0,0.0,0.0,1.0
Austin Reaves,2024,20,0.5763833333333334,17.0,3.0,0.0,0.0,0.85,0.15
Austin Reaves,2025,48,0.6694416666666667,39.0,4.0,5.0,0.0,0.9167,0.0833
Austin Reaves,2026,35,0.6073999999999999,21.0,0.0,8.0,6.0,0.8286,0.1714
Ayo Dosunmu,2024,54,0.6678571428571428,43.0,11.0,0.0,0.0,0.7963,0.2037
Ayo Dosunmu,2025,17,0.46875,17.0,0.0,0.0,0.0,1.0,0.0
Ayo Dosunmu,2026,16,0.725,8.0,8.0,0.0,0.0,0.5,0.5
Bam Adebayo,2024,28,0.4979125,0.0,10.0,18.0,0.0,0.6429,0.3571
Bam Adebayo,2025,32,0.4166625,15.0,7.0,10.0,0.0,0.7812,0.2188
Bam Adebayo,2026,57,0.7012769230769231,50.0,4.0,3.0,0.0,0.9298,0.0702
Baylor Scheierman,2025,4,0.75,4.0,0.0,0.0,0.0,1.0,0.0
Baylor Scheierman,2026,17,0.525,17.0,0.0,0.0,0.0,1.0,0.0
Ben Saraf,2026,9,0.3375,9.0,0.0,0.0,0.0,1.0,0.0
Ben Sheppard,2024,8,0.75,8.0,0.0,0.0,0.0,1.0,0.0
Ben Sheppard,2025,10,0.7083333333333334,10.0,0.0,0.0,0.0,1.0,0.0
Ben Sheppard,2026,5,0.3,5.0,0.0,0.0,0.0,1.0,0.0
Bennedict Mathurin,2024,3,1.5,3.0,0.0,0.0,0.0,1.0,0.0
Bennedict Mathurin,2025,7,0.75,0.0,7.0,0.0,0.0,0.0,1.0
Bennedict Mathurin,2026,22,0.6368999999999999,6.0,6.0,10.0,0.0,0.7273,0.2727
Bilal Coulibaly,2024,34,0.459375,31.0,0.0,3.0,0.0,1.0,0.0
Bilal Coulibaly,2025,28,0.5642857142857143,21.0,0.0,7.0,0.0,1.0,0.0
Bilal Coulibaly,2026,20,0.56334,17.0,3.0,0.0,0.0,0.85,0.15
Bismack Biyombo,2025,4,0.5,0.0,4.0,0.0,0.0,0.0,1.0
Blake Hinson,2026,5,0.9,0.0,0.0,5.0,0.0,1.0,0.0
Blake Wesley,2024,3,0.3333,0.0,0.0,3.0,0.0,1.0,0.0
Bobby Portis,2024,27,0.5964285714285714,11.0,0.0,16.0,0.0,1.0,0.0
Bobby Portis,2025,36,0.53333,4.0,10.0,22.0,0.0,0.7222,0.2778
Bobby Portis,2026,57,0.754675,11.0,3.0,43.0,0.0,0.9474,0.0526
Bogdan Bogdanovi,2024,52,0.4814076923076923,11.0,17.0,24.0,0.0,0.6731,0.3269
Bogdan Bogdanovi,2025,8,0.3125,4.0,4.0,0.0,0.0,0.5,0.5
Bogdan Bogdanovic,2024,52,0.4814076923076923,11.0,17.0,24.0,0.0,0.6731,0.3269
Bogdan Bogdanovic,2025,11,0.3194333333333333,4.0,4.0,3.0,0.0,0.6364,0.3636
Bojan Bogdanovic,2024,19,0.40834000000000004,7.0,9.0,3.0,0.0,0.5263,0.4737
Bones Hyland,2024,4,0.0,0.0,4.0,0.0,0.0,0.0,1.0
Bones Hyland,2026,7,0.875,3.0,4.0,0.0,0.0,0.4286,0.5714
Bradley Beal,2024,3,0.6667,0.0,3.0,0.0,0.0,0.0,1.0
Bradley Beal,2025,22,0.5972166666666666,7.0,3.0,12.0,0.0,0.8636,0.1364
Branden Carlson,2026,16,0.585425,9.0,3.0,4.0,0.0,0.8125,0.1875
Brandin Podziemski,2024,16,0.4,16.0,0.0,0.0,0.0,1.0,0.0
Brandin Podziemski,2025,19,0.52,16.0,0.0,3.0,0.0,1.0,0.0
Brandin Podziemski,2026,28,0.5928571428571429,28.0,0.0,0.0,0.0,1.0,0.0
Brandon Boston,2025,7,0.0,0.0,7.0,0.0,0.0,0.0,1.0
Brandon Boston Jr.,2025,7,0.0,0.0,7.0,0.0,0.0,0.0,1.0
Brandon Clarke,2025,8,0.625,0.0,4.0,4.0,0.0,0.5,0.5
Brandon Ingram,2024,31,0.46875,0.0,28.0,3.0,0.0,0.0968,0.9032
Brandon Ingram,2025,8,0.375,0.0,0.0,8.0,0.0,1.0,0.0
Brandon Ingram,2026,29,0.5629777777777778,0.0,26.0,3.0,0.0,0.1034,0.8966
Brandon Miller,2024,44,0.48333333333333334,23.0,14.0,7.0,0.0,0.6818,0.3182
Brandon Miller,2025,18,0.4,8.0,4.0,6.0,0.0,0.7778,0.2222
Brandon Miller,2026,53,0.6684571428571429,38.0,12.0,3.0,0.0,0.7736,0.2264
Brandon Williams,2026,10,0.0,6.0,4.0,0.0,0.0,0.6,0.4
Brice Sensabaugh,2024,4,0.75,4.0,0.0,0.0,0.0,1.0,0.0
Brice Sensabaugh,2025,25,0.6835333333333334,15.0,3.0,7.0,0.0,0.88,0.12
Brice Sensabaugh,2026,17,0.34375,0.0,0.0,17.0,0.0,1.0,0.0
Brook Lopez,2024,98,0.5931541666666666,74.0,0.0,20.0,4.0,0.9592,0.0408
Brook Lopez,2025,94,0.6471318181818182,69.0,13.0,12.0,0.0,0.8617,0.1383
Brook Lopez,2026,53,0.7825272727272726,50.0,0.0,3.0,0.0,1.0,0.0
Brooks Barnhizer,2026,7,0.8571,7.0,0.0,0.0,0.0,1.0,0.0
Bruce Brown,2024,3,0.0,3.0,0.0,0.0,0.0,1.0,0.0
Bruce Brown,2025,4,1.0,4.0,0.0,0.0,0.0,1.0,0.0
Bruce Brown,2026,3,0.6667,0.0,3.0,0.0,0.0,0.0,1.0
Bruno Fernando,2024,5,0.8,0.0,5.0,0.0,0.0,0.0,1.0
Bryce McGowens,2024,12,0.35000000000000003,9.0,0.0,3.0,0.0,1.0,0.0
Bryce McGowens,2026,11,0.5555666666666667,4.0,7.0,0.0,0.0,0.3636,0.6364
Bub Carrington,2025,21,0.5208333333333334,11.0,0.0,10.0,0.0,1.0,0.0
Bub Carrington,2026,14,0.65625,11.0,0.0,3.0,0.0,1.0,0.0
Buddy Hield,2024,58,0.5994071428571429,55.0,3.0,0.0,0.0,0.9483,0.0517
Buddy Hield,2025,46,0.8409749999999999,32.0,3.0,11.0,0.0,0.9348,0.0652
Buddy Hield,2026,3,0.5,3.0,0.0,0.0,0.0,1.0,0.0
CJ McCollum,2024,23,0.8083333333333332,20.0,0.0,3.0,0.0,1.0,0.0
CJ McCollum,2025,38,0.6969636363636363,7.0,14.0,17.0,0.0,0.6316,0.3684
CJ McCollum,2026,42,0.7564153846153847,10.0,16.0,16.0,0.0,0.619,0.381
Cade Cunningham,2024,74,0.5166571428571428,14.0,50.0,10.0,0.0,0.3243,0.6757
Cade Cunningham,2025,142,0.4956235294117647,6.0,130.0,3.0,3.0,0.0634,0.9366
Cade Cunningham,2026,81,0.49324761904761905,7.0,62.0,12.0,0.0,0.2346,0.7654
Caleb Houstan,2024,16,0.714575,5.0,3.0,8.0,0.0,0.8125,0.1875
Caleb Houstan,2025,9,1.0,9.0,0.0,0.0,0.0,1.0,0.0
Caleb Love,2026,29,0.6322875,15.0,3.0,11.0,0.0,0.8966,0.1034
Caleb Martin,2024,7,0.54165,4.0,3.0,0.0,0.0,0.5714,0.4286
Caleb Martin,2025,3,0.5,0.0,0.0,3.0,0.0,1.0,0.0
Caleb Martin,2026,4,1.125,4.0,0.0,0.0,0.0,1.0,0.0
Cam Spencer,2025,4,1.5,4.0,0.0,0.0,0.0,1.0,0.0
Cam Thomas,2024,38,0.48166000000000003,0.0,27.0,11.0,0.0,0.2895,0.7105
Cam Thomas,2025,15,0.541675,0.0,15.0,0.0,0.0,0.0,1.0
Cam Thomas,2026,11,0.4222333333333333,0.0,6.0,5.0,0.0,0.4545,0.5455
Cam Whitmore,2024,4,0.375,0.0,0.0,4.0,0.0,1.0,0.0
Cam Whitmore,2025,5,1.0,0.0,0.0,5.0,0.0,1.0,0.0
Cameron Johnson,2024,21,0.7916666666666666,10.0,0.0,11.0,0.0,1.0,0.0
Cameron Johnson,2025,26,0.5595285714285715,15.0,3.0,8.0,0.0,0.8846,0.1154
Cameron Johnson,2026,26,0.6803499999999999,26.0,0.0,0.0,0.0,1.0,0.0
Cameron Payne,2024,14,0.7000000000000001,10.0,4.0,0.0,0.0,0.7143,0.2857
Cameron Payne,2025,3,0.0,0.0,3.0,0.0,0.0,0.0,1.0
Cameron Payne,2026,4,0.75,0.0,0.0,4.0,0.0,1.0,0.0
Caris LeVert,2024,17,0.66666,6.0,7.0,4.0,0.0,0.5882,0.4118
Caris LeVert,2025,4,1.125,4.0,0.0,0.0,0.0,1.0,0.0
Caris LeVert,2026,7,0.875,7.0,0.0,0.0,0.0,1.0,0.0
Carter Bryant,2026,13,0.725,13.0,0.0,0.0,0.0,1.0,0.0
Cason Wallace,2024,7,0.5625,7.0,0.0,0.0,0.0,1.0,0.0
Cason Wallace,2025,7,0.8125,4.0,0.0,3.0,0.0,1.0,0.0
Cason Wallace,2026,23,0.95555,23.0,0.0,0.0,0.0,1.0,0.0
Cedi Osman,2024,12,0.5916666666666667,12.0,0.0,0.0,0.0,1.0,0.0
Cedric Coward,2026,9,1.1666666666666667,6.0,3.0,0.0,0.0,0.6667,0.3333
Chaney Johnson,2026,8,0.375,8.0,0.0,0.0,0.0,1.0,0.0
Charles Bassey,2025,8,0.5,0.0,8.0,0.0,0.0,0.0,1.0
Charles Bassey,2026,4,0.75,0.0,4.0,0.0,0.0,0.0,1.0
Chaz Lanier,2026,5,0.9,5.0,0.0,0.0,0.0,1.0,0.0
Chet Holmgren,2024,54,0.5314153846153846,31.0,23.0,0.0,0.0,0.5741,0.4259
Chet Holmgren,2025,7,0.6875,4.0,3.0,0.0,0.0,0.5714,0.4286
Chet Holmgren,2026,40,0.734090909090909,16.0,7.0,14.0,3.0,0.75,0.25
Chimezie Metu,2024,7,0.75,3.0,4.0,0.0,0.0,0.4286,0.5714
Chris Boucher,2025,8,1.1,0.0,0.0,8.0,0.0,1.0,0.0
Chris Duarte,2024,4,0.0,4.0,0.0,0.0,0.0,1.0,0.0
Chris Paul,2024,12,0.8972333333333333,9.0,3.0,0.0,0.0,0.75,0.25
Chris Paul,2025,10,0.5139,0.0,0.0,10.0,0.0,1.0,0.0
Chris Youngblood,2026,7,0.1875,7.0,0.0,0.0,0.0,1.0,0.0
Christian Braun,2024,3,0.6667,0.0,3.0,0.0,0.0,0.0,1.0
Christian Braun,2025,19,0.7033400000000001,5.0,11.0,3.0,0.0,0.4211,0.5789
Christian Braun,2026,43,0.6305555555555555,39.0,4.0,0.0,0.0,0.907,0.093
Christian Wood,2024,11,0.4166666666666667,11.0,0.0,0.0,0.0,1.0,0.0
Chuma Okeke,2024,6,0.25,6.0,0.0,0.0,0.0,1.0,0.0
Clint Capela,2024,43,0.6348454545454545,0.0,40.0,0.0,3.0,0.0,1.0
Clint Capela,2025,19,0.6,0.0,19.0,0.0,0.0,0.0,1.0
Clint Capela,2026,7,0.29164999999999996,0.0,7.0,0.0,0.0,0.0,1.0
Coby White,2024,73,0.52625,46.0,16.0,11.0,0.0,0.7808,0.2192
Coby White,2025,31,0.6522,19.0,6.0,6.0,0.0,0.8065,0.1935
Coby White,2026,17,0.515625,14.0,3.0,0.0,0.0,0.8235,0.1765
Cody Martin,2025,11,0.40276666666666666,8.0,0.0,3.0,0.0,1.0,0.0
Cody Williams,2025,5,0.0,5.0,0.0,0.0,0.0,1.0,0.0
Cole Anthony,2024,22,0.7791666666666667,16.0,6.0,0.0,0.0,0.7273,0.2727
Cole Anthony,2025,10,0.3611,3.0,7.0,0.0,0.0,0.3,0.7
Cole Anthony,2026,3,1.0,0.0,0.0,3.0,0.0,1.0,0.0
Cole Swider,2025,4,0.375,0.0,0.0,4.0,0.0,1.0,0.0
Collin Gillespie,2025,4,0.75,4.0,0.0,0.0,0.0,1.0,0.0
Collin Gillespie,2026,22,0.5652833333333334,19.0,0.0,3.0,0.0,1.0,0.0
Collin Murray-Boyles,2026,3,1.0,0.0,3.0,0.0,0.0,0.0,1.0
Collin Sexton,2024,17,0.59166,0.0,6.0,11.0,0.0,0.6471,0.3529
Collin Sexton,2025,7,0.41664999999999996,0.0,4.0,3.0,0.0,0.4286,0.5714
Collin Sexton,2026,6,0.16665,3.0,3.0,0.0,0.0,0.5,0.5
Cooper Flagg,2026,66,0.52,0.0,66.0,0.0,0.0,0.0,1.0
Corey Kispert,2024,66,0.5296875,43.0,0.0,23.0,0.0,1.0,0.0
Corey Kispert,2025,27,0.44642857142857145,23.0,0.0,4.0,0.0,1.0,0.0
Corey Kispert,2026,4,0.625,0.0,0.0,4.0,0.0,1.0,0.0
Cory Joseph,2025,4,0.375,4.0,0.0,0.0,0.0,1.0,0.0
D'Angelo Russell,2024,49,0.5069363636363636,5.0,20.0,24.0,0.0,0.5918,0.4082
D'Angelo Russell,2025,26,0.6190571428571429,4.0,15.0,7.0,0.0,0.4231,0.5769
D'Angelo Russell,2026,20,0.5766600000000001,4.0,8.0,8.0,0.0,0.6,0.4
DaQuan Jeffries,2025,15,0.458325,4.0,3.0,8.0,0.0,0.8,0.2
DaRon Holmes II,2026,7,0.4375,7.0,0.0,0.0,0.0,1.0,0.0
Daeqwon Plowden,2026,36,0.5415125000000001,4.0,0.0,32.0,0.0,1.0,0.0
Dalano Banton,2024,12,0.4583333333333333,8.0,4.0,0.0,0.0,0.6667,0.3333
Dalano Banton,2025,26,0.5875,13.0,4.0,9.0,0.0,0.8462,0.1538
Dalen Terry,2024,3,0.5,3.0,0.0,0.0,0.0,1.0,0.0
Dalen Terry,2025,8,0.9375,8.0,0.0,0.0,0.0,1.0,0.0
Dalton Knecht,2025,21,0.78334,0.0,7.0,14.0,0.0,0.6667,0.3333
Damian Lillard,2024,70,0.4888833333333333,11.0,36.0,23.0,0.0,0.4857,0.5143
Damian Lillard,2025,42,0.7007545454545455,7.0,28.0,7.0,0.0,0.3333,0.6667
Daniel Gafford,2024,9,0.9,0.0,9.0,0.0,0.0,0.0,1.0
Daniel Gafford,2025,31,0.68125,0.0,31.0,0.0,0.0,0.0,1.0
Daniel Gafford,2026,8,0.625,0.0,8.0,0.0,0.0,0.0,1.0
Daniel Theis,2024,7,0.52085,7.0,0.0,0.0,0.0,1.0,0.0
Daniel Theis,2025,3,0.3333,3.0,0.0,0.0,0.0,1.0,0.0
Danny Wolf,2026,39,0.43416999999999994,27.0,12.0,0.0,0.0,0.6923,0.3077
Dant Exum,2024,19,0.63334,16.0,3.0,0.0,0.0,0.8421,0.1579
Dante Exum,2024,19,0.63334,16.0,3.0,0.0,0.0,0.8421,0.1579
Dario Saric,2024,25,0.6458333333333334,25.0,0.0,0.0,0.0,1.0,0.0
Dario Saric,2025,4,0.75,4.0,0.0,0.0,0.0,1.0,0.0
Dario ari,2024,25,0.6458333333333334,25.0,0.0,0.0,0.0,1.0,0.0
Dario ari,2025,4,0.75,4.0,0.0,0.0,0.0,1.0,0.0
Dariq Whitehead,2025,9,1.0125,5.0,0.0,4.0,0.0,1.0,0.0
Dariq Whitehead,2026,4,0.25,0.0,4.0,0.0,0.0,0.0,1.0
Darius Garland,2024,16,0.491675,4.0,12.0,0.0,0.0,0.25,0.75
Darius Garland,2025,30,0.6018444444444444,12.0,15.0,3.0,0.0,0.5,0.5
Darius Garland,2026,27,0.458325,7.0,20.0,0.0,0.0,0.2593,0.7407
David Roddy,2024,20,0.27,7.0,4.0,9.0,0.0,0.8,0.2
David Roddy,2026,5,0.2,0.0,5.0,0.0,0.0,0.0,1.0
Davion Mitchell,2024,12,0.5,12.0,0.0,0.0,0.0,1.0,0.0
Davion Mitchell,2025,4,1.5,4.0,0.0,0.0,0.0,1.0,0.0
Davion Mitchell,2026,9,0.4875,9.0,0.0,0.0,0.0,1.0,0.0
Davis Bertans,2024,17,0.4,0.0,8.0,9.0,0.0,0.5294,0.4706
Day'Ron Sharpe,2024,12,0.5833333333333334,0.0,12.0,0.0,0.0,0.0,1.0
Day'Ron Sharpe,2025,4,0.75,0.0,4.0,0.0,0.0,0.0,1.0
Day'Ron Sharpe,2026,3,1.0,0.0,3.0,0.0,0.0,0.0,1.0
De'Aaron Fox,2024,85,0.5242739130434783,4.0,54.0,20.0,7.0,0.2824,0.7176
De'Aaron Fox,2025,62,0.659375,3.0,34.0,25.0,0.0,0.4516,0.5484
De'Aaron Fox,2026,36,0.6599999999999999,6.0,17.0,13.0,0.0,0.5278,0.4722
De'Andre Hunter,2024,28,0.515625,8.0,7.0,13.0,0.0,0.75,0.25
De'Andre Hunter,2025,41,0.6515181818181818,30.0,6.0,5.0,0.0,0.8537,0.1463
De'Andre Hunter,2026,19,0.675,12.0,0.0,7.0,0.0,1.0,0.0
De'Anthony Melton,2024,15,0.34375,11.0,0.0,4.0,0.0,1.0,0.0
De'Anthony Melton,2025,7,0.4375,4.0,0.0,3.0,0.0,1.0,0.0
De'Anthony Melton,2026,8,0.46665,3.0,5.0,0.0,0.0,0.375,0.625
DeAndre Jordan,2024,4,0.75,0.0,4.0,0.0,0.0,0.0,1.0
DeJon Jarreau,2026,6,0.6667,6.0,0.0,0.0,0.0,1.0,0.0
DeMar DeRozan,2024,62,0.5796875,3.0,55.0,4.0,0.0,0.1129,0.8871
DeMar DeRozan,2025,53,0.5986166666666667,5.0,48.0,0.0,0.0,0.0943,0.9057
DeMar DeRozan,2026,63,0.6009823529411764,0.0,52.0,11.0,0.0,0.1746,0.8254
Dean Wade,2024,9,1.0,9.0,0.0,0.0,0.0,1.0,0.0
Dean Wade,2025,19,0.63,19.0,0.0,0.0,0.0,1.0,0.0
Dean Wade,2026,15,0.84375,12.0,0.0,3.0,0.0,1.0,0.0
Deandre Ayton,2024,73,0.56860625,0.0,32.0,41.0,0.0,0.5616,0.4384
Deandre Ayton,2025,64,0.59688125,0.0,38.0,26.0,0.0,0.4062,0.5938
Deandre Ayton,2026,51,0.6858923076923076,0.0,37.0,14.0,0.0,0.2745,0.7255
Dejounte Murray,2024,134,0.48952571428571423,0.0,105.0,29.0,0.0,0.2164,0.7836
Dejounte Murray,2025,24,0.47024285714285713,0.0,3.0,21.0,0.0,0.875,0.125
Dejounte Murray,2026,9,0.675,0.0,9.0,0.0,0.0,0.0,1.0
Delon Wright,2024,4,0.375,4.0,0.0,0.0,0.0,1.0,0.0
Deni Avdija,2024,12,0.27776666666666666,5.0,7.0,0.0,0.0,0.4167,0.5833
Deni Avdija,2025,35,0.6175888888888889,14.0,15.0,6.0,0.0,0.5714,0.4286
Deni Avdija,2026,61,0.6686294117647059,25.0,22.0,14.0,0.0,0.6393,0.3607
Dennis Schrder,2024,15,0.520825,9.0,3.0,3.0,0.0,0.8,0.2
Dennis Schrder,2025,19,0.5277833333333334,3.0,10.0,6.0,0.0,0.4737,0.5263
Dennis Schrder,2026,7,0.75,0.0,7.0,0.0,0.0,0.0,1.0
Dennis Schroder,2024,15,0.520825,9.0,3.0,3.0,0.0,0.8,0.2
Dennis Schroder,2025,19,0.5277833333333334,3.0,10.0,6.0,0.0,0.4737,0.5263
Dennis Schroder,2026,7,0.75,0.0,7.0,0.0,0.0,0.0,1.0
Dennis Smith Jr.,2024,7,0.375,3.0,4.0,0.0,0.0,0.4286,0.5714
Dereck Lively II,2024,19,0.83334,0.0,15.0,4.0,0.0,0.2105,0.7895
Dereck Lively II,2025,20,0.5277833333333334,0.0,20.0,0.0,0.0,0.0,1.0
Derik Queen,2026,3,1.0,0.0,3.0,0.0,0.0,0.0,1.0
Derrick Jones Jr.,2024,65,0.65625,65.0,0.0,0.0,0.0,1.0,0.0
Derrick Jones Jr.,2025,27,0.5104124999999999,24.0,3.0,0.0,0.0,0.8889,0.1111
Derrick Jones Jr.,2026,12,0.375,8.0,0.0,4.0,0.0,1.0,0.0
Derrick White,2024,72,0.7359631578947369,37.0,8.0,27.0,0.0,0.8889,0.1111
Derrick White,2025,57,0.4766666666666666,40.0,0.0,17.0,0.0,1.0,0.0
Derrick White,2026,47,0.5237153846153846,20.0,7.0,20.0,0.0,0.8511,0.1489
Desmond Bane,2024,40,0.6007,16.0,16.0,8.0,0.0,0.6,0.4
Desmond Bane,2025,12,0.66665,3.0,3.0,6.0,0.0,0.75,0.25
Desmond Bane,2026,16,0.55002,0.0,13.0,3.0,0.0,0.1875,0.8125
Devin Booker,2024,60,0.5206923076923077,0.0,52.0,8.0,0.0,0.1333,0.8667
Devin Booker,2025,53,0.5179461538461538,4.0,18.0,31.0,0.0,0.6604,0.3396
Devin Booker,2026,51,0.5297642857142857,0.0,27.0,24.0,0.0,0.4706,0.5294
Devin Carter,2026,8,0.5625,4.0,4.0,0.0,0.0,0.5,0.5
Devin Vassell,2024,26,0.6041624999999999,0.0,20.0,6.0,0.0,0.2308,0.7692
Devin Vassell,2026,37,0.7159090909090909,9.0,0.0,28.0,0.0,1.0,0.0
Dillon Brooks,2024,48,0.565975,41.0,3.0,4.0,0.0,0.9375,0.0625
Dillon Brooks,2025,68,0.54106875,57.0,4.0,7.0,0.0,0.9412,0.0588
Dillon Brooks,2026,80,0.44875,37.0,22.0,21.0,0.0,0.725,0.275
Dillon Jones,2025,8,0.3,8.0,0.0,0.0,0.0,1.0,0.0
Domantas Sabonis,2024,46,0.7514,0.0,24.0,0.0,22.0,0.0,1.0
Domantas Sabonis,2025,76,0.699995,23.0,50.0,0.0,3.0,0.3026,0.6974
Domantas Sabonis,2026,4,0.25,0.0,4.0,0.0,0.0,0.0,1.0
Dominick Barlow,2026,11,0.625,4.0,7.0,0.0,0.0,0.3636,0.6364
Donovan Clingan,2025,20,0.62334,0.0,20.0,0.0,0.0,0.0,1.0
Donovan Clingan,2026,36,0.6851777777777778,11.0,22.0,3.0,0.0,0.3889,0.6111
Donovan Mitchell,2024,32,0.6555666666666666,0.0,9.0,23.0,0.0,0.7188,0.2812
Donovan Mitchell,2025,60,0.5874928571428571,9.0,37.0,14.0,0.0,0.3833,0.6167
Donovan Mitchell,2026,77,0.7,4.0,56.0,17.0,0.0,0.2727,0.7273
Donte DiVincenzo,2024,92,0.6684545454545454,70.0,3.0,19.0,0.0,0.9674,0.0326
Donte DiVincenzo,2025,33,0.540625,30.0,0.0,3.0,0.0,1.0,0.0
Donte DiVincenzo,2026,78,0.4368421052631579,57.0,0.0,21.0,0.0,1.0,0.0
Dorian Finney-Smith,2024,49,0.7395833333333334,49.0,0.0,0.0,0.0,1.0,0.0
Dorian Finney-Smith,2025,52,0.7767833333333334,52.0,0.0,0.0,0.0,1.0,0.0
Dorian Finney-Smith,2026,4,0.375,4.0,0.0,0.0,0.0,1.0,0.0
Doug McDermott,2025,4,1.5,4.0,0.0,0.0,0.0,1.0,0.0
Drake Powell,2026,4,0.375,0.0,0.0,4.0,0.0,1.0,0.0
Draymond Green,2024,12,0.9583333333333334,12.0,0.0,0.0,0.0,1.0,0.0
Draymond Green,2025,54,0.4942307692307692,50.0,4.0,0.0,0.0,0.9259,0.0741
Draymond Green,2026,58,0.6416692307692308,54.0,0.0,4.0,0.0,1.0,0.0
Drew Eubanks,2024,4,0.75,0.0,4.0,0.0,0.0,0.0,1.0
Drew Eubanks,2025,4,1.0,0.0,4.0,0.0,0.0,0.0,1.0
Drew Timme,2025,4,0.5,0.0,4.0,0.0,0.0,0.0,1.0
Dru Smith,2026,7,1.0625,7.0,0.0,0.0,0.0,1.0,0.0
Duncan Robinson,2024,22,0.9107000000000001,10.0,6.0,6.0,0.0,0.7273,0.2727
Duncan Robinson,2025,22,0.6041666666666666,8.0,7.0,7.0,0.0,0.6818,0.3182
Duncan Robinson,2026,12,1.0,4.0,0.0,8.0,0.0,1.0,0.0
Duop Reath,2024,41,0.6416666666666667,41.0,0.0,0.0,0.0,1.0,0.0
Duop Reath,2025,9,0.675,9.0,0.0,0.0,0.0,1.0,0.0
Dwight Powell,2026,5,0.6,0.0,5.0,0.0,0.0,0.0,1.0
Dylan Cardwell,2026,8,0.375,0.0,8.0,0.0,0.0,0.0,1.0
Dylan Harper,2026,9,0.4444333333333333,0.0,9.0,0.0,0.0,0.0,1.0
Dyson Daniels,2024,4,1.125,4.0,0.0,0.0,0.0,1.0,0.0
Dyson Daniels,2025,16,0.7625,12.0,4.0,0.0,0.0,0.75,0.25
Dyson Daniels,2026,21,0.4194333333333333,14.0,7.0,0.0,0.0,0.6667,0.3333
Egor Dmin,2026,23,0.4722166666666667,9.0,0.0,14.0,0.0,1.0,0.0
Elijah Harkless,2026,4,0.375,0.0,0.0,4.0,0.0,1.0,0.0
Emoni Bates,2025,5,0.6,5.0,0.0,0.0,0.0,1.0,0.0
Eric Gordon,2024,69,0.72890625,63.0,0.0,6.0,0.0,1.0,0.0
Eric Gordon,2025,19,0.7634,19.0,0.0,0.0,0.0,1.0,0.0
Eric Gordon,2026,3,1.0,3.0,0.0,0.0,0.0,1.0,0.0
Ethan Thompson,2026,11,0.4166666666666667,4.0,0.0,7.0,0.0,1.0,0.0
Eugene Omoruyi,2024,5,0.9,5.0,0.0,0.0,0.0,1.0,0.0
Evan Mobley,2024,19,0.38666,0.0,12.0,4.0,3.0,0.2105,0.7895
Evan Mobley,2025,34,0.8629555555555556,10.0,15.0,9.0,0.0,0.5588,0.4412
Evan Mobley,2026,40,0.6363636363636364,10.0,24.0,6.0,0.0,0.4,0.6
Franz Wagner,2024,20,0.605,7.0,5.0,4.0,4.0,0.55,0.45
Franz Wagner,2025,35,0.5277777777777778,22.0,9.0,4.0,0.0,0.7429,0.2571
Franz Wagner,2026,18,0.53334,3.0,7.0,8.0,0.0,0.6111,0.3889
Fred VanVleet,2024,50,0.5961461538461539,11.0,18.0,21.0,0.0,0.64,0.36
Fred VanVleet,2025,19,0.7266600000000001,13.0,0.0,6.0,0.0,1.0,0.0
GG Jackson,2024,29,0.5678571428571428,16.0,4.0,9.0,0.0,0.8621,0.1379
GG Jackson,2026,15,0.375,7.0,8.0,0.0,0.0,0.4667,0.5333
Gabe Vincent,2025,4,0.75,4.0,0.0,0.0,0.0,1.0,0.0
Garrison Mathews,2024,3,1.0,3.0,0.0,0.0,0.0,1.0,0.0
Garrison Mathews,2025,25,0.65625,12.0,0.0,13.0,0.0,1.0,0.0
Garrison Mathews,2026,6,0.5,0.0,3.0,3.0,0.0,0.5,0.5
Gary Harris,2024,3,0.8333,0.0,0.0,3.0,0.0,1.0,0.0
Gary Harris,2026,3,0.5,0.0,0.0,3.0,0.0,1.0,0.0
Gary Payton II,2024,8,0.55,8.0,0.0,0.0,0.0,1.0,0.0
Gary Payton II,2025,4,0.375,4.0,0.0,0.0,0.0,1.0,0.0
Gary Payton II,2026,21,0.545,17.0,4.0,0.0,0.0,0.8095,0.1905
Gary Trent Jr.,2024,43,0.7197,22.0,5.0,16.0,0.0,0.8837,0.1163
Gary Trent Jr.,2025,66,0.5497375,52.0,3.0,11.0,0.0,0.9545,0.0455
Gary Trent Jr.,2026,11,0.7555666666666667,8.0,3.0,0.0,0.0,0.7273,0.2727
Georges Niang,2024,30,0.471875,24.0,0.0,6.0,0.0,1.0,0.0
Georges Niang,2025,54,0.7807692307692308,49.0,0.0,5.0,0.0,1.0,0.0
Giannis Antetokounmpo,2024,28,0.704175,5.0,17.0,3.0,3.0,0.2857,0.7143
Giannis Antetokounmpo,2025,50,0.49405,0.0,37.0,13.0,0.0,0.26,0.74
Giannis Antetokounmpo,2026,20,0.7,0.0,20.0,0.0,0.0,0.0,1.0
Goga Bitadze,2024,6,0.66665,0.0,3.0,0.0,3.0,0.0,1.0
Goga Bitadze,2025,14,0.625,0.0,10.0,0.0,4.0,0.0,1.0
Gradey Dick,2025,11,0.4583333333333333,0.0,0.0,11.0,0.0,1.0,0.0
Gradey Dick,2026,3,1.0,3.0,0.0,0.0,0.0,1.0,0.0
Grant Williams,2024,33,0.559375,33.0,0.0,0.0,0.0,1.0,0.0
Grant Williams,2025,12,0.43333333333333335,12.0,0.0,0.0,0.0,1.0,0.0
Grayson Allen,2024,104,0.8233772727272727,104.0,0.0,0.0,0.0,1.0,0.0
Grayson Allen,2025,39,0.7583333333333333,39.0,0.0,0.0,0.0,1.0,0.0
Grayson Allen,2026,34,0.6625,34.0,0.0,0.0,0.0,1.0,0.0
Guerschon Yabusele,2025,17,0.8833399999999999,11.0,6.0,0.0,0.0,0.6471,0.3529
Guerschon Yabusele,2026,4,0.375,0.0,0.0,4.0,0.0,1.0,0.0
Gui Santos,2025,8,1.125,8.0,0.0,0.0,0.0,1.0,0.0
Gui Santos,2026,20,0.635425,14.0,0.0,6.0,0.0,1.0,0.0
Harrison Barnes,2024,29,0.8678571428571429,25.0,4.0,0.0,0.0,0.8621,0.1379
Harrison Barnes,2025,17,1.05,12.0,0.0,5.0,0.0,1.0,0.0
Harrison Barnes,2026,34,0.66667,28.0,3.0,3.0,0.0,0.9118,0.0882
Haywood Highsmith,2024,22,0.799125,22.0,0.0,0.0,0.0,1.0,0.0
Haywood Highsmith,2025,27,0.35714285714285715,27.0,0.0,0.0,0.0,1.0,0.0
Herbert Jones,2024,59,0.57135,59.0,0.0,0.0,0.0,1.0,0.0
Herbert Jones,2025,24,0.6690428571428572,15.0,3.0,6.0,0.0,0.875,0.125
Herbert Jones,2026,24,0.65,24.0,0.0,0.0,0.0,1.0,0.0
Hugo Gonzlez,2026,8,0.7,8.0,0.0,0.0,0.0,1.0,0.0
Immanuel Quickley,2024,18,0.6599999999999999,14.0,4.0,0.0,0.0,0.7778,0.2222
Immanuel Quickley,2026,66,0.6,63.0,3.0,0.0,0.0,0.9545,0.0455
Isaac Okoro,2024,32,0.46837142857142855,32.0,0.0,0.0,0.0,1.0,0.0
Isaac Okoro,2025,12,0.625,12.0,0.0,0.0,0.0,1.0,0.0
Isaac Okoro,2026,22,0.7430499999999999,22.0,0.0,0.0,0.0,1.0,0.0
Isaiah Collier,2025,3,0.3333,0.0,3.0,0.0,0.0,0.0,1.0
Isaiah Collier,2026,4,1.0,0.0,4.0,0.0,0.0,0.0,1.0
Isaiah Hartenstein,2025,43,0.7181818181818183,4.0,28.0,11.0,0.0,0.3488,0.6512
Isaiah Hartenstein,2026,30,0.5785714285714285,3.0,17.0,10.0,0.0,0.4333,0.5667
Isaiah Jackson,2024,3,0.6667,0.0,0.0,0.0,3.0,0.0,1.0
Isaiah Jackson,2025,6,0.66665,0.0,6.0,0.0,0.0,0.0,1.0
Isaiah Jackson,2026,4,1.0,0.0,4.0,0.0,0.0,0.0,1.0
Isaiah Joe,2024,17,0.4,7.0,0.0,10.0,0.0,1.0,0.0
Isaiah Joe,2025,27,0.5357142857142857,19.0,0.0,8.0,0.0,1.0,0.0
Isaiah Joe,2026,31,0.50695,21.0,0.0,10.0,0.0,1.0,0.0
Isaiah Livers,2024,4,0.375,4.0,0.0,0.0,0.0,1.0,0.0
Isaiah Stewart,2024,24,0.8083333333333332,24.0,0.0,0.0,0.0,1.0,0.0
Isaiah Stewart,2025,8,0.8,0.0,8.0,0.0,0.0,0.0,1.0
Isaiah Stewart,2026,25,0.5357142857142857,15.0,10.0,0.0,0.0,0.6,0.4
Ish Smith,2024,5,0.4,0.0,0.0,5.0,0.0,1.0,0.0
Ivica Zubac,2024,25,0.7571571428571428,0.0,22.0,0.0,3.0,0.0,1.0
Ivica Zubac,2025,80,0.7086526315789473,0.0,68.0,12.0,0.0,0.15,0.85
Ivica Zubac,2026,31,0.53125,0.0,31.0,0.0,0.0,0.0,1.0
JT Thor,2024,3,0.3333,3.0,0.0,0.0,0.0,1.0,0.0
Ja Morant,2024,13,0.4603333333333333,0.0,13.0,0.0,0.0,0.0,1.0
Ja Morant,2025,25,0.7736166666666667,4.0,21.0,0.0,0.0,0.16,0.84
Ja Morant,2026,21,0.6541833333333333,7.0,8.0,6.0,0.0,0.619,0.381
Ja'Kobe Walter,2025,15,0.78125,15.0,0.0,0.0,0.0,1.0,0.0
Ja'Kobe Walter,2026,19,0.84375,10.0,0.0,9.0,0.0,1.0,0.0
Jabari Smith Jr.,2024,58,0.5950000000000001,11.0,8.0,39.0,0.0,0.8621,0.1379
Jabari Smith Jr.,2025,20,0.47334,5.0,11.0,4.0,0.0,0.45,0.55
Jabari Smith Jr.,2026,71,0.5527777777777777,18.0,4.0,49.0,0.0,0.9437,0.0563
Jabari Walker,2024,23,0.7381142857142856,4.0,16.0,0.0,3.0,0.1739,0.8261
Jabari Walker,2025,4,1.375,4.0,0.0,0.0,0.0,1.0,0.0
Jabari Walker,2026,11,0.6944333333333333,4.0,4.0,3.0,0.0,0.6364,0.3636
Jacob Gilyard,2024,8,0.375,8.0,0.0,0.0,0.0,1.0,0.0
Jaden Hardy,2024,8,0.5,4.0,0.0,4.0,0.0,1.0,0.0
Jaden Hardy,2025,26,0.5222166666666667,0.0,0.0,26.0,0.0,1.0,0.0
Jaden Hardy,2026,22,0.4861166666666667,7.0,0.0,15.0,0.0,1.0,0.0
Jaden Ivey,2024,46,0.5681818181818182,38.0,4.0,4.0,0.0,0.913,0.087
Jaden Ivey,2025,7,0.6875,7.0,0.0,0.0,0.0,1.0,0.0
Jaden Ivey,2026,13,0.8125,13.0,0.0,0.0,0.0,1.0,0.0
Jaden McDaniels,2024,35,0.47917,24.0,3.0,8.0,0.0,0.9143,0.0857
Jaden McDaniels,2025,42,0.39375,36.0,6.0,0.0,0.0,0.8571,0.1429
Jaden McDaniels,2026,18,0.73834,10.0,5.0,3.0,0.0,0.7222,0.2778
Jaden Springer,2024,3,0.0,3.0,0.0,0.0,0.0,1.0,0.0
Jae Crowder,2024,8,0.3,5.0,3.0,0.0,0.0,0.625,0.375
Jahmai Mashack,2026,4,0.375,4.0,0.0,0.0,0.0,1.0,0.0
Jaime Jaquez Jr.,2024,17,0.49166,10.0,3.0,0.0,4.0,0.5882,0.4118
Jaime Jaquez Jr.,2025,17,0.76666,6.0,11.0,0.0,0.0,0.3529,0.6471
Jaime Jaquez Jr.,2026,45,0.7159749999999999,8.0,34.0,3.0,0.0,0.2444,0.7556
Jake LaRavia,2024,11,0.8333333333333334,4.0,0.0,7.0,0.0,1.0,0.0
Jake LaRavia,2025,4,0.375,4.0,0.0,0.0,0.0,1.0,0.0
Jake LaRavia,2026,21,0.60625,21.0,0.0,0.0,0.0,1.0,0.0
Jakob Poeltl,2024,20,0.6250166666666667,0.0,20.0,0.0,0.0,0.0,1.0
Jakob Poeltl,2025,39,0.56167,0.0,27.0,12.0,0.0,0.3077,0.6923
Jakob Poeltl,2026,8,0.5,0.0,4.0,4.0,0.0,0.5,0.5
Jalen Brunson,2024,233,0.5040320754716981,9.0,132.0,88.0,4.0,0.4163,0.5837
Jalen Brunson,2025,118,0.5853612903225807,0.0,78.0,40.0,0.0,0.339,0.661
Jalen Brunson,2026,138,0.5321428571428571,4.0,101.0,33.0,0.0,0.2681,0.7319
Jalen Duren,2024,20,0.6222333333333333,0.0,17.0,0.0,3.0,0.0,1.0
Jalen Duren,2025,32,0.4952375,0.0,29.0,0.0,3.0,0.0,1.0
Jalen Duren,2026,53,0.5904714285714286,0.0,53.0,0.0,0.0,0.0,1.0
Jalen Green,2024,29,0.5854125,3.0,11.0,15.0,0.0,0.6207,0.3793
Jalen Green,2025,70,0.5078666666666667,3.0,34.0,33.0,0.0,0.5143,0.4857
Jalen Green,2026,8,0.8125,0.0,0.0,8.0,0.0,1.0,0.0
Jalen Johnson,2024,19,0.525,7.0,8.0,4.0,0.0,0.5789,0.4211
Jalen Johnson,2025,15,0.5625,7.0,4.0,4.0,0.0,0.7333,0.2667
Jalen Johnson,2026,31,0.7037111111111112,16.0,6.0,9.0,0.0,0.8065,0.1935
Jalen McDaniels,2024,4,0.75,4.0,0.0,0.0,0.0,1.0,0.0
Jalen Pickett,2025,4,0.75,4.0,0.0,0.0,0.0,1.0,0.0
Jalen Pickett,2026,7,0.25,7.0,0.0,0.0,0.0,1.0,0.0
Jalen Slawson,2026,4,0.75,4.0,0.0,0.0,0.0,1.0,0.0
Jalen Smith,2024,11,0.4583333333333333,11.0,0.0,0.0,0.0,1.0,0.0
Jalen Smith,2025,13,0.614575,10.0,3.0,0.0,0.0,0.7692,0.2308
Jalen Smith,2026,22,0.4791666666666667,18.0,0.0,4.0,0.0,1.0,0.0
Jalen Suggs,2024,37,0.525,30.0,0.0,7.0,0.0,1.0,0.0
Jalen Suggs,2025,37,0.6037,27.0,3.0,7.0,0.0,0.9189,0.0811
Jalen Suggs,2026,16,0.420825,13.0,3.0,0.0,0.0,0.8125,0.1875
Jalen Williams,2024,49,0.46153846153846156,12.0,22.0,15.0,0.0,0.551,0.449
Jalen Williams,2025,47,0.5782076923076923,14.0,22.0,11.0,0.0,0.5319,0.4681
Jalen Williams,2026,30,0.5926,0.0,23.0,7.0,0.0,0.2333,0.7667
Jalen Wilson,2024,4,0.75,4.0,0.0,0.0,0.0,1.0,0.0
Jalen Wilson,2025,23,0.4523857142857143,14.0,3.0,6.0,0.0,0.8696,0.1304
Jalen Wilson,2026,12,0.7000000000000001,12.0,0.0,0.0,0.0,1.0,0.0
Jamal Cain,2024,4,0.625,0.0,0.0,4.0,0.0,1.0,0.0
Jamal Murray,2024,31,0.51875,0.0,13.0,18.0,0.0,0.5806,0.4194
Jamal Murray,2025,31,0.5100428571428571,0.0,16.0,15.0,0.0,0.4839,0.5161
Jamal Murray,2026,80,0.6226190476190476,6.0,35.0,39.0,0.0,0.5625,0.4375
Jamal Shead,2025,8,0.4375,4.0,4.0,0.0,0.0,0.5,0.5
Jamal Shead,2026,25,0.3690428571428571,19.0,6.0,0.0,0.0,0.76,0.24
Jamaree Bouyea,2026,7,0.875,7.0,0.0,0.0,0.0,1.0,0.0
James Harden,2024,41,0.6181727272727273,0.0,31.0,10.0,0.0,0.2439,0.7561
James Harden,2025,102,0.49199600000000004,0.0,89.0,13.0,0.0,0.1275,0.8725
James Harden,2026,111,0.5025827586206897,0.0,97.0,14.0,0.0,0.1261,0.8739
James Wiseman,2024,11,0.6111,0.0,8.0,0.0,3.0,0.0,1.0
Jamir Watkins,2026,12,0.5,8.0,0.0,4.0,0.0,1.0,0.0
Jamison Battle,2025,11,0.5416666666666666,7.0,0.0,4.0,0.0,1.0,0.0
Jarace Walker,2026,9,0.5,3.0,3.0,3.0,0.0,0.6667,0.3333
Jared Butler,2024,4,0.75,0.0,4.0,0.0,0.0,0.0,1.0
Jared Butler,2025,19,0.59334,12.0,7.0,0.0,0.0,0.6316,0.3684
Jared McCain,2025,4,0.75,4.0,0.0,0.0,0.0,1.0,0.0
Jared McCain,2026,6,0.75,6.0,0.0,0.0,0.0,1.0,0.0
Jared Rhoden,2025,4,0.75,0.0,0.0,4.0,0.0,1.0,0.0
Jaren Jackson Jr.,2024,137,0.5687,52.0,73.0,4.0,8.0,0.4088,0.5912
Jaren Jackson Jr.,2025,159,0.5442275,67.0,92.0,0.0,0.0,0.4214,0.5786
Jaren Jackson Jr.,2026,77,0.47063333333333335,46.0,31.0,0.0,0.0,0.5974,0.4026
Jarred Vanderbilt,2026,3,0.5,3.0,0.0,0.0,0.0,1.0,0.0
Jarrett Allen,2024,64,0.7802125,0.0,57.0,7.0,0.0,0.1094,0.8906
Jarrett Allen,2025,65,0.7638944444444444,0.0,55.0,7.0,3.0,0.1077,0.8923
Jarrett Allen,2026,43,0.5878818181818182,0.0,30.0,13.0,0.0,0.3023,0.6977
Jase Richardson,2026,4,0.75,4.0,0.0,0.0,0.0,1.0,0.0
Javonte Green,2025,4,0.75,4.0,0.0,0.0,0.0,1.0,0.0
Javonte Green,2026,28,0.7464285714285713,28.0,0.0,0.0,0.0,1.0,0.0
Jaxson Hayes,2024,4,0.75,0.0,4.0,0.0,0.0,0.0,1.0
Jaxson Hayes,2025,5,0.8,0.0,5.0,0.0,0.0,0.0,1.0
Jaxson Hayes,2026,12,0.6833333333333332,0.0,12.0,0.0,0.0,0.0,1.0
Jay Huff,2025,12,0.425,12.0,0.0,0.0,0.0,1.0,0.0
Jay Huff,2026,64,0.5588562499999999,57.0,7.0,0.0,0.0,0.8906,0.1094
Jaylen Brown,2024,39,0.5583272727272728,4.0,22.0,13.0,0.0,0.4359,0.5641
Jaylen Brown,2025,63,0.47695882352941177,11.0,34.0,18.0,0.0,0.4603,0.5397
Jaylen Brown,2026,72,0.486665,0.0,44.0,28.0,0.0,0.3889,0.6111
Jaylen Clark,2025,4,1.125,4.0,0.0,0.0,0.0,1.0,0.0
Jaylen Clark,2026,8,0.5625,4.0,0.0,4.0,0.0,1.0,0.0
Jaylen Wells,2025,39,0.36818181818181817,13.0,3.0,23.0,0.0,0.9231,0.0769
Jaylen Wells,2026,27,0.5520875,10.0,3.0,14.0,0.0,0.8889,0.1111
Jaylin Williams,2024,11,0.5416666666666666,11.0,0.0,0.0,0.0,1.0,0.0
Jaylin Williams,2025,22,0.58055,22.0,0.0,0.0,0.0,1.0,0.0
Jaylin Williams,2026,54,0.5107166666666667,54.0,0.0,0.0,0.0,1.0,0.0
Jaylon Tyson,2025,5,0.3,5.0,0.0,0.0,0.0,1.0,0.0
Jaylon Tyson,2026,41,0.3825727272727273,16.0,10.0,15.0,0.0,0.7561,0.2439
Jayson Tatum,2024,59,0.455725,0.0,37.0,22.0,0.0,0.3729,0.6271
Jayson Tatum,2025,59,0.6297615384615385,0.0,37.0,22.0,0.0,0.3729,0.6271
Jayson Tatum,2026,12,0.4166666666666667,0.0,4.0,8.0,0.0,0.6667,0.3333
Jeff Green,2024,11,0.4444333333333333,8.0,0.0,0.0,3.0,0.7273,0.2727
Jeff Green,2025,4,0.75,0.0,0.0,4.0,0.0,1.0,0.0
Jerami Grant,2024,32,0.7157444444444444,3.0,19.0,7.0,3.0,0.3125,0.6875
Jerami Grant,2025,45,0.6854166666666667,9.0,5.0,31.0,0.0,0.8889,0.1111
Jerami Grant,2026,56,0.6230769230769231,31.0,6.0,19.0,0.0,0.8929,0.1071
Jeremiah Fears,2026,26,0.6880857142857143,17.0,9.0,0.0,0.0,0.6538,0.3462
Jeremiah Robinson-Earl,2025,7,0.1875,4.0,0.0,3.0,0.0,1.0,0.0
Jeremy Sochan,2024,44,0.5053,37.0,4.0,3.0,0.0,0.9091,0.0909
Jeremy Sochan,2025,28,0.647925,10.0,18.0,0.0,0.0,0.3571,0.6429
Jericho Sims,2025,4,0.5,0.0,4.0,0.0,0.0,0.0,1.0
Jericho Sims,2026,3,1.0,0.0,3.0,0.0,0.0,0.0,1.0
Jett Howard,2025,11,0.6444333333333333,0.0,0.0,11.0,0.0,1.0,0.0
Jett Howard,2026,4,1.125,4.0,0.0,0.0,0.0,1.0,0.0
Jevon Carter,2025,3,1.0,3.0,0.0,0.0,0.0,1.0,0.0
Jevon Carter,2026,8,0.1875,8.0,0.0,0.0,0.0,1.0,0.0
Jimmy Butler,2024,7,0.41664999999999996,0.0,3.0,4.0,0.0,0.5714,0.4286
Jimmy Butler,2025,7,0.60415,4.0,0.0,3.0,0.0,1.0,0.0
Jimmy Butler,2026,7,0.70835,0.0,3.0,4.0,0.0,0.5714,0.4286
Jimmy Butler III,2024,7,0.41664999999999996,0.0,3.0,4.0,0.0,0.5714,0.4286
Jimmy Butler III,2025,7,0.60415,4.0,0.0,3.0,0.0,1.0,0.0
Jimmy Butler III,2026,7,0.70835,0.0,3.0,4.0,0.0,0.5714,0.4286
Joan Beringer,2026,9,0.45,0.0,9.0,0.0,0.0,0.0,1.0
Jock Landale,2026,40,0.60999,16.0,13.0,11.0,0.0,0.675,0.325
Joe Ingles,2024,4,0.375,0.0,0.0,4.0,0.0,1.0,0.0
Joel Embiid,2024,23,0.4930666666666667,3.0,13.0,7.0,0.0,0.4348,0.5652
Joel Embiid,2025,34,0.5583375,4.0,7.0,23.0,0.0,0.7941,0.2059
Joel Embiid,2026,47,0.5173583333333333,16.0,9.0,22.0,0.0,0.8085,0.1915
John Collins,2024,37,0.53667,31.0,6.0,0.0,0.0,0.8378,0.1622
John Collins,2025,30,0.8214285714285714,19.0,4.0,7.0,0.0,0.8667,0.1333
John Collins,2026,17,0.7375,17.0,0.0,0.0,0.0,1.0,0.0
John Konchar,2024,3,0.5,3.0,0.0,0.0,0.0,1.0,0.0
John Konchar,2026,4,1.0,0.0,4.0,0.0,0.0,0.0,1.0
John Poulakidas,2026,5,0.6,5.0,0.0,0.0,0.0,1.0,0.0
Johnny Furphy,2025,4,0.75,4.0,0.0,0.0,0.0,1.0,0.0
Johnny Juzang,2024,4,1.125,4.0,0.0,0.0,0.0,1.0,0.0
Johnny Juzang,2025,25,0.6825,0.0,0.0,25.0,0.0,1.0,0.0
Jonas Valanciunas,2024,19,0.69834,7.0,12.0,0.0,0.0,0.3684,0.6316
Jonas Valanciunas,2025,38,0.46833,3.0,35.0,0.0,0.0,0.0789,0.9211
Jonas Valanciunas,2026,18,0.65,0.0,18.0,0.0,0.0,0.0,1.0
Jonas Valaninas,2024,22,0.7486166666666666,10.0,12.0,0.0,0.0,0.4545,0.5455
Jonas Valaninas,2025,38,0.46833,3.0,35.0,0.0,0.0,0.0789,0.9211
Jonas Valaninas,2026,18,0.65,0.0,18.0,0.0,0.0,0.0,1.0
Jonathan Isaac,2024,4,0.0,4.0,0.0,0.0,0.0,1.0,0.0
Jonathan Isaac,2025,9,0.525,5.0,4.0,0.0,0.0,0.5556,0.4444
Jonathan Kuminga,2024,12,0.5499999999999999,3.0,9.0,0.0,0.0,0.25,0.75
Jonathan Kuminga,2025,15,0.36666,6.0,3.0,6.0,0.0,0.8,0.2
Jonathan Kuminga,2026,7,0.625,7.0,0.0,0.0,0.0,1.0,0.0
Jontay Porter,2024,5,0.6,5.0,0.0,0.0,0.0,1.0,0.0
Jordan Clarkson,2024,20,0.5549999999999999,0.0,16.0,4.0,0.0,0.2,0.8
Jordan Clarkson,2025,14,0.33335,0.0,6.0,8.0,0.0,0.5714,0.4286
Jordan Clarkson,2026,6,0.5,6.0,0.0,0.0,0.0,1.0,0.0
Jordan Goodwin,2024,4,0.5,0.0,4.0,0.0,0.0,0.0,1.0
Jordan Goodwin,2025,4,1.125,4.0,0.0,0.0,0.0,1.0,0.0
Jordan Goodwin,2026,30,0.640625,30.0,0.0,0.0,0.0,1.0,0.0
Jordan Hawkins,2024,24,0.6833333333333332,11.0,4.0,9.0,0.0,0.8333,0.1667
Jordan Hawkins,2025,6,1.0,3.0,0.0,3.0,0.0,1.0,0.0
Jordan Hawkins,2026,7,0.125,3.0,4.0,0.0,0.0,0.4286,0.5714
Jordan McLaughlin,2024,10,0.4166666666666667,10.0,0.0,0.0,0.0,1.0,0.0
Jordan Miller,2025,3,0.5,3.0,0.0,0.0,0.0,1.0,0.0
Jordan Miller,2026,4,0.5,0.0,4.0,0.0,0.0,0.0,1.0
Jordan Poole,2024,49,0.546525,24.0,15.0,10.0,0.0,0.6939,0.3061
Jordan Poole,2025,31,0.5481444444444444,13.0,10.0,8.0,0.0,0.6774,0.3226
Jordan Poole,2026,17,0.7,7.0,3.0,7.0,0.0,0.8235,0.1765
Jordan Walsh,2026,8,0.65,8.0,0.0,0.0,0.0,1.0,0.0
Jose Alvarado,2024,18,0.8,15.0,0.0,3.0,0.0,1.0,0.0
Jose Alvarado,2025,11,0.4166666666666667,11.0,0.0,0.0,0.0,1.0,0.0
Jose Alvarado,2026,7,0.4375,7.0,0.0,0.0,0.0,1.0,0.0
Josh Giddey,2024,63,0.5856333333333333,60.0,3.0,0.0,0.0,0.9524,0.0476
Josh Giddey,2025,37,0.26666666666666666,37.0,0.0,0.0,0.0,1.0,0.0
Josh Giddey,2026,51,0.48214285714285715,23.0,28.0,0.0,0.0,0.451,0.549
Josh Green,2024,19,0.726775,19.0,0.0,0.0,0.0,1.0,0.0
Josh Green,2025,15,0.75625,3.0,0.0,12.0,0.0,1.0,0.0
Josh Hart,2024,11,0.21109999999999998,11.0,0.0,0.0,0.0,1.0,0.0
Josh Hart,2025,27,0.6392857142857142,23.0,4.0,0.0,0.0,0.8519,0.1481
Josh Hart,2026,14,0.4375,14.0,0.0,0.0,0.0,1.0,0.0
Josh Minott,2026,4,0.75,4.0,0.0,0.0,0.0,1.0,0.0
Josh Okogie,2024,3,0.5,3.0,0.0,0.0,0.0,1.0,0.0
Josh Okogie,2025,7,0.4375,7.0,0.0,0.0,0.0,1.0,0.0
Josh Okogie,2026,6,0.75,6.0,0.0,0.0,0.0,1.0,0.0
Josh Richardson,2024,5,0.9,0.0,0.0,5.0,0.0,1.0,0.0
Jrue Holiday,2024,11,0.75,7.0,0.0,4.0,0.0,1.0,0.0
Jrue Holiday,2025,24,0.6833333333333332,24.0,0.0,0.0,0.0,1.0,0.0
Jrue Holiday,2026,17,0.73125,4.0,0.0,13.0,0.0,1.0,0.0
Julian Champagnie,2024,4,0.375,4.0,0.0,0.0,0.0,1.0,0.0
Julian Champagnie,2025,20,0.7638833333333334,3.0,3.0,14.0,0.0,0.85,0.15
Julian Champagnie,2026,34,0.6000000000000001,20.0,0.0,14.0,0.0,1.0,0.0
Julian Phillips,2025,15,0.46875,15.0,0.0,0.0,0.0,1.0,0.0
Julian Phillips,2026,4,0.75,4.0,0.0,0.0,0.0,1.0,0.0
Julian Reese,2026,12,0.5833333333333334,0.0,12.0,0.0,0.0,0.0,1.0
Julian Strawther,2024,3,0.0,3.0,0.0,0.0,0.0,1.0,0.0
Julian Strawther,2025,16,0.55,16.0,0.0,0.0,0.0,1.0,0.0
Julian Strawther,2026,8,0.5625,8.0,0.0,0.0,0.0,1.0,0.0
Julius Randle,2024,28,0.6296333333333333,6.0,18.0,4.0,0.0,0.3571,0.6429
Julius Randle,2025,37,0.6818181818181818,18.0,6.0,13.0,0.0,0.8378,0.1622
Julius Randle,2026,31,0.3685222222222222,10.0,4.0,17.0,0.0,0.871,0.129
Justin Champagnie,2025,14,1.0520749999999999,3.0,4.0,7.0,0.0,0.7143,0.2857
Justin Champagnie,2026,10,1.0,6.0,4.0,0.0,0.0,0.6,0.4
Justin Edwards,2025,4,0.75,4.0,0.0,0.0,0.0,1.0,0.0
Justin Edwards,2026,19,0.705,4.0,0.0,15.0,0.0,1.0,0.0
Justin Holiday,2024,12,0.8333333333333334,12.0,0.0,0.0,0.0,1.0,0.0
Jusuf Nurki,2024,35,0.428575,0.0,27.0,0.0,8.0,0.0,1.0
Jusuf Nurki,2025,3,0.3333,0.0,3.0,0.0,0.0,0.0,1.0
Jusuf Nurki,2026,12,0.5639,4.0,8.0,0.0,0.0,0.3333,0.6667
Jusuf Nurkic,2024,35,0.428575,0.0,27.0,0.0,8.0,0.0,1.0
Jusuf Nurkic,2025,3,0.3333,0.0,3.0,0.0,0.0,0.0,1.0
Jusuf Nurkic,2026,12,0.5639,4.0,8.0,0.0,0.0,0.3333,0.6667
KJ Martin,2024,6,0.58335,3.0,3.0,0.0,0.0,0.5,0.5
KJ Martin,2025,15,0.552075,11.0,4.0,0.0,0.0,0.7333,0.2667
Karl-Anthony Towns,2024,53,0.616075,17.0,23.0,13.0,0.0,0.566,0.434
Karl-Anthony Towns,2025,60,0.6983333333333334,3.0,41.0,16.0,0.0,0.3167,0.6833
Karl-Anthony Towns,2026,43,0.5916666666666667,17.0,15.0,11.0,0.0,0.6512,0.3488
Karlo Matkovi,2026,8,0.25,3.0,5.0,0.0,0.0,0.375,0.625
Kasparas Jakuionis,2026,13,0.8250000000000001,8.0,0.0,5.0,0.0,1.0,0.0
Kawhi Leonard,2024,27,0.6702428571428571,0.0,23.0,4.0,0.0,0.1481,0.8519
Kawhi Leonard,2025,29,0.5142857142857143,5.0,8.0,16.0,0.0,0.7241,0.2759
Kawhi Leonard,2026,52,0.5369071428571429,0.0,18.0,34.0,0.0,0.6538,0.3462
Keaton Wallace,2025,4,0.75,4.0,0.0,0.0,0.0,1.0,0.0
Keegan Murray,2024,59,0.80676875,47.0,3.0,9.0,0.0,0.9492,0.0508
Keegan Murray,2025,63,0.6014705882352941,53.0,0.0,10.0,0.0,1.0,0.0
Keegan Murray,2026,13,0.34375,7.0,0.0,6.0,0.0,1.0,0.0
Kel'el Ware,2025,31,0.7785714285714286,5.0,21.0,5.0,0.0,0.3226,0.6774
Kel'el Ware,2026,36,0.6266700000000001,7.0,22.0,7.0,0.0,0.3889,0.6111
Keldon Johnson,2024,23,0.5138833333333334,7.0,7.0,9.0,0.0,0.6957,0.3043
Keldon Johnson,2025,13,0.375,3.0,10.0,0.0,0.0,0.2308,0.7692
Keldon Johnson,2026,15,0.8125,12.0,3.0,0.0,0.0,0.8,0.2
Kelly Olynyk,2024,6,0.75,6.0,0.0,0.0,0.0,1.0,0.0
Kelly Oubre Jr.,2024,21,0.645,4.0,17.0,0.0,0.0,0.1905,0.8095
Kelly Oubre Jr.,2025,21,0.7291666666666666,6.0,11.0,4.0,0.0,0.4762,0.5238
Kelly Oubre Jr.,2026,21,0.63,8.0,0.0,13.0,0.0,1.0,0.0
Kennedy Chandler,2026,5,0.4,0.0,5.0,0.0,0.0,0.0,1.0
Kenrich Williams,2024,3,0.0,3.0,0.0,0.0,0.0,1.0,0.0
Kenrich Williams,2025,4,0.0,4.0,0.0,0.0,0.0,1.0,0.0
Kenrich Williams,2026,8,0.5166499999999999,0.0,3.0,5.0,0.0,0.625,0.375
Kentavious Caldwell-Pope,2024,25,0.7023857142857143,10.0,0.0,15.0,0.0,1.0,0.0
Kentavious Caldwell-Pope,2025,20,0.875,13.0,3.0,4.0,0.0,0.85,0.15
Kentavious Caldwell-Pope,2026,9,0.5,0.0,0.0,9.0,0.0,1.0,0.0
Kenyon Martin Jr.,2024,6,0.58335,3.0,3.0,0.0,0.0,0.5,0.5
Kenyon Martin Jr.,2025,15,0.552075,11.0,4.0,0.0,0.0,0.7333,0.2667
Keon Ellis,2024,10,0.42855,10.0,0.0,0.0,0.0,1.0,0.0
Keon Ellis,2025,15,0.9666666666666667,10.0,0.0,5.0,0.0,1.0,0.0
Keon Ellis,2026,8,0.375,0.0,0.0,8.0,0.0,1.0,0.0
Keon Johnson,2025,33,0.459375,16.0,0.0,17.0,0.0,1.0,0.0
Kevin Durant,2024,96,0.5225708333333333,0.0,68.0,28.0,0.0,0.2917,0.7083
Kevin Durant,2025,60,0.5181352941176471,4.0,37.0,19.0,0.0,0.3833,0.6167
Kevin Durant,2026,64,0.4604125,0.0,48.0,16.0,0.0,0.25,0.75
Kevin Huerter,2024,10,0.6666666666666666,0.0,3.0,7.0,0.0,0.7,0.3
Kevin Huerter,2025,18,0.925,18.0,0.0,0.0,0.0,1.0,0.0
Kevin Huerter,2026,21,0.5625,7.0,0.0,14.0,0.0,1.0,0.0
Kevin Knox II,2024,8,0.375,8.0,0.0,0.0,0.0,1.0,0.0
Kevin Love,2024,11,0.2916666666666667,11.0,0.0,0.0,0.0,1.0,0.0
Kevin Love,2026,20,0.6277833333333334,8.0,3.0,9.0,0.0,0.85,0.15
Kevin Porter Jr.,2025,9,0.3333333333333333,0.0,3.0,6.0,0.0,0.6667,0.3333
Kevin Porter Jr.,2026,13,0.5416749999999999,0.0,3.0,10.0,0.0,0.7692,0.2308
Kevon Looney,2024,3,0.3333,0.0,3.0,0.0,0.0,0.0,1.0
Kevon Looney,2025,10,0.3333333333333333,0.0,6.0,0.0,4.0,0.0,1.0
Keyonte George,2024,14,0.375,3.0,0.0,11.0,0.0,1.0,0.0
Keyonte George,2025,23,0.6805500000000001,8.0,7.0,8.0,0.0,0.6957,0.3043
Keyonte George,2026,13,0.65625,0.0,3.0,10.0,0.0,0.7692,0.2308
Khris Middleton,2024,15,0.510425,4.0,7.0,4.0,0.0,0.5333,0.4667
Khris Middleton,2025,6,0.3333,0.0,0.0,6.0,0.0,1.0,0.0
Khris Middleton,2026,12,0.666675,0.0,3.0,9.0,0.0,0.75,0.25
Killian Hayes,2026,4,0.5,0.0,0.0,4.0,0.0,1.0,0.0
Klay Thompson,2024,81,0.5053,7.0,23.0,51.0,0.0,0.716,0.284
Klay Thompson,2025,51,0.6488071428571428,15.0,4.0,32.0,0.0,0.9216,0.0784
Klay Thompson,2026,54,0.6833333333333333,14.0,0.0,40.0,0.0,1.0,0.0
Kobe Brown,2026,9,0.525,9.0,0.0,0.0,0.0,1.0,0.0
Kobe Sanders,2026,7,1.04165,7.0,0.0,0.0,0.0,1.0,0.0
Kon Knueppel,2026,47,0.6935846153846155,27.0,3.0,17.0,0.0,0.9362,0.0638
Kris Dunn,2024,3,0.0,3.0,0.0,0.0,0.0,1.0,0.0
Kris Dunn,2025,44,0.4772727272727273,41.0,0.0,3.0,0.0,1.0,0.0
Kris Dunn,2026,42,0.5103222222222222,42.0,0.0,0.0,0.0,1.0,0.0
Kris Murray,2024,11,0.7083333333333334,11.0,0.0,0.0,0.0,1.0,0.0
Kris Murray,2025,4,0.375,4.0,0.0,0.0,0.0,1.0,0.0
Kris Murray,2026,10,0.5833333333333334,10.0,0.0,0.0,0.0,1.0,0.0
Kristaps Porziis,2024,87,0.5704545454545454,31.0,24.0,32.0,0.0,0.7241,0.2759
Kristaps Porziis,2025,51,0.5653846153846154,43.0,8.0,0.0,0.0,0.8431,0.1569
Kristaps Porziis,2026,18,0.729175,14.0,4.0,0.0,0.0,0.7778,0.2222
Kristaps Porzingis,2024,87,0.5704545454545454,31.0,24.0,32.0,0.0,0.7241,0.2759
Kristaps Porzingis,2025,51,0.5653846153846154,43.0,8.0,0.0,0.0,0.8431,0.1569
Kristaps Porzingis,2026,18,0.729175,14.0,4.0,0.0,0.0,0.7778,0.2222
Kyle Anderson,2024,4,0.0,4.0,0.0,0.0,0.0,1.0,0.0
Kyle Anderson,2025,4,0.75,0.0,4.0,0.0,0.0,0.0,1.0
Kyle Filipowski,2025,13,0.30833333333333335,9.0,0.0,4.0,0.0,1.0,0.0
Kyle Filipowski,2026,11,0.625,7.0,0.0,4.0,0.0,1.0,0.0
Kyle Kuzma,2024,57,0.43333125,17.0,11.0,29.0,0.0,0.807,0.193
Kyle Kuzma,2025,25,0.4152833333333333,5.0,7.0,13.0,0.0,0.72,0.28
Kyle Kuzma,2026,12,0.5611,9.0,3.0,0.0,0.0,0.75,0.25
Kyrie Irving,2024,63,0.5637176470588235,0.0,53.0,10.0,0.0,0.1587,0.8413
Kyrie Irving,2025,34,0.45832999999999996,0.0,28.0,6.0,0.0,0.1765,0.8235
Kyshawn George,2025,19,0.36666,16.0,3.0,0.0,0.0,0.8421,0.1579
Kyshawn George,2026,18,0.85,13.0,0.0,5.0,0.0,1.0,0.0
LJ Cryer,2026,4,0.375,4.0,0.0,0.0,0.0,1.0,0.0
LaMelo Ball,2024,28,0.5964285714285714,7.0,21.0,0.0,0.0,0.25,0.75
LaMelo Ball,2025,61,0.5855533333333334,4.0,30.0,27.0,0.0,0.5082,0.4918
LaMelo Ball,2026,72,0.6020749999999999,36.0,16.0,20.0,0.0,0.7778,0.2222
Lamar Stevens,2025,6,0.25,6.0,0.0,0.0,0.0,1.0,0.0
Landry Shamet,2024,8,0.4375,8.0,0.0,0.0,0.0,1.0,0.0
Landry Shamet,2025,12,0.875,12.0,0.0,0.0,0.0,1.0,0.0
Landry Shamet,2026,23,0.53,23.0,0.0,0.0,0.0,1.0,0.0
Larry Nance Jr.,2024,4,0.375,4.0,0.0,0.0,0.0,1.0,0.0
Larry Nance Jr.,2025,23,0.8402833333333333,20.0,3.0,0.0,0.0,0.8696,0.1304
Lauri Markkanen,2024,132,0.718939393939394,37.0,29.0,66.0,0.0,0.7803,0.2197
Lauri Markkanen,2025,84,0.500415,13.0,15.0,56.0,0.0,0.8214,0.1786
Lauri Markkanen,2026,70,0.5333333333333333,16.0,34.0,20.0,0.0,0.5143,0.4857
LeBron James,2024,27,0.703125,4.0,10.0,13.0,0.0,0.6296,0.3704
LeBron James,2025,15,0.770825,0.0,4.0,11.0,0.0,0.7333,0.2667
LeBron James,2026,25,0.6,0.0,16.0,9.0,0.0,0.36,0.64
Leaky Black,2026,4,0.375,4.0,0.0,0.0,0.0,1.0,0.0
Leonard Miller,2026,6,0.25,6.0,0.0,0.0,0.0,1.0,0.0
Liam McNeeley,2026,4,0.375,4.0,0.0,0.0,0.0,1.0,0.0
Lindy Waters III,2024,8,0.75,4.0,0.0,4.0,0.0,1.0,0.0
Lindy Waters III,2025,17,0.65,13.0,0.0,4.0,0.0,1.0,0.0
Lonnie Walker IV,2024,4,1.5,4.0,0.0,0.0,0.0,1.0,0.0
Lonnie Walker IV,2025,21,0.645,4.0,4.0,13.0,0.0,0.8095,0.1905
Lonzo Ball,2025,13,0.53125,0.0,0.0,13.0,0.0,1.0,0.0
Lonzo Ball,2026,8,0.0,0.0,0.0,8.0,0.0,1.0,0.0
Lucas Williamson,2026,5,0.2,0.0,0.0,5.0,0.0,1.0,0.0
Luguentz Dort,2024,30,0.846875,23.0,0.0,7.0,0.0,1.0,0.0
Luguentz Dort,2025,71,0.6532176470588235,43.0,0.0,28.0,0.0,1.0,0.0
Luguentz Dort,2026,52,0.5869083333333333,45.0,0.0,7.0,0.0,1.0,0.0
Luka Doni,2024,230,0.5520346153846154,8.0,93.0,125.0,4.0,0.5783,0.4217
Luka Doni,2025,77,0.5122789473684211,0.0,28.0,49.0,0.0,0.6364,0.3636
Luka Doni,2026,160,0.5857166666666667,4.0,38.0,118.0,0.0,0.7625,0.2375
Luka Garza,2024,4,0.0,4.0,0.0,0.0,0.0,1.0,0.0
Luka Garza,2026,26,0.8535714285714285,8.0,9.0,6.0,3.0,0.5385,0.4615
Luka Samanic,2024,4,0.375,4.0,0.0,0.0,0.0,1.0,0.0
Luke Kennard,2024,11,0.8333333333333334,8.0,0.0,3.0,0.0,1.0,0.0
Luke Kennard,2025,10,0.9166666666666666,6.0,0.0,4.0,0.0,1.0,0.0
Luke Kennard,2026,13,0.6749999999999999,13.0,0.0,0.0,0.0,1.0,0.0
Luke Kornet,2024,4,0.5,0.0,4.0,0.0,0.0,0.0,1.0
Luke Kornet,2025,12,0.8333333333333334,0.0,12.0,0.0,0.0,0.0,1.0
Luke Kornet,2026,3,0.3333,0.0,3.0,0.0,0.0,0.0,1.0
Malachi Smith,2026,4,0.0,4.0,0.0,0.0,0.0,1.0,0.0
Malaki Branham,2024,16,0.758325,13.0,0.0,3.0,0.0,1.0,0.0
Malaki Branham,2025,4,0.375,4.0,0.0,0.0,0.0,1.0,0.0
Malaki Branham,2026,3,0.3333,0.0,3.0,0.0,0.0,0.0,1.0
Malcolm Brogdon,2024,35,0.7157444444444444,28.0,3.0,4.0,0.0,0.9143,0.0857
Malcolm Brogdon,2025,3,0.6667,0.0,3.0,0.0,0.0,0.0,1.0
Malik Beasley,2024,47,0.5875,12.0,0.0,35.0,0.0,1.0,0.0
Malik Beasley,2025,82,0.4789666666666667,25.0,12.0,45.0,0.0,0.8537,0.1463
Malik Monk,2024,26,0.4166666666666667,18.0,0.0,8.0,0.0,1.0,0.0
Malik Monk,2025,31,0.390625,15.0,10.0,6.0,0.0,0.6774,0.3226
Malik Monk,2026,12,0.5,4.0,0.0,8.0,0.0,1.0,0.0
Marcus Bagley,2025,4,0.375,4.0,0.0,0.0,0.0,1.0,0.0
Marcus Sasser,2026,3,1.3333,3.0,0.0,0.0,0.0,1.0,0.0
Marcus Smart,2024,32,0.51666,23.0,3.0,6.0,0.0,0.9062,0.0938
Marcus Smart,2025,7,0.625,7.0,0.0,0.0,0.0,1.0,0.0
Marcus Smart,2026,34,0.5331571428571429,34.0,0.0,0.0,0.0,1.0,0.0
Mark Williams,2025,39,0.6166699999999999,0.0,28.0,7.0,4.0,0.1795,0.8205
Mark Williams,2026,28,0.6547714285714286,0.0,28.0,0.0,0.0,0.0,1.0
Markelle Fultz,2024,6,0.5,3.0,3.0,0.0,0.0,0.5,0.5
Markieff Morris,2024,3,1.0,3.0,0.0,0.0,0.0,1.0,0.0
Marvin Bagley III,2024,7,0.70835,0.0,4.0,0.0,3.0,0.0,1.0
Marvin Bagley III,2026,22,0.8888833333333332,8.0,14.0,0.0,0.0,0.3636,0.6364
Mason Plumlee,2024,4,0.5,0.0,4.0,0.0,0.0,0.0,1.0
Mason Plumlee,2025,3,1.0,0.0,3.0,0.0,0.0,0.0,1.0
Matas Buzelis,2025,19,0.3,8.0,4.0,7.0,0.0,0.7895,0.2105
Matas Buzelis,2026,25,0.5119,10.0,0.0,15.0,0.0,1.0,0.0
Matisse Thybulle,2024,16,0.625,16.0,0.0,0.0,0.0,1.0,0.0
Matisse Thybulle,2025,5,1.2,5.0,0.0,0.0,0.0,1.0,0.0
Matisse Thybulle,2026,8,0.875,8.0,0.0,0.0,0.0,1.0,0.0
Matt Hurt,2024,5,0.2,5.0,0.0,0.0,0.0,1.0,0.0
Matt Ryan,2024,3,0.0,3.0,0.0,0.0,0.0,1.0,0.0
Max Christie,2024,6,0.25,3.0,0.0,3.0,0.0,1.0,0.0
Max Christie,2025,12,0.7083333333333334,8.0,0.0,4.0,0.0,1.0,0.0
Max Christie,2026,19,0.15,4.0,0.0,15.0,0.0,1.0,0.0
Max Strus,2024,65,0.39791875,5.0,29.0,31.0,0.0,0.5538,0.4462
Max Strus,2025,8,0.9375,4.0,0.0,4.0,0.0,1.0,0.0
Max Strus,2026,5,0.3,0.0,0.0,5.0,0.0,1.0,0.0
Maxi Kleber,2024,6,0.25,6.0,0.0,0.0,0.0,1.0,0.0
Maxime Raynaud,2026,48,0.6570615384615385,4.0,25.0,19.0,0.0,0.4792,0.5208
Micah Peavy,2026,3,0.0,3.0,0.0,0.0,0.0,1.0,0.0
Micah Potter,2025,7,0.625,7.0,0.0,0.0,0.0,1.0,0.0
Micah Potter,2026,23,0.7708333333333334,19.0,4.0,0.0,0.0,0.8261,0.1739
Michael Porter Jr.,2024,58,0.76666,13.0,27.0,18.0,0.0,0.5345,0.4655
Michael Porter Jr.,2025,74,0.7412210526315789,6.0,47.0,21.0,0.0,0.3649,0.6351
Michael Porter Jr.,2026,158,0.5824083333333333,0.0,129.0,29.0,0.0,0.1835,0.8165
Mikal Bridges,2024,76,0.52083,7.0,17.0,52.0,0.0,0.7763,0.2237
Mikal Bridges,2025,87,0.64345,15.0,8.0,64.0,0.0,0.908,0.092
Mikal Bridges,2026,50,0.5601071428571428,0.0,12.0,38.0,0.0,0.76,0.24
Mike Conley,2024,14,0.46875,10.0,4.0,0.0,0.0,0.7143,0.2857
Mike Conley,2025,3,0.5,3.0,0.0,0.0,0.0,1.0,0.0
Mike Conley,2026,7,0.8125,7.0,0.0,0.0,0.0,1.0,0.0
Mike Muscala,2024,4,0.625,4.0,0.0,0.0,0.0,1.0,0.0
Miles Bridges,2024,44,0.6685636363636364,22.0,19.0,3.0,0.0,0.5682,0.4318
Miles Bridges,2025,39,0.5075818181818182,11.0,24.0,4.0,0.0,0.3846,0.6154
Miles Bridges,2026,33,0.6,21.0,6.0,6.0,0.0,0.8182,0.1818
Miles Kelly,2026,4,0.375,4.0,0.0,0.0,0.0,1.0,0.0
Miles McBride,2025,4,0.75,0.0,0.0,4.0,0.0,1.0,0.0
Miles McBride,2026,8,0.6875,4.0,0.0,4.0,0.0,1.0,0.0
Mitchell Robinson,2024,14,0.5277666666666666,0.0,10.0,0.0,4.0,0.0,1.0
Mitchell Robinson,2025,4,0.5,0.0,4.0,0.0,0.0,0.0,1.0
Mo Bamba,2024,3,1.0,0.0,3.0,0.0,0.0,0.0,1.0
Mo Bamba,2025,7,0.1875,7.0,0.0,0.0,0.0,1.0,0.0
Mohamed Diawara,2026,14,0.708325,11.0,3.0,0.0,0.0,0.7857,0.2143
Mont Morris,2025,3,0.0,3.0,0.0,0.0,0.0,1.0,0.0
Monte Morris,2025,3,0.0,3.0,0.0,0.0,0.0,1.0,0.0
Moritz Wagner,2024,26,0.8095285714285715,8.0,18.0,0.0,0.0,0.3077,0.6923
Moses Moody,2024,14,0.75,9.0,0.0,5.0,0.0,1.0,0.0
Moses Moody,2025,24,0.2791666666666667,4.0,3.0,17.0,0.0,0.875,0.125
Moses Moody,2026,39,0.8574999999999999,12.0,3.0,24.0,0.0,0.9231,0.0769
Mouhamed Gueye,2025,4,0.625,4.0,0.0,0.0,0.0,1.0,0.0
Mouhamed Gueye,2026,4,0.75,4.0,0.0,0.0,0.0,1.0,0.0
Moussa Cisse,2026,6,0.5,0.0,6.0,0.0,0.0,0.0,1.0
Moussa Diabat,2025,4,0.5,0.0,4.0,0.0,0.0,0.0,1.0
Moussa Diabat,2026,6,0.83335,0.0,6.0,0.0,0.0,0.0,1.0
Moussa Diabate,2025,4,0.5,0.0,4.0,0.0,0.0,0.0,1.0
Moussa Diabate,2026,6,0.83335,0.0,6.0,0.0,0.0,0.0,1.0
Myles Turner,2024,62,0.75214,51.0,8.0,0.0,3.0,0.8226,0.1774
Myles Turner,2025,91,0.4895833333333333,60.0,6.0,25.0,0.0,0.9341,0.0659
Myles Turner,2026,91,0.6510375,71.0,4.0,16.0,0.0,0.956,0.044
Nae'Qwan Tomlin,2026,10,0.6875,10.0,0.0,0.0,0.0,1.0,0.0
Naji Marshall,2024,7,0.79165,4.0,0.0,3.0,0.0,1.0,0.0
Naji Marshall,2025,23,0.60334,15.0,5.0,3.0,0.0,0.7826,0.2174
Naji Marshall,2026,17,0.4375,3.0,14.0,0.0,0.0,0.1765,0.8235
Nassir Little,2024,7,0.1875,7.0,0.0,0.0,0.0,1.0,0.0
Naz Reid,2024,73,0.5982166666666667,61.0,12.0,0.0,0.0,0.8356,0.1644
Naz Reid,2025,67,0.4611133333333333,48.0,8.0,11.0,0.0,0.8806,0.1194
Naz Reid,2026,51,0.60278,38.0,7.0,6.0,0.0,0.8627,0.1373
Neemias Queta,2024,3,0.3333,0.0,0.0,0.0,3.0,0.0,1.0
Neemias Queta,2025,14,0.8611,0.0,14.0,0.0,0.0,0.0,1.0
Neemias Queta,2026,33,0.7148222222222222,0.0,30.0,3.0,0.0,0.0909,0.9091
Nic Claxton,2024,13,0.854175,0.0,6.0,7.0,0.0,0.5385,0.4615
Nic Claxton,2025,8,0.625,0.0,8.0,0.0,0.0,0.0,1.0
Nic Claxton,2026,6,1.0,0.0,6.0,0.0,0.0,0.0,1.0
Nick Richards,2024,19,0.7933399999999999,0.0,19.0,0.0,0.0,0.0,1.0
Nick Richards,2025,31,0.6452428571428571,0.0,31.0,0.0,0.0,0.0,1.0
Nick Richards,2026,8,0.25,0.0,8.0,0.0,0.0,0.0,1.0
Nick Smith Jr.,2024,6,0.25,3.0,0.0,3.0,0.0,1.0,0.0
Nick Smith Jr.,2025,26,0.49583333333333335,21.0,0.0,5.0,0.0,1.0,0.0
Nick Smith Jr.,2026,15,0.714575,8.0,4.0,3.0,0.0,0.7333,0.2667
Nickeil Alexander-Walker,2024,4,0.375,4.0,0.0,0.0,0.0,1.0,0.0
Nickeil Alexander-Walker,2025,25,0.7083333333333334,10.0,0.0,15.0,0.0,1.0,0.0
Nickeil Alexander-Walker,2026,50,0.6785714285714286,13.0,7.0,30.0,0.0,0.86,0.14
Nicolas Batum,2024,3,1.0,0.0,0.0,3.0,0.0,1.0,0.0
Nicolas Batum,2025,5,0.3,5.0,0.0,0.0,0.0,1.0,0.0
Nicolas Batum,2026,16,0.8375,16.0,0.0,0.0,0.0,1.0,0.0
Nikola Joki,2024,70,0.5921529411764705,0.0,54.0,13.0,3.0,0.1857,0.8143
Nikola Joki,2025,156,0.6485076923076922,39.0,82.0,35.0,0.0,0.4744,0.5256
Nikola Joki,2026,114,0.6339692307692307,7.0,75.0,32.0,0.0,0.3421,0.6579
Nikola Jovi,2024,22,0.5847166666666667,10.0,0.0,12.0,0.0,1.0,0.0
Nikola Jovi,2025,12,0.6166666666666667,12.0,0.0,0.0,0.0,1.0,0.0
Nikola Jovi,2026,16,0.6,10.0,0.0,6.0,0.0,1.0,0.0
Nikola Vucevic,2024,118,0.5610076923076923,97.0,11.0,7.0,3.0,0.8814,0.1186
Nikola Vucevic,2025,106,0.4758892857142857,70.0,13.0,23.0,0.0,0.8774,0.1226
Nikola Vucevic,2026,59,0.6985294117647058,36.0,16.0,7.0,0.0,0.7288,0.2712
Nikola Vuevi,2024,118,0.5610076923076923,97.0,11.0,7.0,3.0,0.8814,0.1186
Nikola Vuevi,2025,106,0.4997,73.0,13.0,20.0,0.0,0.8774,0.1226
Nikola Vuevi,2026,59,0.6985294117647058,36.0,16.0,7.0,0.0,0.7288,0.2712
Nique Clifford,2026,4,0.375,4.0,0.0,0.0,0.0,1.0,0.0
Noah Clowney,2025,47,0.7181818181818183,33.0,0.0,14.0,0.0,1.0,0.0
Noah Clowney,2026,57,0.6566666666666666,28.0,8.0,21.0,0.0,0.8596,0.1404
Nolan Traore,2026,8,0.625,0.0,4.0,4.0,0.0,0.5,0.5
Norman Powell,2024,15,0.71875,4.0,4.0,7.0,0.0,0.7333,0.2667
Norman Powell,2025,41,0.6704545454545454,8.0,29.0,4.0,0.0,0.2927,0.7073
Norman Powell,2026,42,0.5865384615384616,4.0,28.0,10.0,0.0,0.3333,0.6667
OG Anunoby,2024,23,0.65555,17.0,3.0,3.0,0.0,0.8696,0.1304
OG Anunoby,2025,75,0.575878947368421,35.0,4.0,36.0,0.0,0.9467,0.0533
OG Anunoby,2026,63,0.49611333333333335,42.0,4.0,17.0,0.0,0.9365,0.0635
Obi Toppin,2024,17,0.74166,14.0,0.0,3.0,0.0,1.0,0.0
Obi Toppin,2025,36,0.8111111111111111,32.0,4.0,0.0,0.0,0.8889,0.1111
Obi Toppin,2026,12,0.875,12.0,0.0,0.0,0.0,1.0,0.0
Ochai Agbaji,2024,12,0.625,8.0,0.0,4.0,0.0,1.0,0.0
Ochai Agbaji,2025,28,0.7678571428571429,24.0,0.0,4.0,0.0,1.0,0.0
Ochai Agbaji,2026,15,0.5,15.0,0.0,0.0,0.0,1.0,0.0
Olivier-Maxence Prosper,2025,4,0.0,4.0,0.0,0.0,0.0,1.0,0.0
Olivier-Maxence Prosper,2026,32,0.9117285714285713,32.0,0.0,0.0,0.0,1.0,0.0
Omer Yurtseven,2024,9,0.65,0.0,9.0,0.0,0.0,0.0,1.0
Onyeka Okongwu,2024,15,0.791675,0.0,12.0,0.0,3.0,0.0,1.0
Onyeka Okongwu,2025,24,0.5237999999999999,10.0,14.0,0.0,0.0,0.4167,0.5833
Onyeka Okongwu,2026,74,0.7044941176470588,55.0,19.0,0.0,0.0,0.7432,0.2568
Orlando Robinson,2025,4,0.75,0.0,4.0,0.0,0.0,0.0,1.0
Oscar Tshiebwe,2025,4,1.0,0.0,4.0,0.0,0.0,0.0,1.0
Oscar Tshiebwe,2026,4,0.5,0.0,4.0,0.0,0.0,0.0,1.0
Oshae Brissett,2024,8,0.75,8.0,0.0,0.0,0.0,1.0,0.0
Oso Ighodaro,2025,9,0.525,0.0,9.0,0.0,0.0,0.0,1.0
Oso Ighodaro,2026,3,0.3333,0.0,3.0,0.0,0.0,0.0,1.0
Ousmane Dieng,2025,10,0.5833333333333334,10.0,0.0,0.0,0.0,1.0,0.0
Ousmane Dieng,2026,13,0.6416666666666667,8.0,5.0,0.0,0.0,0.6154,0.3846
P.J. Washington,2024,48,0.32372307692307695,23.0,7.0,15.0,3.0,0.7917,0.2083
P.J. Washington,2025,24,0.5309428571428572,12.0,9.0,3.0,0.0,0.625,0.375
P.J. Washington,2026,39,0.6125,11.0,28.0,0.0,0.0,0.2821,0.7179
PJ Hall,2026,4,1.0,0.0,4.0,0.0,0.0,0.0,1.0
Pacme Dadiet,2025,4,1.125,4.0,0.0,0.0,0.0,1.0,0.0
Paolo Banchero,2024,42,0.4513833333333333,0.0,28.0,14.0,0.0,0.3333,0.6667
Paolo Banchero,2025,31,0.6197875,0.0,19.0,12.0,0.0,0.3871,0.6129
Paolo Banchero,2026,38,0.42273636363636363,3.0,25.0,10.0,0.0,0.3421,0.6579
Pascal Siakam,2024,44,0.7388916666666666,22.0,22.0,0.0,0.0,0.5,0.5
Pascal Siakam,2025,40,0.7325,36.0,0.0,4.0,0.0,1.0,0.0
Pascal Siakam,2026,50,0.6047642857142856,10.0,26.0,14.0,0.0,0.48,0.52
Pat Connaughton,2024,3,0.3333,0.0,3.0,0.0,0.0,0.0,1.0
Pat Spencer,2026,6,0.5,0.0,6.0,0.0,0.0,0.0,1.0
Patrick Beverley,2024,8,0.5,0.0,4.0,4.0,0.0,0.5,0.5
Patrick Williams,2024,29,0.8541625,29.0,0.0,0.0,0.0,1.0,0.0
Patrick Williams,2025,25,0.4940428571428571,18.0,3.0,4.0,0.0,0.88,0.12
Patrick Williams,2026,13,0.71875,13.0,0.0,0.0,0.0,1.0,0.0
Paul George,2024,56,0.61388,0.0,16.0,40.0,0.0,0.7143,0.2857
Paul George,2025,19,0.7013833333333332,10.0,6.0,3.0,0.0,0.6842,0.3158
Paul George,2026,23,0.8541666666666666,0.0,4.0,19.0,0.0,0.8261,0.1739
Paul Reed,2024,8,0.86665,8.0,0.0,0.0,0.0,1.0,0.0
Paul Reed,2025,4,0.5,0.0,0.0,4.0,0.0,1.0,0.0
Payton Pritchard,2024,26,0.8035714285714286,23.0,0.0,3.0,0.0,1.0,0.0
Payton Pritchard,2025,50,0.6557692307692308,40.0,0.0,10.0,0.0,1.0,0.0
Payton Pritchard,2026,41,0.6492454545454546,24.0,3.0,14.0,0.0,0.9268,0.0732
Pelle Larsson,2025,8,0.375,8.0,0.0,0.0,0.0,1.0,0.0
Pelle Larsson,2026,9,0.3375,9.0,0.0,0.0,0.0,1.0,0.0
Pete Nance,2025,6,1.0,6.0,0.0,0.0,0.0,1.0,0.0
Pete Nance,2026,7,0.625,7.0,0.0,0.0,0.0,1.0,0.0
Peyton Watson,2024,20,0.5666599999999999,17.0,0.0,3.0,0.0,1.0,0.0
Peyton Watson,2025,8,0.1875,8.0,0.0,0.0,0.0,1.0,0.0
Peyton Watson,2026,29,0.6062857142857142,19.0,6.0,4.0,0.0,0.7931,0.2069
Precious Achiuwa,2025,12,0.5499999999999999,3.0,9.0,0.0,0.0,0.25,0.75
Precious Achiuwa,2026,20,0.66666,0.0,13.0,7.0,0.0,0.35,0.65
Quentin Grimes,2024,3,0.5,0.0,0.0,3.0,0.0,1.0,0.0
Quentin Grimes,2025,19,0.6833199999999999,0.0,7.0,12.0,0.0,0.6316,0.3684
Quentin Grimes,2026,15,1.05625,3.0,4.0,8.0,0.0,0.7333,0.2667
Quenton Jackson,2026,3,1.0,3.0,0.0,0.0,0.0,1.0,0.0
Quinten Post,2025,22,0.6900000000000001,22.0,0.0,0.0,0.0,1.0,0.0
Quinten Post,2026,38,0.6738111111111111,30.0,0.0,8.0,0.0,1.0,0.0
RJ Barrett,2024,22,0.875,14.0,8.0,0.0,0.0,0.6364,0.3636
RJ Barrett,2025,24,0.6071428571428571,0.0,21.0,0.0,3.0,0.0,1.0
RJ Barrett,2026,34,0.625,21.0,13.0,0.0,0.0,0.6176,0.3824
RaiQuan Gray,2024,4,1.125,4.0,0.0,0.0,0.0,1.0,0.0
Rasheer Fleming,2026,7,0.3125,3.0,0.0,4.0,0.0,1.0,0.0
RayJ Dennis,2025,4,0.375,4.0,0.0,0.0,0.0,1.0,0.0
RayJ Dennis,2026,3,0.5,3.0,0.0,0.0,0.0,1.0,0.0
Rayan Rupert,2026,4,0.375,4.0,0.0,0.0,0.0,1.0,0.0
Reece Beekman,2025,4,0.0,4.0,0.0,0.0,0.0,1.0,0.0
Reed Sheppard,2025,3,0.5,0.0,0.0,3.0,0.0,1.0,0.0
Reed Sheppard,2026,35,0.55583,25.0,3.0,7.0,0.0,0.9143,0.0857
Reggie Jackson,2024,4,1.0,0.0,4.0,0.0,0.0,0.0,1.0
Richaun Holmes,2024,3,0.0,0.0,3.0,0.0,0.0,0.0,1.0
Ricky Council IV,2025,8,0.3125,8.0,0.0,0.0,0.0,1.0,0.0
Rob Dillingham,2025,8,0.25,0.0,8.0,0.0,0.0,0.0,1.0
Rob Dillingham,2026,4,0.75,4.0,0.0,0.0,0.0,1.0,0.0
Robert Williams III,2026,9,0.675,0.0,9.0,0.0,0.0,0.0,1.0
Ron Harper Jr.,2025,4,0.0,4.0,0.0,0.0,0.0,1.0,0.0
Ron Harper Jr.,2026,4,0.0,4.0,0.0,0.0,0.0,1.0,0.0
Ronald Holland II,2025,7,0.375,7.0,0.0,0.0,0.0,1.0,0.0
Ronald Holland II,2026,26,0.33571428571428574,26.0,0.0,0.0,0.0,1.0,0.0
Royce O'Neale,2024,63,0.48928571428571427,63.0,0.0,0.0,0.0,1.0,0.0
Royce O'Neale,2025,83,0.5904777777777778,83.0,0.0,0.0,0.0,1.0,0.0
Royce O'Neale,2026,77,0.75,77.0,0.0,0.0,0.0,1.0,0.0
Rudy Gobert,2024,53,0.7551230769230769,0.0,53.0,0.0,0.0,0.0,1.0
Rudy Gobert,2025,80,0.7665294117647059,0.0,76.0,4.0,0.0,0.05,0.95
Rudy Gobert,2026,42,0.6166699999999999,0.0,42.0,0.0,0.0,0.0,1.0
Rui Hachimura,2024,29,0.7979166666666666,12.0,8.0,9.0,0.0,0.7241,0.2759
Rui Hachimura,2025,21,0.5347166666666666,10.0,0.0,11.0,0.0,1.0,0.0
Rui Hachimura,2026,38,0.6694444444444445,38.0,0.0,0.0,0.0,1.0,0.0
Russell Westbrook,2025,49,0.584025,34.0,15.0,0.0,0.0,0.6939,0.3061
Russell Westbrook,2026,82,0.45952857142857145,52.0,9.0,21.0,0.0,0.8902,0.1098
Ryan Dunn,2025,28,0.6821428571428572,25.0,0.0,3.0,0.0,1.0,0.0
Ryan Dunn,2026,7,0.25,7.0,0.0,0.0,0.0,1.0,0.0
Ryan Kalkbrenner,2026,11,0.9166666666666666,0.0,11.0,0.0,0.0,0.0,1.0
Ryan Nembhard,2026,4,0.0,4.0,0.0,0.0,0.0,1.0,0.0
Ryan Rollins,2025,8,0.85,8.0,0.0,0.0,0.0,1.0,0.0
Ryan Rollins,2026,41,0.42045454545454547,13.0,12.0,16.0,0.0,0.7073,0.2927
Saddiq Bey,2024,38,0.4477272727272727,35.0,3.0,0.0,0.0,0.9211,0.0789
Saddiq Bey,2026,27,0.6093625,10.0,6.0,11.0,0.0,0.7778,0.2222
Sam Hauser,2024,47,0.5329545454545455,35.0,0.0,12.0,0.0,1.0,0.0
Sam Hauser,2025,11,0.4166666666666667,11.0,0.0,0.0,0.0,1.0,0.0
Sam Hauser,2026,31,0.75,31.0,0.0,0.0,0.0,1.0,0.0
Sam Merrill,2024,41,0.9475,34.0,0.0,7.0,0.0,1.0,0.0
Sam Merrill,2025,10,0.7916666666666666,7.0,0.0,3.0,0.0,1.0,0.0
Sam Merrill,2026,27,0.5892857142857143,7.0,0.0,20.0,0.0,1.0,0.0
Sandro Mamukelashvili,2024,7,0.1875,7.0,0.0,0.0,0.0,1.0,0.0
Sandro Mamukelashvili,2025,8,0.75,8.0,0.0,0.0,0.0,1.0,0.0
Sandro Mamukelashvili,2026,32,0.5851777777777778,25.0,7.0,0.0,0.0,0.7812,0.2188
Santi Aldama,2024,26,0.6464285714285715,17.0,0.0,9.0,0.0,1.0,0.0
Santi Aldama,2025,23,0.3541666666666667,16.0,0.0,7.0,0.0,1.0,0.0
Santi Aldama,2026,27,0.8095285714285715,13.0,4.0,10.0,0.0,0.8519,0.1481
Sasha Vezenkov,2024,14,0.65,11.0,3.0,0.0,0.0,0.7857,0.2143
Scoot Henderson,2024,39,0.4007545454545454,13.0,19.0,4.0,3.0,0.4359,0.5641
Scoot Henderson,2025,14,0.489575,4.0,7.0,3.0,0.0,0.5,0.5
Scoot Henderson,2026,4,0.75,4.0,0.0,0.0,0.0,1.0,0.0
Scottie Barnes,2024,32,0.60625,12.0,4.0,16.0,0.0,0.875,0.125
Scottie Barnes,2025,27,0.5714285714285714,4.0,16.0,7.0,0.0,0.4074,0.5926
Scottie Barnes,2026,44,0.6826416666666666,5.0,21.0,18.0,0.0,0.5227,0.4773
Scotty Pippen Jr.,2025,25,0.8571428571428571,9.0,13.0,3.0,0.0,0.48,0.52
Seth Curry,2024,4,0.75,4.0,0.0,0.0,0.0,1.0,0.0
Seth Curry,2025,4,0.375,4.0,0.0,0.0,0.0,1.0,0.0
Shaedon Sharpe,2025,15,0.25,4.0,7.0,4.0,0.0,0.5333,0.4667
Shaedon Sharpe,2026,29,0.2927,4.0,13.0,12.0,0.0,0.5517,0.4483
Shai Gilgeous-Alexander,2024,199,0.5503208333333333,8.0,112.0,79.0,0.0,0.4372,0.5628
Shai Gilgeous-Alexander,2025,191,0.5499978723404255,0.0,105.0,86.0,0.0,0.4503,0.5497
Shai Gilgeous-Alexander,2026,201,0.6040895833333334,7.0,84.0,110.0,0.0,0.5821,0.4179
Shake Milton,2024,4,0.625,4.0,0.0,0.0,0.0,1.0,0.0
Sidy Cissoko,2026,13,0.425,13.0,0.0,0.0,0.0,1.0,0.0
Simone Fontecchio,2024,30,0.4802,10.0,7.0,13.0,0.0,0.7667,0.2333
Simone Fontecchio,2025,9,0.675,0.0,0.0,9.0,0.0,1.0,0.0
Simone Fontecchio,2026,21,0.575,3.0,0.0,18.0,0.0,1.0,0.0
Sion James,2026,4,0.75,4.0,0.0,0.0,0.0,1.0,0.0
Skylar Mays,2024,13,0.7999999999999999,9.0,4.0,0.0,0.0,0.6923,0.3077
Spencer Dinwiddie,2024,6,0.16665,0.0,3.0,0.0,3.0,0.0,1.0
Spencer Dinwiddie,2025,8,0.4375,0.0,4.0,4.0,0.0,0.5,0.5
Spencer Jones,2026,18,0.8,8.0,0.0,10.0,0.0,1.0,0.0
Stephen Curry,2024,124,0.7185483870967742,26.0,26.0,72.0,0.0,0.7903,0.2097
Stephen Curry,2025,57,0.6226142857142857,7.0,7.0,43.0,0.0,0.8772,0.1228
Stephen Curry,2026,50,0.6743538461538462,11.0,18.0,21.0,0.0,0.64,0.36
Stephon Castle,2025,25,0.5277833333333334,18.0,3.0,4.0,0.0,0.88,0.12
Stephon Castle,2026,47,0.5775615384615385,29.0,18.0,0.0,0.0,0.617,0.383
Steven Adams,2025,4,0.5,0.0,4.0,0.0,0.0,0.0,1.0
Svi Mykhailiuk,2024,7,0.8125,0.0,0.0,7.0,0.0,1.0,0.0
Svi Mykhailiuk,2025,7,0.97915,3.0,0.0,4.0,0.0,1.0,0.0
Svi Mykhailiuk,2026,12,0.5027666666666667,4.0,3.0,5.0,0.0,0.75,0.25
T.J. McConnell,2024,7,0.45835,0.0,7.0,0.0,0.0,0.0,1.0
T.J. McConnell,2025,7,0.375,0.0,7.0,0.0,0.0,0.0,1.0
T.J. McConnell,2026,9,0.5555666666666667,0.0,0.0,9.0,0.0,1.0,0.0
Taelon Peter,2026,20,0.675,20.0,0.0,0.0,0.0,1.0,0.0
Talen Horton-Tucker,2024,10,0.5,3.0,4.0,3.0,0.0,0.6,0.4
Talen Horton-Tucker,2025,4,0.5,0.0,4.0,0.0,0.0,0.0,1.0
Tari Eason,2024,5,0.6,5.0,0.0,0.0,0.0,1.0,0.0
Tari Eason,2025,30,0.6142857142857142,21.0,4.0,5.0,0.0,0.8667,0.1333
Tari Eason,2026,20,0.55,12.0,4.0,4.0,0.0,0.8,0.2
Taurean Prince,2024,40,0.6409090909090909,26.0,7.0,7.0,0.0,0.825,0.175
Taurean Prince,2026,5,0.3,0.0,0.0,5.0,0.0,1.0,0.0
Taylor Hendricks,2024,12,0.6583333333333333,7.0,0.0,5.0,0.0,1.0,0.0
Taylor Hendricks,2026,3,1.5,3.0,0.0,0.0,0.0,1.0,0.0
Terance Mann,2024,16,0.875,16.0,0.0,0.0,0.0,1.0,0.0
Terance Mann,2025,3,0.3333,0.0,3.0,0.0,0.0,0.0,1.0
Terance Mann,2026,3,0.0,3.0,0.0,0.0,0.0,1.0,0.0
Terrence Shannon Jr.,2026,3,1.0,3.0,0.0,0.0,0.0,1.0,0.0
Terry Rozier,2024,31,0.5291625,0.0,22.0,9.0,0.0,0.2903,0.7097
Terry Rozier,2025,16,0.575,0.0,8.0,8.0,0.0,0.5,0.5
Thomas Bryant,2024,13,0.8333333333333334,0.0,13.0,0.0,0.0,0.0,1.0
Thomas Bryant,2025,14,0.78125,11.0,3.0,0.0,0.0,0.7857,0.2143
Thomas Bryant,2026,16,0.625,12.0,4.0,0.0,0.0,0.75,0.25
Tidjane Salan,2025,11,0.4583333333333333,7.0,0.0,4.0,0.0,1.0,0.0
Tidjane Salan,2026,13,0.78125,13.0,0.0,0.0,0.0,1.0,0.0
Tim Hardaway Jr.,2024,55,0.40654285714285715,23.0,8.0,24.0,0.0,0.8545,0.1455
Tim Hardaway Jr.,2025,30,0.9375,18.0,0.0,12.0,0.0,1.0,0.0
Tim Hardaway Jr.,2026,36,0.5375,18.0,0.0,18.0,0.0,1.0,0.0
Tobias Harris,2024,21,0.6,3.0,12.0,6.0,0.0,0.4286,0.5714
Tobias Harris,2025,16,0.302075,9.0,4.0,3.0,0.0,0.75,0.25
Tobias Harris,2026,30,0.5625,26.0,0.0,4.0,0.0,1.0,0.0
Toby Okani,2026,4,0.75,4.0,0.0,0.0,0.0,1.0,0.0
Tolu Smith,2025,4,0.5,0.0,4.0,0.0,0.0,0.0,1.0
Torrey Craig,2025,6,0.75,6.0,0.0,0.0,0.0,1.0,0.0
Tosan Evbuomwan,2024,4,0.75,4.0,0.0,0.0,0.0,1.0,0.0
Toumani Camara,2024,14,0.35000000000000003,14.0,0.0,0.0,0.0,1.0,0.0
Toumani Camara,2025,44,0.5875,44.0,0.0,0.0,0.0,1.0,0.0
Toumani Camara,2026,104,0.6544384615384615,90.0,3.0,11.0,0.0,0.9712,0.0288
Trae Young,2024,79,0.555547619047619,36.0,37.0,6.0,0.0,0.5316,0.4684
Trae Young,2025,69,0.6115722222222222,11.0,37.0,21.0,0.0,0.4638,0.5362
Trae Young,2026,8,0.5625,0.0,0.0,8.0,0.0,1.0,0.0
Trayce Jackson-Davis,2024,25,0.6428714285714285,0.0,25.0,0.0,0.0,0.0,1.0
Trayce Jackson-Davis,2025,31,0.5980166666666666,0.0,31.0,0.0,0.0,0.0,1.0
Trayce Jackson-Davis,2026,7,0.70835,0.0,7.0,0.0,0.0,0.0,1.0
Tre Johnson,2026,10,0.40276666666666666,4.0,3.0,3.0,0.0,0.7,0.3
Tre Jones,2025,4,0.5,0.0,4.0,0.0,0.0,0.0,1.0
Tre Jones,2026,3,0.3333,0.0,3.0,0.0,0.0,0.0,1.0
Tre Mann,2025,11,0.6666666666666666,3.0,4.0,4.0,0.0,0.6364,0.3636
Tre Mann,2026,3,1.0,3.0,0.0,0.0,0.0,1.0,0.0
Trendon Watford,2025,4,1.125,4.0,0.0,0.0,0.0,1.0,0.0
Trendon Watford,2026,4,0.25,0.0,4.0,0.0,0.0,0.0,1.0
Trevon Scott,2026,8,0.6875,4.0,4.0,0.0,0.0,0.5,0.5
Trey Lyles,2024,21,0.82,21.0,0.0,0.0,0.0,1.0,0.0
Trey Lyles,2025,16,0.71875,16.0,0.0,0.0,0.0,1.0,0.0
Trey Murphy III,2024,49,0.5833333333333334,49.0,0.0,0.0,0.0,1.0,0.0
Trey Murphy III,2025,45,0.5388833333333333,31.0,9.0,5.0,0.0,0.8,0.2
Trey Murphy III,2026,59,0.7666642857142857,27.0,8.0,24.0,0.0,0.8644,0.1356
Tristan Vukcevic,2024,12,0.5,8.0,4.0,0.0,0.0,0.6667,0.3333
Tristan Vukcevic,2025,12,0.75,12.0,0.0,0.0,0.0,1.0,0.0
Tristan Vukcevic,2026,19,0.22666,19.0,0.0,0.0,0.0,1.0,0.0
Tristan da Silva,2025,24,0.5277833333333334,18.0,3.0,3.0,0.0,0.875,0.125
Tristan da Silva,2026,22,0.6083333333333333,15.0,0.0,7.0,0.0,1.0,0.0
Troy Brown Jr.,2024,5,0.6,5.0,0.0,0.0,0.0,1.0,0.0
Ty Jerome,2025,4,0.5,0.0,4.0,0.0,0.0,0.0,1.0
TyTy Washington Jr.,2025,4,0.0,4.0,0.0,0.0,0.0,1.0,0.0
Tyler Herro,2024,17,0.51666,0.0,17.0,0.0,0.0,0.0,1.0
Tyler Herro,2025,31,0.5157333333333334,6.0,15.0,10.0,0.0,0.5161,0.4839
Tyler Herro,2026,9,0.225,0.0,9.0,0.0,0.0,0.0,1.0
Tyler Kolek,2026,7,0.5,3.0,4.0,0.0,0.0,0.4286,0.5714
Tyler Smith,2025,4,0.0,4.0,0.0,0.0,0.0,1.0,0.0
Tyrese Haliburton,2024,29,0.6302125000000001,13.0,10.0,6.0,0.0,0.6552,0.3448
Tyrese Haliburton,2025,17,0.8166599999999999,3.0,3.0,11.0,0.0,0.8235,0.1765
Tyrese Martin,2025,21,0.6736,11.0,3.0,7.0,0.0,0.8571,0.1429
Tyrese Martin,2026,5,1.2,5.0,0.0,0.0,0.0,1.0,0.0
Tyrese Maxey,2024,49,0.5660307692307692,7.0,28.0,14.0,0.0,0.4286,0.5714
Tyrese Maxey,2025,60,0.5023000000000001,6.0,36.0,18.0,0.0,0.4,0.6
Tyrese Maxey,2026,73,0.4912263157894737,30.0,28.0,15.0,0.0,0.6164,0.3836
Tyrese Proctor,2026,7,0.6875,7.0,0.0,0.0,0.0,1.0,0.0
Tyus Jones,2024,14,1.1875,14.0,0.0,0.0,0.0,1.0,0.0
Tyus Jones,2025,32,0.7638888888888888,26.0,6.0,0.0,0.0,0.8125,0.1875
Tyus Jones,2026,6,1.0,6.0,0.0,0.0,0.0,1.0,0.0
VJ Edgecombe,2026,28,0.71875,8.0,4.0,16.0,0.0,0.8571,0.1429
Victor Wembanyama,2024,62,0.37708125,9.0,34.0,16.0,3.0,0.4032,0.5968
Victor Wembanyama,2025,83,0.5841857142857143,11.0,20.0,52.0,0.0,0.759,0.241
Victor Wembanyama,2026,32,0.564811111111111,7.0,6.0,19.0,0.0,0.8125,0.1875
Vince Williams Jr.,2024,12,0.25,12.0,0.0,0.0,0.0,1.0,0.0
Vince Williams Jr.,2025,5,0.3,5.0,0.0,0.0,0.0,1.0,0.0
Vince Williams Jr.,2026,7,0.70835,0.0,3.0,4.0,0.0,0.5714,0.4286
Vit Krejci,2025,4,0.75,0.0,0.0,4.0,0.0,1.0,0.0
Vit Krejci,2026,23,0.6368999999999999,10.0,3.0,10.0,0.0,0.8696,0.1304
Vt Krej,2025,4,0.75,0.0,0.0,4.0,0.0,1.0,0.0
Vt Krej,2026,23,0.6368999999999999,10.0,3.0,10.0,0.0,0.8696,0.1304
Walker Kessler,2024,20,0.65,0.0,17.0,3.0,0.0,0.15,0.85
Walker Kessler,2025,40,0.4333375,12.0,28.0,0.0,0.0,0.3,0.7
Walter Clayton Jr.,2026,3,1.0,0.0,0.0,3.0,0.0,1.0,0.0
Wendell Carter Jr.,2024,28,0.7333285714285714,19.0,9.0,0.0,0.0,0.6786,0.3214
Wendell Carter Jr.,2025,14,0.47915,7.0,0.0,7.0,0.0,1.0,0.0
Wendell Carter Jr.,2026,30,0.5740777777777777,17.0,10.0,3.0,0.0,0.6667,0.3333
Will Richard,2026,16,0.25,16.0,0.0,0.0,0.0,1.0,0.0
Will Riley,2026,13,0.35000000000000003,13.0,0.0,0.0,0.0,1.0,0.0
Xavier Tillman,2024,12,0.333325,9.0,3.0,0.0,0.0,0.75,0.25
Xavier Tillman,2025,3,1.0,3.0,0.0,0.0,0.0,1.0,0.0
Yves Missi,2025,31,0.4875,0.0,31.0,0.0,0.0,0.0,1.0
Zaccharie Risacher,2025,66,0.74375,55.0,7.0,4.0,0.0,0.8939,0.1061
Zaccharie Risacher,2026,15,0.65625,11.0,4.0,0.0,0.0,0.7333,0.2667
Zach Collins,2024,27,0.4166714285714286,24.0,3.0,0.0,0.0,0.8889,0.1111
Zach Collins,2026,9,0.7222333333333334,6.0,0.0,3.0,0.0,1.0,0.0
Zach Edey,2025,26,0.6881,0.0,26.0,0.0,0.0,0.0,1.0
Zach Edey,2026,10,0.7619,0.0,10.0,0.0,0.0,0.0,1.0
Zach LaVine,2024,14,0.558325,0.0,6.0,8.0,0.0,0.5714,0.4286
Zach LaVine,2025,44,0.49583333333333335,8.0,19.0,17.0,0.0,0.5682,0.4318
Zach LaVine,2026,3,1.0,0.0,0.0,3.0,0.0,1.0,0.0
Zeke Nnaji,2026,3,0.5,3.0,0.0,0.0,0.0,1.0,0.0
Ziaire Williams,2024,21,0.35555000000000003,10.0,0.0,11.0,0.0,1.0,0.0
Ziaire Williams,2025,8,0.5625,0.0,0.0,8.0,0.0,1.0,0.0
Ziaire Williams,2026,31,0.41875,4.0,4.0,23.0,0.0,0.871,0.129
Zion Williamson,2024,81,0.520005,0.0,67.0,0.0,14.0,0.0,1.0
Zion Williamson,2025,24,0.6805500000000001,0.0,24.0,0.0,0.0,0.0,1.0
Zion Williamson,2026,52,0.6273928571428572,0.0,48.0,0.0,4.0,0.0,1.0
