player,season_year,drives,drv_pts,drv_fga,drv_fta,pts_per_drive,drive_pass_pct,drive_ast_pct,drive_to_pct,drives_per_poss,cov_proxy,drive_playmaking
A.J. Lawson,2025,74,39,33,14,0.527,0.3243,0.0405,0.0541,0.0766,-1.5,24.0
Aaron Gordon,2025,140,101,66,46,0.7214,0.2857,0.0571,0.0571,0.0475,24.4,40.0
Aaron Holiday,2025,161,67,50,10,0.4161,0.5466,0.1056,0.087,0.1012,-21.1,88.0
Aaron Nesmith,2025,168,123,86,27,0.7321,0.3274,0.0655,0.0417,0.0749,31.1,55.0
Aaron Wiggins,2025,380,238,193,40,0.6263,0.3763,0.1026,0.0526,0.1062,30.0,143.0
Adam Flagler,2025,25,15,14,0,0.6,0.4,0.2,0.04,0.0604,1.3,10.0
Adama Sanogo,2025,0,0,0,0,0.0,0.0,0.0,0.0,0.0,-0.0,0.0
Adem Bona,2025,40,33,21,8,0.825,0.275,0.05,0.05,0.0217,11.1,11.0
AJ Green,2025,49,12,11,2,0.2449,0.6939,0.102,0.0408,0.0146,-14.8,34.0
AJ Johnson,2025,146,77,76,16,0.5274,0.3493,0.0753,0.0479,0.1112,-2.9,51.0
Ajay Mitchell,2025,207,110,81,10,0.5314,0.4976,0.1111,0.0676,0.1693,-3.3,103.0
Al Horford,2025,62,23,24,2,0.371,0.5161,0.0968,0.0645,0.0192,-10.9,32.0
Alec Burks,2025,93,51,42,16,0.5484,0.3548,0.0215,0.0645,0.0541,0.1,33.0
Alex Caruso,2025,118,53,39,12,0.4492,0.5424,0.1695,0.0254,0.0556,-11.6,64.0
Alex Ducas,2025,6,2,4,0,0.3333,0.1667,0.0,0.1667,0.0226,-1.3,1.0
Alex Len,2025,2,2,1,2,1.0,0.0,0.0,0.0,0.0027,0.9,0.0
Alex Reese,2025,6,6,3,2,1.0,0.3333,0.0,0.0,0.0131,2.7,2.0
Alex Sarr,2025,212,132,129,40,0.6226,0.217,0.0377,0.0613,0.056,16.0,46.0
Alondes Williams,2025,1,2,1,0,2.0,0.0,0.0,0.0,0.1429,1.5,0.0
Alperen Sengun,2025,577,415,317,112,0.7192,0.2496,0.0832,0.0745,0.1209,99.2,144.0
Amen Thompson,2025,505,230,197,62,0.4554,0.4455,0.101,0.0792,0.1145,-46.4,225.0
Amir Coffey,2025,144,104,94,22,0.7222,0.1944,0.0556,0.0764,0.0417,25.2,28.0
Andre Drummond,2025,37,25,27,2,0.6757,0.0811,0.027,0.0811,0.0248,4.8,3.0
Andre Jackson Jr.,2025,71,22,33,4,0.3099,0.4507,0.1268,0.0423,0.0352,-16.9,32.0
Andrew Nembhard,2025,531,268,190,81,0.5047,0.4708,0.1168,0.0584,0.139,-22.6,250.0
Andrew Wiggins,2025,420,263,199,83,0.6262,0.3262,0.0833,0.0857,0.116,33.2,137.0
Anfernee Simons,2025,652,430,362,86,0.6595,0.3098,0.0813,0.0506,0.1402,73.2,202.0
Anthony Black,2025,560,286,248,86,0.5107,0.3661,0.0821,0.0732,0.1508,-20.5,205.0
Anthony Davis,2025,250,241,163,78,0.964,0.104,0.024,0.072,0.0742,104.2,26.0
Anthony Edwards,2025,1026,659,454,240,0.6423,0.3324,0.0799,0.0867,0.1792,97.5,341.0
Anthony Gill,2025,41,37,22,16,0.9024,0.1951,0.0,0.0732,0.0502,14.6,8.0
Anton Watson,2025,0,0,0,0,0.0,0.0,0.0,0.0,0.0,-0.0,0.0
Antonio Reeves,2025,106,62,57,14,0.5849,0.3208,0.1038,0.0472,0.0774,4.0,34.0
Ariel Hukporti,2025,7,2,4,0,0.2857,0.1429,0.0,0.2857,0.0157,-1.8,1.0
Armel Traore,2025,2,2,2,0,1.0,0.0,0.0,0.0,0.0145,0.9,0.0
Ausar Thompson,2025,246,140,115,46,0.5691,0.3333,0.0772,0.0732,0.0917,5.4,82.0
Austin Reaves,2025,755,501,322,163,0.6636,0.3881,0.102,0.0464,0.1493,87.9,293.0
Ayo Dosunmu,2025,371,170,130,18,0.4582,0.5391,0.124,0.0593,0.1253,-33.0,200.0
Bam Adebayo,2025,357,259,215,72,0.7255,0.1905,0.0476,0.0616,0.0684,63.6,68.0
Baylor Scheierman,2025,45,25,17,8,0.5556,0.4,0.1556,0.0889,0.0609,0.4,18.0
Ben Sheppard,2025,44,17,22,2,0.3864,0.4091,0.1364,0.0455,0.0176,-7.1,18.0
Ben Simmons,2025,224,92,87,8,0.4107,0.4866,0.1071,0.0714,0.1005,-30.6,109.0
Bennedict Mathurin,2025,495,350,246,120,0.7071,0.2586,0.0485,0.0808,0.1136,79.1,128.0
Bilal Coulibaly,2025,464,227,200,78,0.4892,0.3621,0.0711,0.0927,0.1151,-26.9,168.0
Bismack Biyombo,2025,3,0,1,0,0.0,0.3333,0.0,0.3333,0.0028,-1.6,1.0
Blake Wesley,2025,226,75,59,40,0.3319,0.531,0.146,0.1062,0.1617,-48.7,120.0
Bobby Portis,2025,75,49,50,4,0.6533,0.2133,0.04,0.0667,0.0292,8.0,16.0
Bobi Klintman,2025,6,2,2,0,0.3333,0.6667,0.3333,0.0,0.0723,-1.3,4.0
Bogdan Bogdanovic,2025,302,150,123,27,0.4967,0.4768,0.1325,0.0662,0.1082,-15.3,144.0
Bogdan Bogdanovi,2025,302,150,123,27,0.4967,0.4768,0.1325,0.0662,0.1082,-15.3,144.0
Bol Bol,2025,34,32,15,12,0.9412,0.2647,0.0882,0.1176,0.0364,13.4,9.0
Bones Hyland,2025,53,20,15,10,0.3774,0.3774,0.1132,0.1698,0.1175,-9.0,20.0
Bradley Beal,2025,518,314,213,69,0.6062,0.4247,0.0869,0.0598,0.1495,30.5,220.0
Branden Carlson,2025,8,2,4,0,0.25,0.375,0.125,0.125,0.0163,-2.4,3.0
Brandin Podziemski,2025,355,181,150,46,0.5099,0.4423,0.0873,0.0507,0.1016,-13.3,157.0
Brandon Boston,2025,226,116,111,36,0.5133,0.3363,0.0664,0.0708,0.1124,-7.7,76.0
Brandon Boston Jr.,2025,226,116,111,36,0.5133,0.3363,0.0664,0.0708,0.1124,-7.7,76.0
Brandon Clarke,2025,113,53,48,16,0.469,0.4425,0.0708,0.0531,0.044,-8.8,50.0
Brandon Ingram,2025,222,122,87,34,0.5495,0.4054,0.1036,0.0901,0.1864,0.5,90.0
Brandon Miller,2025,217,127,117,36,0.5853,0.3088,0.0691,0.0553,0.116,8.3,67.0
Brandon Williams,2025,188,120,79,36,0.6383,0.4202,0.117,0.0479,0.1811,17.1,79.0
Braxton Key,2025,3,0,1,0,0.0,0.3333,0.0,0.3333,0.1034,-1.6,1.0
Brice Sensabaugh,2025,258,154,127,32,0.5969,0.3101,0.0543,0.1085,0.0861,12.8,80.0
Bronny James,2025,45,18,20,8,0.4,0.3556,0.0444,0.1111,0.1243,-6.6,16.0
Brook Lopez,2025,124,106,72,22,0.8548,0.2016,0.0484,0.0806,0.0239,38.1,25.0
Bruce Brown,2025,212,82,107,20,0.3868,0.3491,0.0613,0.066,0.1125,-34.0,74.0
Bruno Fernando,2025,4,2,3,0,0.5,0.0,0.0,0.25,0.0136,-0.2,0.0
Bryce McGowens,2025,11,8,6,4,0.7273,0.2727,0.0909,0.0,0.1594,2.0,3.0
Bub Carrington,2025,351,146,142,20,0.416,0.4473,0.0912,0.0969,0.0688,-46.1,157.0
Buddy Hield,2025,206,78,79,6,0.3786,0.4951,0.0728,0.0922,0.0549,-34.7,102.0
Cade Cunningham,2025,1164,834,639,180,0.7165,0.2895,0.0954,0.0576,0.2352,197.0,337.0
Caleb Houstan,2025,41,13,7,6,0.3171,0.6585,0.0488,0.0732,0.0267,-9.4,27.0
Caleb Martin,2025,252,106,89,48,0.4206,0.4643,0.119,0.0635,0.1034,-31.9,117.0
Cam Christie,2025,3,0,0,0,0.0,1.0,0.3333,0.0,0.027,-1.6,3.0
Cam Reddish,2025,32,14,9,14,0.4375,0.4062,0.1562,0.0625,0.0278,-3.5,13.0
Cam Spencer,2025,34,19,8,10,0.5588,0.5588,0.0882,0.0294,0.0644,0.4,19.0
Cam Thomas,2025,332,220,149,71,0.6627,0.3404,0.1235,0.0633,0.2355,38.3,113.0
Cam Whitmore,2025,128,64,73,18,0.5,0.2656,0.0469,0.0781,0.078,-6.0,34.0
Cameron Johnson,2025,390,224,154,58,0.5744,0.4333,0.1128,0.0692,0.1112,10.6,169.0
Cameron Payne,2025,248,158,145,26,0.6371,0.3024,0.0887,0.0403,0.1125,22.3,75.0
Caris LeVert,2025,472,197,173,61,0.4174,0.4788,0.1356,0.0593,0.1421,-61.3,226.0
Cason Wallace,2025,312,138,140,8,0.4423,0.4551,0.125,0.0609,0.0818,-32.7,142.0
Charles Bassey,2025,3,4,2,2,1.3333,0.0,0.0,0.0,0.0037,2.4,0.0
Chet Holmgren,2025,171,95,75,36,0.5556,0.3626,0.0936,0.0877,0.092,1.4,62.0
Chris Boucher,2025,56,42,30,12,0.75,0.2143,0.0714,0.125,0.0323,11.4,12.0
Chris Duarte,2025,17,14,8,0,0.8235,0.4118,0.0588,0.0588,0.1018,4.7,7.0
Chris Livingston,2025,11,4,5,2,0.3636,0.4545,0.0,0.0,0.0489,-2.0,5.0
Chris Paul,2025,335,127,105,12,0.3791,0.5881,0.1881,0.0567,0.0718,-56.3,197.0
Christian Braun,2025,263,173,124,36,0.6578,0.384,0.1065,0.0608,0.0484,29.1,101.0
Christian Koloko,2025,2,2,0,2,1.0,0.5,0.0,0.0,0.0029,0.9,1.0
Chuma Okeke,2025,6,4,2,0,0.6667,0.6667,0.3333,0.0,0.0152,0.7,4.0
CJ McCollum,2025,611,381,341,70,0.6236,0.3191,0.0736,0.0426,0.1627,46.7,195.0
Clint Capela,2025,16,6,9,2,0.375,0.3125,0.0625,0.0625,0.0065,-2.8,5.0
Coby White,2025,913,469,339,111,0.5137,0.4721,0.1041,0.0613,0.1765,-30.6,431.0
Cody Martin,2025,170,80,65,22,0.4706,0.4706,0.1294,0.0706,0.0709,-13.0,80.0
Cody Williams,2025,119,60,65,10,0.5042,0.3025,0.042,0.084,0.0553,-5.1,36.0
Colby Jones,2025,109,58,50,6,0.5321,0.4495,0.0826,0.0367,0.1051,-1.6,49.0
Cole Anthony,2025,490,232,208,44,0.4735,0.449,0.0939,0.0633,0.204,-36.1,220.0
Cole Swider,2025,5,4,4,0,0.8,0.2,0.0,0.0,0.0136,1.3,1.0
Colin Castleton,2025,19,7,8,4,0.3684,0.4211,0.1579,0.0526,0.0225,-3.4,8.0
Collin Gillespie,2025,106,51,46,12,0.4811,0.4717,0.0755,0.0377,0.1148,-7.0,50.0
Collin Sexton,2025,762,516,375,132,0.6772,0.3097,0.084,0.0696,0.2169,99.0,236.0
Corey Kispert,2025,277,159,135,22,0.574,0.3682,0.0866,0.0794,0.0839,7.4,102.0
Cory Joseph,2025,82,32,24,10,0.3902,0.5366,0.122,0.0488,0.0667,-12.9,44.0
Craig Porter Jr.,2025,129,51,51,10,0.3953,0.4729,0.1473,0.093,0.1216,-19.6,61.0
Cui Yongxi,2025,1,0,1,0,0.0,0.0,0.0,0.0,0.04,-0.5,0.0
D'Angelo Russell,2025,349,221,172,60,0.6332,0.3238,0.1003,0.0487,0.1195,30.0,113.0
D.J. Carton,2025,7,0,3,0,0.0,0.5714,0.1429,0.0,0.0921,-3.8,4.0
Daeqwon Plowden,2025,8,6,3,0,0.75,0.625,0.25,0.0,0.0537,1.6,5.0
Daishen Nix,2025,2,0,0,0,0.0,0.5,0.5,0.5,0.0645,-1.1,1.0
Dalano Banton,2025,410,207,183,66,0.5049,0.3951,0.0951,0.0488,0.1772,-17.4,162.0
Dalen Terry,2025,209,92,72,34,0.4402,0.4976,0.0718,0.0478,0.0994,-22.4,104.0
Dalton Knecht,2025,124,87,76,16,0.7016,0.2419,0.0484,0.0645,0.0428,19.1,30.0
Damian Lillard,2025,659,424,290,108,0.6434,0.3763,0.1153,0.0622,0.1545,63.4,248.0
Damion Baugh,2025,92,30,43,2,0.3261,0.4348,0.1087,0.0761,0.1316,-20.3,40.0
Damion Lee,2025,51,30,26,6,0.5882,0.3333,0.0784,0.0588,0.1624,2.1,17.0
Daniel Gafford,2025,49,55,33,14,1.1224,0.0816,0.0204,0.0408,0.0197,28.2,4.0
Daniel Theis,2025,11,8,6,0,0.7273,0.2727,0.1818,0.0909,0.0085,2.0,3.0
Daniss Jenkins,2025,3,2,1,2,0.6667,0.3333,0.0,0.0,0.0714,0.4,1.0
Dante Exum,2025,129,60,54,16,0.4651,0.4264,0.0698,0.0388,0.1678,-10.6,55.0
Dant Exum,2025,129,60,54,16,0.4651,0.4264,0.0698,0.0388,0.1678,-10.6,55.0
DaQuan Jeffries,2025,101,59,57,10,0.5842,0.297,0.0693,0.0693,0.0483,3.7,30.0
Dario Saric,2025,16,10,8,4,0.625,0.3125,0.0625,0.0,0.0399,1.2,5.0
Dario ari,2025,16,10,8,4,0.625,0.3125,0.0625,0.0,0.0399,1.2,5.0
Dariq Whitehead,2025,24,9,11,2,0.375,0.3333,0.0417,0.125,0.047,-4.1,8.0
Darius Garland,2025,1090,580,436,108,0.5321,0.4532,0.1404,0.0651,0.2273,-16.5,494.0
David Duke Jr.,2025,9,3,4,2,0.3333,0.3333,0.0,0.1111,0.1216,-1.9,3.0
David Roddy,2025,93,55,36,12,0.5914,0.4516,0.1075,0.0753,0.107,4.1,42.0
Davion Mitchell,2025,590,216,183,32,0.3661,0.5661,0.1424,0.0695,0.1469,-106.9,334.0
Day'Ron Sharpe,2025,39,29,20,12,0.7436,0.2308,0.0769,0.0769,0.0222,7.7,9.0
De'Aaron Fox,2025,919,619,439,161,0.6736,0.3351,0.0881,0.0762,0.2034,116.1,308.0
De'Andre Hunter,2025,315,239,171,70,0.7587,0.2413,0.0476,0.0635,0.0848,66.6,76.0
De'Anthony Melton,2025,29,8,9,0,0.2759,0.5517,0.1724,0.0345,0.1133,-7.9,16.0
Dean Wade,2025,73,23,15,8,0.3151,0.6575,0.2329,0.0548,0.0284,-16.9,48.0
Deandre Ayton,2025,50,27,31,4,0.54,0.2,0.06,0.08,0.0204,-0.4,10.0
DeAndre Jordan,2025,0,0,0,0,0.0,0.0,0.0,0.0,0.0,-0.0,0.0
Dejounte Murray,2025,423,229,194,57,0.5414,0.3522,0.0922,0.0969,0.1985,-2.5,149.0
Delon Wright,2025,111,34,40,14,0.3063,0.4775,0.1351,0.0721,0.0867,-26.7,53.0
DeMar DeRozan,2025,711,486,331,122,0.6835,0.384,0.0759,0.038,0.1294,96.9,273.0
Deni Avdija,2025,764,439,269,153,0.5746,0.4346,0.0942,0.0759,0.1732,20.9,332.0
Dennis Schroder,2025,723,349,297,98,0.4827,0.4288,0.1148,0.0553,0.1763,-46.7,310.0
Dennis Schrder,2025,723,349,297,98,0.4827,0.4288,0.1148,0.0553,0.1763,-46.7,310.0
Dereck Lively II,2025,7,9,5,2,1.2857,0.1429,0.0,0.0,0.0042,5.2,1.0
Derrick Jones Jr.,2025,143,112,90,22,0.7832,0.2098,0.042,0.0839,0.0384,33.7,30.0
Derrick White,2025,355,226,150,56,0.6366,0.3887,0.0986,0.0845,0.0709,31.7,138.0
Desmond Bane,2025,724,391,314,56,0.5401,0.4475,0.1036,0.0594,0.1534,-5.2,324.0
Devin Booker,2025,1053,602,419,158,0.5717,0.4549,0.1054,0.0503,0.186,25.8,479.0
Devin Carter,2025,90,35,36,12,0.3889,0.4444,0.1556,0.0778,0.1134,-14.3,40.0
Devin Vassell,2025,465,272,227,41,0.5849,0.3785,0.0796,0.0624,0.1134,17.5,176.0
Dillon Brooks,2025,293,169,169,44,0.5768,0.2765,0.0922,0.0648,0.0621,8.7,81.0
Dillon Jones,2025,66,20,23,8,0.303,0.5303,0.1818,0.0606,0.058,-16.1,35.0
Domantas Sabonis,2025,239,116,87,36,0.4854,0.4477,0.0921,0.0586,0.0495,-14.8,107.0
Dominick Barlow,2025,34,16,17,4,0.4706,0.3529,0.1176,0.0588,0.0427,-2.6,12.0
Donovan Clingan,2025,5,0,1,0,0.0,0.6,0.0,0.2,0.0018,-2.7,3.0
Donovan Mitchell,2025,856,568,422,130,0.6636,0.3563,0.097,0.0397,0.1846,99.6,305.0
Donte DiVincenzo,2025,300,119,101,28,0.3967,0.4733,0.15,0.1233,0.0937,-45.2,142.0
Dorian Finney-Smith,2025,126,41,40,6,0.3254,0.5238,0.0952,0.1111,0.0361,-28.0,66.0
Doug McDermott,2025,6,0,5,0,0.0,0.0,0.0,0.0,0.0087,-3.3,0.0
Draymond Green,2025,185,81,72,26,0.4378,0.4324,0.1027,0.0757,0.0461,-20.2,80.0
Drew Eubanks,2025,37,25,16,12,0.6757,0.2973,0.027,0.027,0.0246,4.8,11.0
Drew Peterson,2025,12,4,3,0,0.3333,0.6667,0.0833,0.0833,0.0323,-2.6,8.0
Drew Timme,2025,30,17,13,6,0.5667,0.3333,0.0333,0.1333,0.0577,0.6,10.0
Dru Smith,2025,48,20,19,0,0.4167,0.5,0.0417,0.0625,0.087,-6.3,24.0
Duncan Robinson,2025,302,108,102,6,0.3576,0.543,0.1325,0.0861,0.0856,-57.3,164.0
Duop Reath,2025,20,16,14,4,0.8,0.1,0.05,0.1,0.0203,5.1,2.0
Dwight Powell,2025,9,3,3,4,0.3333,0.4444,0.1111,0.0,0.0079,-1.9,4.0
Dyson Daniels,2025,769,335,321,52,0.4356,0.4577,0.0988,0.0611,0.1426,-85.8,352.0
E.J. Liddell,2025,3,2,1,0,0.6667,0.6667,0.0,0.0,0.0256,0.4,2.0
Elfrid Payton,2025,211,62,91,4,0.2938,0.4787,0.1422,0.0616,0.2011,-53.5,101.0
Elijah Harkless,2025,12,3,5,4,0.25,0.3333,0.0833,0.0833,0.0498,-3.6,4.0
Emanuel Miller,2025,1,0,1,0,0.0,0.0,0.0,0.0,0.0185,-0.5,0.0
Emoni Bates,2025,10,4,3,0,0.4,0.7,0.2,0.0,0.0613,-1.5,7.0
Enrique Freeman,2025,8,4,3,0,0.5,0.375,0.0,0.25,0.0203,-0.4,3.0
Eric Gordon,2025,115,66,49,26,0.5739,0.3391,0.113,0.0696,0.074,3.1,39.0
Evan Mobley,2025,469,292,222,86,0.6226,0.2942,0.0682,0.0959,0.1042,35.3,138.0
Franz Wagner,2025,784,560,441,140,0.7143,0.2691,0.0778,0.0599,0.1978,131.0,211.0
Fred VanVleet,2025,496,166,144,38,0.3347,0.6069,0.127,0.0363,0.1189,-105.4,301.0
Gabe Vincent,2025,140,59,61,6,0.4214,0.4357,0.1143,0.0714,0.0462,-17.6,61.0
Garrett Temple,2025,29,10,12,0,0.3448,0.5172,0.1379,0.069,0.0592,-5.9,15.0
Garrison Mathews,2025,56,25,17,18,0.4464,0.3929,0.1429,0.0714,0.0316,-5.6,22.0
Gary Harris,2025,33,6,11,2,0.1818,0.4848,0.0909,0.1515,0.0235,-12.1,16.0
Gary Payton II,2025,48,33,26,4,0.6875,0.375,0.125,0.0208,0.0267,6.7,18.0
Gary Trent Jr.,2025,157,114,97,26,0.7261,0.2548,0.0637,0.0127,0.0405,28.1,40.0
Georges Niang,2025,225,128,106,16,0.5689,0.3911,0.1156,0.0711,0.0643,4.9,88.0
GG Jackson,2025,112,53,57,18,0.4732,0.3036,0.0446,0.0804,0.1174,-8.3,34.0
Giannis Antetokounmpo,2025,803,587,383,212,0.731,0.2827,0.0735,0.0697,0.1732,147.6,227.0
Goga Bitadze,2025,34,21,15,10,0.6176,0.1765,0.0588,0.1176,0.0122,2.4,6.0
Gradey Dick,2025,256,142,125,44,0.5547,0.3242,0.0938,0.0703,0.0778,1.9,83.0
Grant Williams,2025,43,14,14,10,0.3256,0.3488,0.0698,0.1395,0.0441,-9.5,15.0
Grayson Allen,2025,318,153,101,66,0.4811,0.4748,0.1226,0.0755,0.1004,-21.0,151.0
Guerschon Yabusele,2025,129,105,67,24,0.814,0.2791,0.093,0.0775,0.0342,34.4,36.0
Gui Santos,2025,58,13,13,2,0.2241,0.6207,0.1379,0.1034,0.0402,-18.7,36.0
Harrison Barnes,2025,323,241,148,95,0.7461,0.3158,0.0681,0.0433,0.0716,64.2,102.0
Harrison Ingram,2025,1,2,1,0,2.0,0.0,0.0,0.0,0.0133,1.5,0.0
Haywood Highsmith,2025,114,42,35,10,0.3684,0.5351,0.0614,0.0965,0.032,-20.4,61.0
Herbert Jones,2025,102,67,49,24,0.6569,0.3431,0.0882,0.049,0.0765,11.2,35.0
Hunter Tyson,2025,15,10,8,4,0.6667,0.3333,0.0667,0.0,0.0179,1.8,5.0
Immanuel Quickley,2025,366,182,131,64,0.4973,0.5027,0.1202,0.0301,0.195,-18.3,184.0
Isaac Jones,2025,12,12,8,0,1.0,0.3333,0.0,0.0,0.0191,5.4,4.0
Isaac Okoro,2025,92,33,30,8,0.3587,0.5217,0.1304,0.0761,0.0431,-17.3,48.0
Isaiah Collier,2025,655,243,211,84,0.371,0.4748,0.145,0.1053,0.1733,-115.4,311.0
Isaiah Crawford,2025,8,2,3,0,0.25,0.625,0.125,0.0,0.0816,-2.4,5.0
Isaiah Hartenstein,2025,67,35,38,4,0.5224,0.2985,0.0746,0.0896,0.0204,-1.7,20.0
Isaiah Jackson,2025,0,0,0,0,0.0,0.0,0.0,0.0,0.0,-0.0,0.0
Isaiah Joe,2025,163,54,44,16,0.3313,0.6074,0.1288,0.0429,0.0487,-35.2,99.0
Isaiah Mobley,2025,2,2,2,0,1.0,0.0,0.0,0.0,0.05,0.9,0.0
Isaiah Stevens,2025,3,0,1,0,0.0,0.6667,0.0,0.0,0.2308,-1.6,2.0
Isaiah Stewart,2025,27,14,15,2,0.5185,0.2593,0.0741,0.1481,0.0093,-0.8,7.0
Isaiah Wong,2025,101,56,50,20,0.5545,0.3168,0.0495,0.0891,0.1902,0.7,32.0
Ivica Zubac,2025,58,48,40,12,0.8276,0.1379,0.0517,0.0345,0.0109,16.3,8.0
Ja Morant,2025,838,534,394,151,0.6372,0.3246,0.1062,0.0823,0.2553,75.4,272.0
Ja'Kobe Walter,2025,193,103,97,26,0.5337,0.3575,0.0933,0.057,0.0852,-2.6,69.0
Jabari Smith Jr.,2025,119,82,64,22,0.6891,0.2773,0.0924,0.0672,0.0352,16.9,33.0
Jabari Walker,2025,83,51,44,16,0.6145,0.2289,0.0361,0.1084,0.0524,5.6,19.0
Jack McVeigh,2025,1,0,0,0,0.0,1.0,0.0,0.0,0.0103,-0.5,1.0
Jackson Rowe,2025,1,0,1,0,0.0,0.0,0.0,0.0,0.0088,-0.5,0.0
Jacob Toppin,2025,14,4,6,0,0.2857,0.4286,0.1429,0.1429,0.0892,-3.7,6.0
Jaden Hardy,2025,297,170,139,42,0.5724,0.3367,0.0741,0.1044,0.1571,7.5,100.0
Jaden Ivey,2025,285,153,133,54,0.5368,0.3158,0.0842,0.1088,0.162,-3.0,90.0
Jaden McDaniels,2025,404,273,245,36,0.6757,0.2748,0.0619,0.0594,0.0783,51.9,111.0
Jaden Springer,2025,75,31,22,12,0.4133,0.5067,0.1733,0.0933,0.1043,-10.0,38.0
Jae Crowder,2025,4,2,3,0,0.5,0.0,0.0,0.25,0.0194,-0.2,0.0
Jae'Sean Tate,2025,83,52,49,8,0.6265,0.3133,0.0241,0.0241,0.0689,6.6,26.0
Jahlil Okafor,2025,0,0,0,0,0.0,0.0,0.0,0.0,0.0,-0.0,0.0
Jahmir Young,2025,5,6,2,2,1.2,0.4,0.2,0.0,0.0758,3.3,2.0
Jaime Jaquez Jr.,2025,403,250,191,68,0.6203,0.3474,0.072,0.0769,0.1473,29.4,140.0
Jake LaRavia,2025,303,103,86,42,0.3399,0.538,0.1287,0.0891,0.1067,-62.8,163.0
Jakob Poeltl,2025,74,53,38,10,0.7162,0.2297,0.0405,0.0946,0.0216,12.5,17.0
Jalen Bridges,2025,0,0,0,0,0.0,0.0,0.0,0.0,0.0,-0.0,0.0
Jalen Brunson,2025,1157,747,519,184,0.6456,0.4045,0.102,0.0441,0.2502,113.8,468.0
Jalen Duren,2025,145,116,81,36,0.8,0.1793,0.0345,0.0966,0.0356,36.7,26.0
Jalen Green,2025,836,524,423,142,0.6268,0.299,0.0574,0.0754,0.1551,66.5,250.0
Jalen Hood-Schifino,2025,87,37,31,12,0.4253,0.4943,0.092,0.0575,0.1334,-10.6,43.0
Jalen Johnson,2025,314,179,148,48,0.5701,0.3439,0.0924,0.0828,0.1127,7.2,108.0
Jalen McDaniels,2025,0,0,0,0,0.0,0.0,0.0,0.0,0.0,-0.0,0.0
Jalen Pickett,2025,93,35,33,2,0.3763,0.5914,0.172,0.043,0.0692,-15.9,55.0
Jalen Smith,2025,60,52,35,12,0.8667,0.2167,0.0333,0.0667,0.0298,19.2,13.0
Jalen Suggs,2025,280,156,130,36,0.5571,0.3714,0.0929,0.0679,0.1385,2.8,104.0
Jalen Williams,2025,907,566,472,140,0.624,0.3153,0.1025,0.0529,0.1967,69.6,286.0
Jalen Wilson,2025,451,174,149,68,0.3858,0.5055,0.1064,0.0621,0.1144,-72.8,228.0
Jamal Cain,2025,60,49,35,8,0.8167,0.2667,0.05,0.0667,0.0589,16.2,16.0
Jamal Murray,2025,739,433,356,66,0.5859,0.3992,0.1313,0.0419,0.1507,28.6,295.0
Jamal Shead,2025,514,192,192,24,0.3735,0.5,0.1498,0.0642,0.1725,-89.3,257.0
Jamaree Bouyea,2025,17,11,6,2,0.6471,0.3529,0.0,0.1765,0.1328,1.7,6.0
James Harden,2025,1166,689,488,227,0.5909,0.3765,0.1175,0.084,0.2056,50.9,439.0
James Johnson,2025,6,4,2,0,0.6667,0.6667,0.3333,0.0,0.0789,0.7,4.0
James Wiseman,2025,0,0,0,0,0.0,0.0,0.0,0.0,0.0,-0.0,0.0
Jamison Battle,2025,56,30,25,2,0.5357,0.4464,0.125,0.0357,0.0263,-0.6,25.0
Jarace Walker,2025,192,112,85,30,0.5833,0.3542,0.0938,0.0885,0.0777,6.9,68.0
Jared Butler,2025,495,229,206,36,0.4626,0.4465,0.1273,0.0626,0.227,-41.9,221.0
Jared McCain,2025,199,136,104,30,0.6834,0.2864,0.0452,0.0854,0.1682,27.1,57.0
Jared Rhoden,2025,33,22,16,6,0.6667,0.2121,0.0303,0.1212,0.0784,3.9,7.0
Jaren Jackson Jr.,2025,811,686,536,171,0.8459,0.1443,0.0345,0.058,0.1718,242.2,117.0
Jarred Vanderbilt,2025,27,12,9,4,0.4444,0.2963,0.037,0.2222,0.024,-2.8,8.0
Jarrett Allen,2025,59,51,32,8,0.8644,0.2712,0.0508,0.1017,0.0124,18.7,16.0
Javonte Green,2025,63,31,35,16,0.4921,0.2063,0.0635,0.0635,0.0243,-3.5,13.0
Jaxson Hayes,2025,15,18,8,6,1.2,0.2,0.0,0.0667,0.0067,9.8,3.0
Jay Huff,2025,107,53,30,18,0.4953,0.5047,0.0935,0.0841,0.066,-5.6,54.0
Jaylen Brown,2025,772,466,365,98,0.6036,0.3549,0.1088,0.0687,0.1836,43.5,274.0
Jaylen Clark,2025,39,28,20,12,0.7179,0.2564,0.0769,0.0769,0.0362,6.7,10.0
Jaylen Martin,2025,52,25,25,4,0.4808,0.4231,0.1538,0.0577,0.1057,-3.5,22.0
Jaylen Nowell,2025,51,24,29,4,0.4706,0.2549,0.0784,0.098,0.1545,-3.9,13.0
Jaylen Sims,2025,23,7,6,4,0.3043,0.5652,0.2174,0.087,0.0991,-5.6,13.0
Jaylen Wells,2025,337,164,121,36,0.4866,0.4926,0.1098,0.0593,0.0773,-20.4,166.0
Jaylin Williams,2025,41,14,12,6,0.3415,0.5122,0.1463,0.0244,0.0257,-8.4,21.0
Jaylon Tyson,2025,94,35,36,4,0.3723,0.4574,0.0851,0.117,0.0999,-16.4,43.0
Jayson Tatum,2025,712,525,348,140,0.7374,0.3174,0.0913,0.0548,0.1389,135.4,226.0
Jazian Gortman,2025,15,2,6,0,0.1333,0.4667,0.0,0.0667,0.1163,-6.2,7.0
JD Davison,2025,27,13,13,2,0.4815,0.2593,0.0741,0.1852,0.15,-1.8,7.0
Jeenathan Williams,2025,40,31,25,4,0.775,0.175,0.075,0.1,0.1282,9.1,7.0
Jeff Dowtin,2025,190,136,107,26,0.7158,0.3474,0.0789,0.0158,0.1516,32.0,66.0
Jeff Dowtin Jr.,2025,190,136,107,26,0.7158,0.3474,0.0789,0.0158,0.1516,32.0,66.0
Jeff Green,2025,23,27,16,6,1.1739,0.1304,0.0,0.0435,0.0287,14.4,3.0
Jerami Grant,2025,342,168,155,58,0.4912,0.3421,0.0877,0.076,0.1094,-19.2,117.0
Jeremiah Robinson-Earl,2025,86,25,39,4,0.2907,0.4535,0.1279,0.0698,0.0344,-22.1,39.0
Jeremy Sochan,2025,193,89,78,24,0.4611,0.4352,0.1295,0.0725,0.0701,-16.6,84.0
Jericho Sims,2025,9,2,2,0,0.2222,0.3333,0.0,0.4444,0.0073,-2.9,3.0
Jesse Edwards,2025,0,0,0,0,0.0,0.0,0.0,0.0,0.0,-0.0,0.0
Jett Howard,2025,72,33,24,8,0.4583,0.5278,0.0972,0.0833,0.0507,-6.4,38.0
Jevon Carter,2025,56,24,26,2,0.4286,0.4821,0.125,0.0179,0.0794,-6.6,27.0
Jimmy Butler,2025,664,315,179,155,0.4744,0.5452,0.131,0.0346,0.193,-48.4,362.0
Jimmy Butler III,2025,664,315,179,155,0.4744,0.5452,0.131,0.0346,0.193,-48.4,362.0
Jock Landale,2025,6,3,2,0,0.5,0.3333,0.1667,0.1667,0.0059,-0.3,2.0
Joe Ingles,2025,20,4,6,0,0.2,0.7,0.1,0.0,0.0851,-6.9,14.0
Joel Embiid,2025,112,114,57,46,1.0179,0.1964,0.0357,0.0625,0.0953,52.7,22.0
John Collins,2025,210,153,110,47,0.7286,0.2381,0.0619,0.0714,0.0865,38.1,50.0
John Konchar,2025,20,2,3,0,0.1,0.7,0.05,0.05,0.0168,-8.9,14.0
Johnny Davis,2025,33,21,22,6,0.6364,0.1818,0.0606,0.0606,0.0638,2.9,6.0
Johnny Furphy,2025,17,7,7,2,0.4118,0.3529,0.0,0.1765,0.0208,-2.3,6.0
Johnny Juzang,2025,108,61,65,0,0.5648,0.3056,0.0556,0.0926,0.0411,1.9,33.0
Jonas Valanciunas,2025,72,72,56,8,1.0,0.0972,0.0,0.0556,0.023,32.6,7.0
Jonas Valaninas,2025,72,72,56,8,1.0,0.0972,0.0,0.0556,0.023,32.6,7.0
Jonathan Isaac,2025,17,8,9,0,0.4706,0.3529,0.0588,0.0588,0.008,-1.3,6.0
Jonathan Kuminga,2025,381,240,192,104,0.6299,0.2835,0.0446,0.0551,0.1632,31.5,108.0
Jonathan Mogbo,2025,137,35,58,4,0.2555,0.4526,0.0657,0.0511,0.0511,-40.0,62.0
Jordan Clarkson,2025,431,222,185,64,0.5151,0.3805,0.0998,0.0928,0.2202,-13.9,164.0
Jordan Goodwin,2025,63,34,32,0,0.5397,0.4603,0.0794,0.0159,0.0597,-0.5,29.0
Jordan Hawkins,2025,181,83,98,18,0.4586,0.326,0.0884,0.0608,0.0679,-16.0,59.0
Jordan McLaughlin,2025,70,19,17,4,0.2714,0.6286,0.0857,0.0714,0.1115,-19.3,44.0
Jordan Miller,2025,111,73,55,16,0.6577,0.3153,0.0991,0.0991,0.1354,12.3,35.0
Jordan Poole,2025,545,306,248,82,0.5615,0.3376,0.0771,0.0917,0.1296,7.8,184.0
Jordan Walsh,2025,24,18,11,6,0.75,0.2917,0.0417,0.125,0.0306,4.9,7.0
Jose Alvarado,2025,411,155,148,32,0.3771,0.5085,0.1703,0.0657,0.1499,-69.9,209.0
Josh Christopher,2025,22,4,10,0,0.1818,0.5,0.0455,0.0455,0.1429,-8.0,11.0
Josh Giddey,2025,738,334,261,91,0.4526,0.4919,0.1287,0.0596,0.167,-69.8,363.0
Josh Green,2025,223,69,69,20,0.3094,0.4978,0.1031,0.0942,0.0586,-53.0,111.0
Josh Hart,2025,331,222,145,40,0.6707,0.4169,0.1208,0.0604,0.0571,40.9,138.0
Josh Minott,2025,36,25,18,6,0.6944,0.3333,0.0556,0.0556,0.0615,5.3,12.0
Josh Okogie,2025,150,87,60,38,0.58,0.36,0.0667,0.0667,0.1211,4.9,54.0
Josh Richardson,2025,25,6,7,2,0.24,0.56,0.0,0.12,0.082,-7.7,14.0
Jrue Holiday,2025,294,162,126,28,0.551,0.4558,0.1361,0.0578,0.0776,1.1,134.0
JT Thor,2025,28,16,16,4,0.5714,0.1786,0.0357,0.1786,0.0551,0.7,5.0
Julian Champagnie,2025,156,70,76,12,0.4487,0.3718,0.0897,0.0769,0.0391,-15.4,58.0
Julian Phillips,2025,83,31,28,14,0.3735,0.5181,0.0964,0.0361,0.0356,-14.4,43.0
Julian Strawther,2025,209,141,119,32,0.6746,0.3014,0.0526,0.0239,0.0735,26.6,63.0
Julius Randle,2025,714,403,289,130,0.5644,0.4062,0.0798,0.07,0.1623,12.3,290.0
Justin Champagnie,2025,113,59,52,24,0.5221,0.3097,0.0708,0.1062,0.0405,-2.8,35.0
Justin Edwards,2025,169,103,83,16,0.6095,0.3491,0.0769,0.071,0.0721,10.5,59.0
Justin Minaya,2025,16,3,2,2,0.1875,0.6875,0.125,0.125,0.0741,-5.8,11.0
Jusuf Nurkic,2025,40,25,22,10,0.625,0.125,0.05,0.125,0.0186,3.1,5.0
Jusuf Nurki,2025,40,25,22,10,0.625,0.125,0.05,0.125,0.0186,3.1,5.0
Kai Jones,2025,15,18,8,4,1.2,0.3333,0.2,0.0,0.0158,9.8,5.0
Karl-Anthony Towns,2025,574,542,351,177,0.9443,0.1185,0.0418,0.0749,0.1124,227.9,68.0
Karlo Matkovi,2025,22,24,17,0,1.0909,0.1818,0.0455,0.0455,0.0139,12.0,4.0
Kawhi Leonard,2025,372,225,197,40,0.6048,0.3199,0.0995,0.0618,0.1581,21.4,119.0
Keaton Wallace,2025,126,56,55,6,0.4444,0.4762,0.0397,0.0556,0.1214,-13.0,60.0
Keegan Murray,2025,283,173,164,16,0.6113,0.3322,0.0813,0.0495,0.0546,18.1,94.0
Keion Brooks Jr.,2025,45,26,22,12,0.5778,0.3111,0.0,0.0444,0.0654,1.4,14.0
Kel'el Ware,2025,22,12,14,2,0.5455,0.1364,0.1364,0.1364,0.0079,-0.0,3.0
Keldon Johnson,2025,476,334,259,64,0.7017,0.3088,0.0609,0.0525,0.1265,73.5,147.0
Kelly Olynyk,2025,134,61,49,30,0.4552,0.403,0.0896,0.0896,0.0753,-12.3,54.0
Kelly Oubre Jr.,2025,382,284,238,68,0.7435,0.2068,0.0497,0.0576,0.0912,75.0,79.0
Kenrich Williams,2025,163,85,74,10,0.5215,0.4294,0.0859,0.0613,0.071,-4.2,70.0
Kentavious Caldwell-Pope,2025,130,66,56,10,0.5077,0.4385,0.1308,0.0692,0.0293,-5.1,57.0
Kenyon Martin Jr.,2025,62,29,20,6,0.4677,0.5484,0.1129,0.0806,0.0332,-4.9,34.0
Keon Ellis,2025,152,50,43,18,0.3289,0.5329,0.0987,0.0987,0.0398,-33.2,81.0
Keon Johnson,2025,475,224,217,56,0.4716,0.3895,0.1011,0.0568,0.1246,-35.9,185.0
Keshad Johnson,2025,5,6,3,2,1.2,0.2,0.0,0.0,0.0234,3.3,1.0
Kessler Edwards,2025,50,16,21,2,0.32,0.52,0.1,0.02,0.0397,-11.4,26.0
Kevin Durant,2025,649,561,389,102,0.8644,0.2527,0.0817,0.0493,0.14,205.8,164.0
Kevin Huerter,2025,183,114,86,18,0.623,0.3989,0.1038,0.071,0.0541,13.9,73.0
Kevin Knox II,2025,13,12,8,0,0.9231,0.1538,0.0,0.1538,0.0739,4.9,2.0
Kevin Love,2025,12,4,4,2,0.3333,0.5833,0.25,0.0,0.0229,-2.6,7.0
Kevin McCullar Jr.,2025,7,4,4,0,0.5714,0.4286,0.0,0.0,0.1111,0.2,3.0
Kevin Porter Jr.,2025,549,281,235,74,0.5118,0.4171,0.1129,0.0638,0.1889,-19.5,229.0
Kevon Looney,2025,37,21,22,2,0.5676,0.3243,0.1892,0.0541,0.0163,0.8,12.0
Keyonte George,2025,559,350,271,122,0.6261,0.3166,0.0948,0.0716,0.1316,44.1,177.0
Khris Middleton,2025,153,73,67,14,0.4771,0.4379,0.1765,0.0523,0.0877,-10.7,67.0
Killian Hayes,2025,46,17,12,8,0.3696,0.6087,0.1304,0.0217,0.1377,-8.2,28.0
KJ Martin,2025,62,29,20,6,0.4677,0.5484,0.1129,0.0806,0.0332,-4.9,34.0
KJ Simpson,2025,221,109,120,20,0.4932,0.3575,0.0814,0.0452,0.1305,-11.9,79.0
Klay Thompson,2025,277,98,106,16,0.3538,0.4765,0.1227,0.0903,0.0698,-53.6,132.0
Kobe Brown,2025,38,17,19,2,0.4474,0.3684,0.1316,0.0789,0.0802,-3.8,14.0
Kobe Bufkin,2025,35,24,18,4,0.6857,0.3143,0.0857,0.0571,0.1331,4.8,11.0
Kris Dunn,2025,202,90,90,8,0.4455,0.4604,0.1337,0.0495,0.056,-20.6,93.0
Kris Murray,2025,157,76,67,18,0.4841,0.4204,0.1019,0.0828,0.0725,-9.9,66.0
Kristaps Porzingis,2025,64,56,36,16,0.875,0.25,0.0156,0.0312,0.0259,21.0,16.0
Kristaps Porziis,2025,64,56,36,16,0.875,0.25,0.0156,0.0312,0.0259,21.0,16.0
Kyle Anderson,2025,209,127,115,24,0.6077,0.3158,0.1005,0.0431,0.1028,12.6,66.0
Kyle Filipowski,2025,179,111,73,34,0.6201,0.3464,0.0615,0.1006,0.058,13.0,62.0
Kyle Kuzma,2025,471,289,256,80,0.6136,0.2611,0.0488,0.087,0.1182,31.3,123.0
Kyle Lowry,2025,71,29,19,10,0.4085,0.6197,0.1408,0.0141,0.0536,-9.9,44.0
Kylor Kelley,2025,1,0,0,0,0.0,0.0,0.0,1.0,0.0037,-0.5,0.0
Kyrie Irving,2025,574,412,317,80,0.7178,0.2909,0.0679,0.0627,0.1587,97.9,167.0
Kyshawn George,2025,293,132,101,48,0.4505,0.4881,0.099,0.0648,0.0793,-28.3,143.0
Lamar Stevens,2025,35,24,16,6,0.6857,0.2857,0.0571,0.1714,0.1111,4.8,10.0
LaMelo Ball,2025,710,459,364,108,0.6465,0.331,0.0986,0.0493,0.228,70.5,235.0
Landry Shamet,2025,56,34,28,2,0.6071,0.375,0.0179,0.0893,0.0365,3.4,21.0
Larry Nance Jr.,2025,22,8,9,0,0.3636,0.5,0.1818,0.0455,0.0224,-4.0,11.0
Lauri Markkanen,2025,192,137,91,48,0.7135,0.25,0.0312,0.099,0.0648,31.9,48.0
LeBron James,2025,699,430,331,99,0.6152,0.3505,0.093,0.0715,0.1444,47.5,245.0
Leonard Miller,2025,5,8,3,2,1.6,0.2,0.0,0.0,0.0704,5.3,1.0
Lester Quinones,2025,63,25,21,5,0.3968,0.5397,0.1746,0.0794,0.1579,-9.5,34.0
Liam Robbins,2025,0,0,0,0,0.0,0.0,0.0,0.0,0.0,-0.0,0.0
Lindy Waters III,2025,48,20,25,0,0.4167,0.3958,0.0208,0.0625,0.0312,-6.3,19.0
Lonnie Walker IV,2025,122,67,51,14,0.5492,0.4672,0.1148,0.0574,0.1242,0.2,57.0
Lonzo Ball,2025,84,24,24,2,0.2857,0.5714,0.131,0.0952,0.0505,-22.0,48.0
Luguentz Dort,2025,200,55,63,12,0.275,0.575,0.16,0.065,0.047,-54.4,115.0
Luka Doni,2025,761,488,306,160,0.6413,0.3942,0.1209,0.067,0.218,71.6,300.0
Luka Garza,2025,9,12,7,2,1.3333,0.0,0.0,0.0,0.0192,7.1,0.0
Luke Kennard,2025,336,102,91,7,0.3036,0.6369,0.1429,0.0655,0.1068,-81.9,214.0
Luke Kornet,2025,11,12,6,0,1.0909,0.3636,0.0,0.0,0.0043,6.0,4.0
Luke Travers,2025,10,2,4,2,0.2,0.3,0.2,0.0,0.0541,-3.5,3.0
Mac McClung,2025,6,0,1,0,0.0,0.6667,0.1667,0.0,0.3,-3.3,4.0
Malachi Flynn,2025,9,2,2,0,0.2222,0.5556,0.2222,0.2222,0.1875,-2.9,5.0
Malaki Branham,2025,92,65,55,14,0.7065,0.2609,0.087,0.0326,0.1066,14.7,24.0
Malcolm Brogdon,2025,280,163,121,46,0.5821,0.3929,0.0857,0.0643,0.2383,9.8,110.0
Malevy Leons,2025,0,0,0,0,0.0,0.0,0.0,0.0,0.0,-0.0,0.0
Malik Beasley,2025,223,145,139,34,0.6502,0.2511,0.0897,0.0359,0.0478,23.0,56.0
Malik Monk,2025,808,397,327,60,0.4913,0.474,0.13,0.0569,0.1956,-45.2,383.0
Marcus Bagley,2025,10,2,5,0,0.2,0.4,0.1,0.1,0.019,-3.5,4.0
Marcus Garrett,2025,24,14,16,0,0.5833,0.25,0.125,0.0833,0.1538,0.9,6.0
Marcus Sasser,2025,190,105,78,14,0.5526,0.4421,0.1211,0.0632,0.1138,1.0,84.0
Marcus Smart,2025,173,76,74,18,0.4393,0.3873,0.0867,0.0751,0.1209,-18.7,67.0
MarJon Beauchamp,2025,30,14,8,10,0.4667,0.4333,0.0667,0.1333,0.0882,-2.4,13.0
Mark Williams,2025,30,24,24,4,0.8,0.0667,0.0,0.0667,0.0124,7.6,2.0
Markelle Fultz,2025,55,24,27,0,0.4364,0.4182,0.0909,0.0727,0.1482,-6.1,23.0
Markieff Morris,2025,17,11,11,6,0.6471,0.1765,0.1765,0.0,0.0501,1.7,3.0
Marvin Bagley III,2025,25,22,19,4,0.88,0.04,0.0,0.0,0.0447,8.3,1.0
Mason Jones,2025,14,12,6,0,0.8571,0.5714,0.3571,0.0,0.1505,4.3,8.0
Mason Plumlee,2025,51,10,12,10,0.1961,0.5686,0.1176,0.0392,0.0193,-17.9,29.0
Matas Buzelis,2025,215,148,112,58,0.6884,0.2419,0.0605,0.0837,0.0676,30.4,52.0
Matisse Thybulle,2025,51,12,22,2,0.2353,0.3333,0.098,0.1373,0.0786,-15.9,17.0
Matt Ryan,2025,12,2,5,0,0.1667,0.5,0.0833,0.0833,0.0828,-4.6,6.0
Max Christie,2025,307,162,130,56,0.5277,0.3941,0.0847,0.0651,0.072,-6.0,121.0
Max Strus,2025,124,36,27,4,0.2903,0.6774,0.2419,0.0645,0.047,-31.9,84.0
Maxi Kleber,2025,57,25,22,8,0.4386,0.4035,0.1404,0.0877,0.0437,-6.2,23.0
Maxwell Lewis,2025,58,32,30,2,0.5517,0.3276,0.069,0.1034,0.0881,0.3,19.0
Micah Potter,2025,26,6,5,4,0.2308,0.6538,0.1154,0.0769,0.0178,-8.2,17.0
Michael Porter Jr.,2025,214,148,104,42,0.6916,0.2897,0.0748,0.1028,0.0405,30.9,62.0
Mikal Bridges,2025,515,259,234,28,0.5029,0.4272,0.1029,0.068,0.0846,-22.8,220.0
Mike Conley,2025,371,121,118,34,0.3261,0.531,0.186,0.0728,0.1068,-82.0,197.0
Miles Bridges,2025,747,509,427,112,0.6814,0.2597,0.0509,0.0723,0.1818,100.2,194.0
Miles McBride,2025,225,86,92,12,0.3822,0.4889,0.1067,0.04,0.0704,-37.1,110.0
Miles Norris,2025,0,0,0,0,0.0,0.0,0.0,0.0,0.0,-0.0,0.0
Mitchell Robinson,2025,2,0,1,0,0.0,0.5,0.0,0.0,0.0036,-1.1,1.0
Mo Bamba,2025,7,4,1,4,0.5714,0.4286,0.1429,0.1429,0.0089,0.2,3.0
Monte Morris,2025,129,82,65,18,0.6357,0.3798,0.0543,0.031,0.1118,11.4,49.0
Mont Morris,2025,129,82,65,18,0.6357,0.3798,0.0543,0.031,0.1118,11.4,49.0
Moritz Wagner,2025,83,76,46,26,0.9157,0.1446,0.0482,0.0964,0.0726,30.6,12.0
Moses Brown,2025,5,5,4,2,1.0,0.0,0.0,0.0,0.0195,2.3,0.0
Moses Moody,2025,222,129,98,38,0.5811,0.3694,0.0946,0.0631,0.069,7.5,82.0
Mouhamed Gueye,2025,25,22,12,6,0.88,0.36,0.08,0.0,0.0234,8.3,9.0
Moussa Diabate,2025,37,35,23,4,0.9459,0.1081,0.0,0.1622,0.0155,14.8,4.0
Moussa Diabat,2025,37,35,23,4,0.9459,0.1081,0.0,0.1622,0.0155,14.8,4.0
Myles Turner,2025,107,70,62,34,0.6542,0.1589,0.0187,0.0935,0.0244,11.4,17.0
N'Faly Dante,2025,1,0,0,0,0.0,1.0,0.0,0.0,0.0091,-0.5,1.0
Nae'Qwan Tomlin,2025,11,10,9,4,0.9091,0.0,0.0,0.0,0.0815,4.0,0.0
Naji Marshall,2025,531,406,294,76,0.7646,0.2881,0.0772,0.0716,0.1356,115.4,153.0
Nate Williams,2025,40,31,25,4,0.775,0.175,0.075,0.1,0.1282,9.1,7.0
Naz Reid,2025,345,256,224,52,0.742,0.1913,0.0667,0.0667,0.0783,67.2,66.0
Neemias Queta,2025,20,12,10,2,0.6,0.35,0.1,0.05,0.0123,1.1,7.0
Nic Claxton,2025,186,130,113,38,0.6989,0.2097,0.0376,0.043,0.0515,28.2,39.0
Nick Richards,2025,22,19,12,10,0.8636,0.1364,0.0455,0.0909,0.0087,7.0,3.0
Nick Smith Jr.,2025,345,167,163,22,0.4841,0.4348,0.0928,0.0551,0.1257,-21.8,150.0
Nickeil Alexander-Walker,2025,322,168,134,38,0.5217,0.4099,0.1025,0.0839,0.0778,-8.2,132.0
Nicolas Batum,2025,10,2,1,2,0.2,0.7,0.2,0.1,0.0036,-3.5,7.0
Nikola Joki,2025,343,220,162,54,0.6414,0.3353,0.0845,0.0525,0.0646,32.3,115.0
Nikola Jovi,2025,198,88,74,21,0.4444,0.4495,0.1515,0.0859,0.085,-20.4,89.0
Nikola Vucevic,2025,267,153,128,24,0.573,0.3745,0.0449,0.0599,0.0548,6.9,100.0
Nikola Vuevi,2025,267,153,128,24,0.573,0.3745,0.0449,0.0599,0.0548,6.9,100.0
Noah Clowney,2025,91,34,39,17,0.3736,0.2967,0.0549,0.1099,0.045,-15.8,27.0
Norman Powell,2025,575,420,332,82,0.7304,0.2661,0.0765,0.0504,0.1435,105.3,153.0
Obi Toppin,2025,174,117,82,14,0.6724,0.3736,0.1034,0.0805,0.0541,21.8,65.0
Ochai Agbaji,2025,158,76,67,10,0.481,0.4494,0.1076,0.0506,0.0437,-10.5,71.0
OG Anunoby,2025,438,247,191,94,0.5639,0.3767,0.0753,0.0548,0.0808,7.3,165.0
Olivier-Maxence Prosper,2025,109,60,47,26,0.5505,0.3853,0.0826,0.0367,0.0898,0.4,42.0
Onyeka Okongwu,2025,71,49,49,10,0.6901,0.1831,0.0845,0.0423,0.0164,10.1,13.0
Orlando Robinson,2025,34,19,19,4,0.5588,0.3529,0.1176,0.0,0.0219,0.4,12.0
Oscar Tshiebwe,2025,3,2,3,0,0.6667,0.0,0.0,0.0,0.0058,0.4,0.0
Oshae Brissett,2025,12,14,7,4,1.1667,0.1667,0.0,0.0833,0.0408,7.4,2.0
Oso Ighodaro,2025,50,19,16,6,0.38,0.52,0.06,0.04,0.0238,-8.4,26.0
Ousmane Dieng,2025,45,15,13,6,0.3333,0.5333,0.1333,0.0667,0.0543,-9.6,24.0
P.J. Dozier,2025,4,0,0,2,0.0,0.75,0.25,0.0,0.05,-2.2,3.0
P.J. Tucker,2025,1,0,1,0,0.0,0.0,0.0,0.0,0.009,-0.5,0.0
P.J. Washington,2025,396,235,205,72,0.5934,0.25,0.0581,0.1061,0.1058,18.3,99.0
Pacme Dadiet,2025,10,4,3,2,0.4,0.6,0.0,0.0,0.0439,-1.5,6.0
Paolo Banchero,2025,536,393,248,172,0.7332,0.2724,0.0578,0.0578,0.1742,99.7,146.0
Pascal Siakam,2025,470,298,230,54,0.634,0.3766,0.0723,0.0511,0.0908,40.8,177.0
Pat Connaughton,2025,138,79,60,16,0.5725,0.4203,0.1304,0.0507,0.1131,3.5,58.0
Pat Spencer,2025,80,35,38,4,0.4375,0.375,0.1125,0.05,0.1562,-8.8,30.0
Patrick Baldwin Jr.,2025,3,2,2,0,0.6667,0.3333,0.0,0.0,0.013,0.4,1.0
Patrick Williams,2025,281,136,124,41,0.484,0.3915,0.0819,0.0498,0.0829,-17.8,110.0
Patty Mills,2025,18,4,6,0,0.2222,0.6111,0.0556,0.0556,0.0283,-5.9,11.0
Paul George,2025,362,161,116,40,0.4448,0.5193,0.116,0.0663,0.1337,-37.1,188.0
Paul Reed,2025,29,15,17,6,0.5172,0.3103,0.069,0.0,0.0337,-0.9,9.0
Payton Pritchard,2025,422,190,133,20,0.4502,0.6019,0.1611,0.0427,0.0964,-40.9,254.0
Pelle Larsson,2025,118,54,43,24,0.4576,0.4661,0.1017,0.0508,0.0762,-10.6,55.0
Pete Nance,2025,9,5,3,2,0.5556,0.5556,0.1111,0.0,0.0331,0.1,5.0
Peyton Watson,2025,119,75,55,20,0.6303,0.3613,0.084,0.084,0.0355,9.9,43.0
Phillip Wheeler,2025,9,6,6,2,0.6667,0.1111,0.0,0.1111,0.1023,1.1,1.0
PJ Dozier,2025,4,0,0,2,0.0,0.75,0.25,0.0,0.05,-2.2,3.0
PJ Hall,2025,3,4,1,2,1.3333,0.3333,0.0,0.0,0.0224,2.4,1.0
Precious Achiuwa,2025,99,60,67,8,0.6061,0.2323,0.0707,0.0505,0.042,5.8,23.0
Quentin Grimes,2025,461,273,192,72,0.5922,0.3774,0.0911,0.0954,0.1124,20.7,174.0
Quenton Jackson,2025,100,48,38,18,0.48,0.48,0.11,0.03,0.129,-6.7,48.0
Quincy Olivari,2025,1,0,0,0,0.0,1.0,1.0,0.0,0.0455,-0.5,1.0
Quinten Post,2025,32,10,15,0,0.3125,0.3438,0.125,0.1562,0.0243,-7.5,11.0
Rayan Rupert,2025,89,39,36,8,0.4382,0.427,0.0899,0.0787,0.0904,-9.7,38.0
RayJ Dennis,2025,25,12,10,2,0.48,0.52,0.12,0.04,0.1656,-1.7,13.0
Reece Beekman,2025,133,52,50,18,0.391,0.4887,0.0677,0.0376,0.1415,-20.8,65.0
Reed Sheppard,2025,88,34,43,0,0.3864,0.4318,0.0909,0.0795,0.0638,-14.2,38.0
Reggie Jackson,2025,66,35,35,0,0.5303,0.3788,0.0606,0.0606,0.0867,-1.1,25.0
Richaun Holmes,2025,18,15,10,4,0.8333,0.2778,0.1111,0.0,0.017,5.1,5.0
Ricky Council IV,2025,273,142,130,46,0.5201,0.3516,0.0733,0.0513,0.1074,-7.4,96.0
Riley Minix,2025,0,0,0,0,0.0,0.0,0.0,0.0,0.0,-0.0,0.0
RJ Barrett,2025,721,440,352,144,0.6103,0.3218,0.0971,0.0666,0.187,45.5,232.0
Rob Dillingham,2025,186,87,80,6,0.4677,0.4247,0.0699,0.0914,0.1735,-14.8,79.0
Robert Williams III,2025,3,2,3,0,0.6667,0.0,0.0,0.0,0.0042,0.4,0.0
Ron Harper Jr.,2025,1,2,1,0,2.0,0.0,0.0,0.0,0.0294,1.5,0.0
Ronald Holland II,2025,201,134,98,38,0.6667,0.2687,0.0498,0.0896,0.0796,24.0,54.0
Royce O'Neale,2025,124,40,56,4,0.3226,0.4919,0.1048,0.0403,0.0332,-27.9,61.0
Rudy Gobert,2025,44,26,27,4,0.5909,0.2727,0.0909,0.0227,0.0093,1.9,12.0
Rui Hachimura,2025,145,92,79,32,0.6345,0.2621,0.0552,0.069,0.0389,12.7,38.0
Russell Westbrook,2025,679,280,226,78,0.4124,0.4772,0.1134,0.0913,0.1562,-91.6,324.0
Ryan Dunn,2025,152,52,60,8,0.3421,0.4737,0.0592,0.0658,0.0547,-31.2,72.0
Ryan Rollins,2025,185,101,88,14,0.5459,0.4108,0.1189,0.0649,0.1091,-0.2,76.0
Sam Hauser,2025,61,47,30,4,0.7705,0.4426,0.082,0.0,0.0206,13.6,27.0
Sam Merrill,2025,67,10,10,4,0.1493,0.7463,0.2239,0.0299,0.0232,-26.7,50.0
Sandro Mamukelashvili,2025,86,62,39,20,0.7209,0.3721,0.093,0.0465,0.061,14.9,32.0
Santi Aldama,2025,294,165,127,42,0.5612,0.4388,0.0986,0.0476,0.0822,4.1,129.0
Scoot Henderson,2025,771,338,267,113,0.4384,0.4397,0.1025,0.0973,0.2123,-83.9,339.0
Scottie Barnes,2025,645,372,306,100,0.5767,0.3752,0.1039,0.0481,0.1475,19.0,242.0
Scotty Pippen Jr.,2025,643,234,195,58,0.3639,0.5552,0.1384,0.0731,0.1795,-117.9,357.0
Seth Curry,2025,159,78,72,8,0.4906,0.4088,0.0881,0.0943,0.0743,-9.0,65.0
Shaedon Sharpe,2025,628,433,315,96,0.6895,0.3185,0.0589,0.0701,0.1363,89.3,200.0
Shai Gilgeous-Alexander,2025,1544,1160,761,286,0.7513,0.3446,0.0881,0.0402,0.2881,315.1,532.1
Shake Milton,2025,216,125,100,26,0.5787,0.3981,0.0741,0.0648,0.1317,6.8,86.0
Sidy Cissoko,2025,24,10,8,2,0.4167,0.5417,0.1667,0.0417,0.0972,-3.1,13.0
Simone Fontecchio,2025,122,72,63,22,0.5902,0.2541,0.041,0.1148,0.0485,5.2,31.0
Skal Labissiere,2025,1,0,0,0,0.0,1.0,0.0,0.0,0.0385,-0.5,1.0
Spencer Dinwiddie,2025,626,363,269,106,0.5799,0.4026,0.0942,0.0463,0.1432,20.4,252.0
Spencer Jones,2025,5,2,4,0,0.4,0.2,0.0,0.0,0.0191,-0.7,1.0
Stanley Umude,2025,11,4,6,4,0.3636,0.2727,0.0,0.0,0.0573,-2.0,3.0
Stephen Curry,2025,597,303,242,68,0.5075,0.4355,0.0871,0.0704,0.131,-23.7,260.0
Stephon Castle,2025,752,412,323,156,0.5479,0.3657,0.0931,0.0745,0.1703,0.5,275.0
Steven Adams,2025,13,2,5,0,0.1538,0.3846,0.2308,0.1538,0.0083,-5.1,5.0
Svi Mykhailiuk,2025,180,73,70,14,0.4056,0.4889,0.1222,0.0611,0.1168,-25.5,88.0
T.J. McConnell,2025,917,457,393,44,0.4984,0.4635,0.0992,0.0513,0.3105,-44.8,425.0
Taj Gibson,2025,7,2,6,0,0.2857,0.1429,0.0,0.0,0.0088,-1.8,1.0
Talen Horton-Tucker,2025,271,167,118,50,0.6162,0.4096,0.0996,0.0517,0.176,18.7,111.0
Tari Eason,2025,220,117,115,20,0.5318,0.3409,0.0591,0.0682,0.0778,-3.4,75.0
Taurean Prince,2025,249,110,113,10,0.4418,0.4418,0.1165,0.0562,0.0568,-26.3,110.0
Taylor Hendricks,2025,7,2,2,2,0.2857,0.5714,0.1429,0.0,0.0443,-1.8,4.0
Taze Moore,2025,6,0,4,0,0.0,0.3333,0.0,0.0,0.1333,-3.3,2.0
Terance Mann,2025,202,94,81,16,0.4653,0.495,0.1535,0.0446,0.0737,-16.6,100.0
Terence Davis,2025,2,0,1,0,0.0,0.5,0.0,0.0,0.1333,-1.1,1.0
Terrence Shannon Jr.,2025,69,43,39,10,0.6232,0.3043,0.087,0.029,0.0968,5.2,21.0
Terry Rozier,2025,381,217,196,32,0.5696,0.3858,0.0919,0.042,0.1155,8.5,147.0
Terry Taylor,2025,1,0,1,0,0.0,0.0,0.0,0.0,0.0769,-0.5,0.0
Thomas Bryant,2025,14,11,7,2,0.7857,0.2143,0.0714,0.2143,0.0071,3.3,3.0
Tidjane Salan,2025,129,61,60,34,0.4729,0.2481,0.0853,0.124,0.0527,-9.6,32.0
Tim Hardaway Jr.,2025,144,116,89,32,0.8056,0.2153,0.0972,0.0417,0.0333,37.2,31.0
Tobias Harris,2025,275,185,170,30,0.6727,0.2509,0.0655,0.0618,0.0594,34.5,69.0
Tolu Smith,2025,0,0,0,0,0.0,0.0,0.0,0.0,0.0,-0.0,0.0
Tony Bradley,2025,4,3,3,2,0.75,0.0,0.0,0.0,0.0167,0.8,0.0
Torrey Craig,2025,19,8,5,0,0.4211,0.5263,0.0526,0.1579,0.0308,-2.4,10.0
Tosan Evbuomwan,2025,177,98,81,40,0.5537,0.339,0.0904,0.0621,0.1347,1.1,60.0
Toumani Camara,2025,336,176,148,38,0.5238,0.3512,0.0774,0.1012,0.0647,-7.9,118.0
Trae Young,2025,1287,647,504,181,0.5027,0.4382,0.1383,0.0715,0.2209,-57.3,564.0
Trayce Jackson-Davis,2025,46,26,30,6,0.5652,0.2826,0.1087,0.0,0.0238,0.8,13.0
Tre Jones,2025,302,132,111,32,0.4371,0.5298,0.1325,0.0199,0.1653,-33.3,160.0
Tre Mann,2025,161,82,79,8,0.5093,0.4161,0.0807,0.0497,0.2543,-6.1,67.0
Trendon Watford,2025,352,219,167,59,0.6222,0.3239,0.0767,0.0909,0.1988,26.4,114.0
Trentyn Flowers,2025,6,4,4,0,0.6667,0.1667,0.0,0.1667,0.1017,0.7,1.0
Trevelin Queen,2025,81,34,31,8,0.4198,0.4444,0.0617,0.1235,0.0933,-10.3,36.0
Trey Alexander,2025,31,14,14,0,0.4516,0.5161,0.129,0.0323,0.1225,-3.0,16.0
Trey Jemison,2025,17,16,14,0,0.9412,0.1765,0.0588,0.0,0.022,6.7,3.0
Trey Jemison III,2025,17,16,14,0,0.9412,0.1765,0.0588,0.0,0.022,6.7,3.0
Trey Lyles,2025,89,37,31,22,0.4157,0.3933,0.0899,0.0674,0.0335,-11.7,35.0
Trey Murphy III,2025,481,323,229,104,0.6715,0.3326,0.0748,0.0478,0.1263,59.8,160.0
Tristan da Silva,2025,195,94,90,20,0.4821,0.3744,0.1026,0.0667,0.061,-12.7,73.0
Tristan Thompson,2025,24,11,19,4,0.4583,0.0417,0.0,0.0833,0.0356,-2.1,1.0
Tristan Vukcevic,2025,50,40,29,16,0.8,0.16,0.02,0.08,0.0465,12.6,8.0
Tristen Newton,2025,6,2,4,0,0.3333,0.1667,0.1667,0.1667,0.1463,-1.3,1.0
Ty Jerome,2025,588,376,261,77,0.6395,0.4235,0.119,0.051,0.2025,54.3,249.0
Tyler Herro,2025,1058,591,459,96,0.5586,0.4423,0.1314,0.0605,0.1961,12.0,468.0
Tyler Kolek,2025,96,26,31,6,0.2708,0.5938,0.1562,0.0417,0.1561,-26.5,57.0
Tyler Smith,2025,1,2,1,0,2.0,0.0,0.0,0.0,0.0039,1.5,0.0
Tyrese Haliburton,2025,785,386,271,64,0.4917,0.5618,0.1299,0.0318,0.1544,-43.6,441.0
Tyrese Martin,2025,257,111,102,22,0.4319,0.4397,0.1323,0.1012,0.0993,-29.6,113.0
Tyrese Maxey,2025,737,535,431,112,0.7259,0.2659,0.0624,0.0488,0.1857,131.7,196.0
Tyson Etienne,2025,13,7,1,6,0.5385,0.5385,0.0,0.0,0.0404,-0.1,7.0
TyTy Washington Jr.,2025,23,13,13,2,0.5652,0.3913,0.0435,0.0,0.0962,0.4,9.0
Tyus Jones,2025,381,198,199,22,0.5197,0.3858,0.0761,0.0394,0.0863,-10.5,147.0
Ulrich Chomche,2025,0,0,0,0,0.0,0.0,0.0,0.0,0.0,-0.0,0.0
Vasilije Micic,2025,277,90,100,22,0.3249,0.4693,0.1155,0.0975,0.178,-61.6,130.0
Vasilije Mici,2025,277,90,100,22,0.3249,0.4693,0.1155,0.0975,0.178,-61.6,130.0
Victor Wembanyama,2025,208,136,89,44,0.6538,0.3077,0.0962,0.1154,0.0677,22.2,64.0
Vince Williams Jr.,2025,76,32,26,6,0.4211,0.5132,0.0921,0.0921,0.0721,-9.6,39.0
Vit Krejci,2025,185,61,43,14,0.3297,0.6811,0.2054,0.0378,0.077,-40.2,126.0
Vlatko anar,2025,2,2,1,0,1.0,0.5,0.0,0.0,0.007,0.9,1.0
Vt Krej,2025,185,61,43,14,0.3297,0.6811,0.2054,0.0378,0.077,-40.2,126.0
Walker Kessler,2025,15,6,7,4,0.4,0.3333,0.1333,0.0667,0.0043,-2.2,5.0
Wendell Carter Jr.,2025,71,53,36,16,0.7465,0.2113,0.0282,0.1268,0.0207,14.1,15.0
Wendell Moore Jr.,2025,66,29,29,10,0.4394,0.4242,0.0455,0.0303,0.0656,-7.1,28.0
Xavier Tillman,2025,16,4,6,0,0.25,0.3125,0.0,0.25,0.0351,-4.8,5.0
Yuki Kawamura,2025,24,7,3,6,0.2917,0.6667,0.125,0.0833,0.1171,-6.1,16.0
Yuri Collins,2025,3,0,2,0,0.0,0.3333,0.3333,0.0,0.0857,-1.6,1.0
Yves Missi,2025,121,70,65,22,0.5785,0.2314,0.0248,0.0992,0.0308,3.8,28.0
Zaccharie Risacher,2025,264,151,149,28,0.572,0.2803,0.0568,0.0909,0.068,6.5,74.0
Zach Collins,2025,38,22,20,2,0.5789,0.3421,0.0263,0.1053,0.0198,1.2,13.0
Zach Edey,2025,2,2,0,2,1.0,0.5,0.0,0.0,0.0007,0.9,1.0
Zach LaVine,2025,676,364,269,94,0.5385,0.3979,0.074,0.0828,0.1252,-5.9,269.0
Zeke Nnaji,2025,22,5,9,2,0.2273,0.4545,0.1364,0.0455,0.0177,-7.0,10.0
Ziaire Williams,2025,150,74,73,28,0.4933,0.3,0.0467,0.0733,0.0507,-8.1,45.0
Zion Williamson,2025,509,359,258,122,0.7053,0.2692,0.0668,0.0747,0.2935,80.5,137.0
Zyon Pullin,2025,2,0,1,0,0.0,0.5,0.0,0.0,0.3333,-1.1,1.0
A.J. Lawson,2026,14,6,7,4,0.4286,0.1429,0.0,0.0714,0.0311,-1.8,2.0
Aaron Gordon,2026,119,100,55,51,0.8403,0.2017,0.042,0.0672,0.0579,33.7,24.0
Aaron Holiday,2026,141,77,58,14,0.5461,0.4681,0.1064,0.0355,0.0903,-1.6,66.0
Aaron Nesmith,2026,290,183,154,39,0.631,0.3069,0.0414,0.0655,0.1033,21.4,89.0
Aaron Wiggins,2026,362,161,156,36,0.4448,0.4088,0.0994,0.0746,0.1238,-40.7,148.0
Ace Bailey,2026,327,193,154,34,0.5902,0.367,0.0826,0.0612,0.0771,10.8,120.0
Adama Bal,2026,21,10,9,0,0.4762,0.4762,0.1905,0.0952,0.0405,-1.7,10.0
Adem Bona,2026,33,27,17,14,0.8182,0.2424,0.0,0.0303,0.0129,8.6,8.0
Adou Thiero,2026,18,13,8,2,0.7222,0.3333,0.1111,0.1667,0.0602,3.0,6.0
AJ Green,2026,133,16,17,2,0.1203,0.7143,0.1203,0.0902,0.0293,-58.1,95.0
AJ Johnson,2026,135,67,72,20,0.4963,0.3333,0.0815,0.0519,0.1436,-8.2,45.0
Ajay Mitchell,2026,644,406,297,84,0.6304,0.396,0.0823,0.0528,0.209,47.1,255.0
Al Horford,2026,44,26,22,4,0.5909,0.3864,0.0682,0.0682,0.022,1.5,17.0
Alex Antetokounmpo,2026,1,0,0,0,0.0,0.0,0.0,1.0,0.0217,-0.6,0.0
Alex Caruso,2026,100,52,43,14,0.52,0.41,0.11,0.07,0.047,-3.7,41.0
Alex Morales,2026,7,4,4,2,0.5714,0.1429,0.1429,0.1429,0.1458,0.1,1.0
Alex Sarr,2026,246,154,148,36,0.626,0.2276,0.0569,0.0732,0.0893,16.9,56.0
Alijah Martin,2026,35,13,16,6,0.3714,0.4286,0.1429,0.0286,0.1237,-6.5,15.0
Alondes Williams,2026,8,6,2,2,0.75,0.625,0.375,0.0,0.0383,1.5,5.0
Alperen Sengun,2026,611,447,337,92,0.7316,0.2488,0.0589,0.0949,0.1276,106.5,152.0
Amari Williams,2026,2,0,0,0,0.0,1.0,0.0,0.0,0.0068,-1.1,2.0
Amen Thompson,2026,885,495,358,136,0.5593,0.435,0.0972,0.0599,0.1505,1.8,385.0
Amir Coffey,2026,60,51,35,10,0.85,0.3167,0.0833,0.0,0.0622,17.6,19.0
Andersson Garcia,2026,13,8,4,4,0.6154,0.4615,0.0769,0.0769,0.0364,0.8,6.0
Andre Drummond,2026,17,5,9,2,0.2941,0.2353,0.0,0.1765,0.0068,-4.5,4.0
Andre Jackson Jr.,2026,65,12,18,6,0.1846,0.5692,0.1692,0.0769,0.0788,-24.2,37.0
Andrew Nembhard,2026,715,378,265,120,0.5287,0.4573,0.1259,0.0531,0.1918,-20.4,327.0
Andrew Wiggins,2026,442,205,177,62,0.4638,0.4299,0.0747,0.0769,0.1035,-41.3,190.0
Anfernee Simons,2026,272,212,173,20,0.7794,0.261,0.0551,0.0404,0.0994,60.4,71.0
Anthony Black,2026,414,249,203,89,0.6014,0.3068,0.0942,0.0628,0.1054,18.3,127.0
Anthony Davis,2026,81,56,54,14,0.6914,0.1235,0.037,0.1235,0.0662,10.9,10.0
Anthony Edwards,2026,667,615,357,200,0.922,0.2429,0.0525,0.0435,0.1522,243.3,162.0
Anthony Gill,2026,65,61,40,14,0.9385,0.1846,0.1077,0.0769,0.0323,24.8,12.0
Antonio Reeves,2026,11,6,5,0,0.5455,0.5455,0.0909,0.0,0.0846,-0.1,6.0
Ariel Hukporti,2026,12,6,6,0,0.5,0.25,0.0833,0.25,0.0122,-0.7,3.0
Asa Newell,2026,51,20,18,2,0.3922,0.4902,0.1176,0.098,0.048,-8.4,25.0
Ausar Thompson,2026,375,190,171,55,0.5067,0.3893,0.096,0.056,0.0989,-19.0,146.0
Austin Reaves,2026,595,479,298,134,0.805,0.3042,0.0874,0.0588,0.1647,147.4,181.0
Ayo Dosunmu,2026,520,291,235,43,0.5596,0.4308,0.0885,0.05,0.1315,1.2,224.0
Bam Adebayo,2026,500,373,270,140,0.746,0.254,0.048,0.046,0.1024,94.4,127.0
Baylor Scheierman,2026,164,70,54,14,0.4268,0.5366,0.1159,0.0732,0.0586,-21.4,88.0
Ben Saraf,2026,427,193,162,51,0.452,0.4496,0.1054,0.096,0.2276,-45.0,192.0
Ben Sheppard,2026,134,76,60,20,0.5672,0.4104,0.0746,0.0672,0.0457,1.3,55.0
Bennedict Mathurin,2026,392,250,173,94,0.6378,0.3163,0.0536,0.0893,0.1173,31.6,124.0
Bez Mbeng,2026,61,18,17,6,0.2951,0.5246,0.1639,0.1148,0.0565,-16.0,32.0
Bilal Coulibaly,2026,318,181,154,76,0.5692,0.283,0.0566,0.0566,0.1013,3.8,90.0
Bismack Biyombo,2026,0,0,0,0,0.0,0.0,0.0,0.0,0.0,-0.0,0.0
Blake Hinson,2026,19,21,9,4,1.1053,0.4211,0.0526,0.0,0.0312,10.4,8.0
Blake Wesley,2026,155,58,46,14,0.3742,0.5871,0.1355,0.0452,0.2023,-28.4,91.0
Bobby Portis,2026,103,62,66,8,0.6019,0.233,0.0194,0.0583,0.0321,4.6,24.0
Bobi Klintman,2026,9,2,3,0,0.2222,0.1111,0.0,0.4444,0.06,-3.0,1.0
Bogdan Bogdanovic,2026,90,47,32,18,0.5222,0.5111,0.1222,0.0222,0.1016,-3.2,46.0
Bogdan Bogdanovi,2026,90,47,32,18,0.5222,0.5111,0.1222,0.0222,0.1016,-3.2,46.0
Bones Hyland,2026,207,113,95,20,0.5459,0.4058,0.0918,0.0531,0.0846,-2.4,84.0
Bradley Beal,2026,19,4,10,2,0.2105,0.2632,0.1579,0.1053,0.0782,-6.6,5.0
Branden Carlson,2026,15,6,12,2,0.4,0.0667,0.0,0.0667,0.015,-2.4,1.0
Brandin Podziemski,2026,633,301,225,88,0.4755,0.4929,0.1122,0.0537,0.1341,-51.8,312.0
Brandon Clarke,2026,5,0,2,0,0.0,0.6,0.0,0.0,0.1064,-2.8,3.0
Brandon Ingram,2026,793,486,358,129,0.6129,0.3657,0.0769,0.0731,0.1499,44.1,290.0
Brandon Miller,2026,544,341,285,84,0.6268,0.307,0.068,0.0772,0.1366,37.8,167.0
Brandon Williams,2026,711,450,307,155,0.6329,0.3502,0.083,0.0591,0.2274,53.8,249.0
Brice Sensabaugh,2026,412,288,205,58,0.699,0.3374,0.0752,0.0607,0.1111,58.4,139.0
Bronny James,2026,56,20,22,2,0.3571,0.4643,0.1071,0.1071,0.0752,-11.2,26.0
Brook Lopez,2026,95,61,57,10,0.6421,0.2105,0.0526,0.1263,0.0298,8.1,20.0
Brooks Barnhizer,2026,38,13,15,0,0.3421,0.5263,0.1842,0.0789,0.0539,-8.2,20.0
Bruce Brown,2026,250,130,124,26,0.52,0.376,0.124,0.056,0.0616,-9.3,94.0
Bryce McGowens,2026,141,111,85,36,0.7872,0.227,0.0851,0.0284,0.076,32.4,32.0
Bub Carrington,2026,350,150,151,28,0.4286,0.42,0.1114,0.0829,0.0726,-45.0,147.0
Buddy Boeheim,2026,0,0,0,0,0.0,0.0,0.0,0.0,0.0,-0.0,0.0
Buddy Hield,2026,97,53,37,6,0.5464,0.5361,0.134,0.0412,0.0563,-1.1,52.0
Cade Cunningham,2026,971,593,465,146,0.6107,0.3769,0.1164,0.0463,0.2209,51.9,366.0
Caleb Houstan,2026,4,0,1,0,0.0,0.5,0.0,0.0,0.0258,-2.2,2.0
Caleb Love,2026,277,132,116,24,0.4765,0.4513,0.13,0.0794,0.1304,-22.4,125.0
Caleb Martin,2026,158,63,57,29,0.3987,0.4177,0.1203,0.0886,0.0888,-25.1,66.0
Cam Christie,2026,85,55,44,22,0.6471,0.2941,0.0588,0.0353,0.0899,7.6,25.0
Cam Spencer,2026,384,163,122,38,0.4245,0.5677,0.1745,0.0391,0.108,-51.0,218.0
Cam Thomas,2026,356,244,185,74,0.6854,0.2865,0.0871,0.0562,0.2052,45.6,102.0
Cam Whitmore,2026,47,27,32,8,0.5745,0.1489,0.0638,0.0638,0.062,0.8,7.0
Cameron Johnson,2026,193,82,75,26,0.4249,0.456,0.1295,0.0674,0.0565,-25.5,88.0
Cameron Payne,2026,75,52,43,16,0.6933,0.2533,0.0933,0.0267,0.0945,10.2,19.0
Caris LeVert,2026,320,119,118,20,0.3719,0.4906,0.1531,0.075,0.1352,-59.3,157.0
Carter Bryant,2026,72,29,28,10,0.4028,0.4028,0.0694,0.1111,0.0433,-11.1,29.0
Cason Wallace,2026,414,142,161,18,0.343,0.4952,0.1039,0.058,0.0975,-88.7,205.0
Cedric Coward,2026,326,218,173,56,0.6687,0.2883,0.0736,0.0644,0.0965,36.3,94.0
Chaney Johnson,2026,41,39,22,12,0.9512,0.1951,0.0732,0.0976,0.0575,16.2,8.0
Charles Bassey,2026,4,2,3,0,0.5,0.25,0.0,0.0,0.0129,-0.2,1.0
Chaz Lanier,2026,14,6,9,0,0.4286,0.3571,0.1429,0.0,0.0261,-1.8,5.0
Chet Holmgren,2026,331,216,146,80,0.6526,0.3384,0.0816,0.0695,0.0804,31.6,112.0
Chris Boucher,2026,1,0,0,0,0.0,1.0,0.0,0.0,0.0055,-0.6,1.0
Chris Livingston,2026,2,4,2,0,2.0,0.0,0.0,0.0,0.0556,2.9,0.0
Chris Maon,2026,6,1,1,2,0.1667,0.5,0.1667,0.1667,0.0667,-2.3,3.0
Chris Paul,2026,31,12,16,0,0.3871,0.3548,0.0968,0.0968,0.0684,-5.3,11.0
Chris Youngblood,2026,9,2,4,2,0.2222,0.4444,0.1111,0.0,0.024,-3.0,4.0
Christian Braun,2026,82,33,26,10,0.4024,0.5366,0.1463,0.061,0.0282,-12.7,44.0
Christian Koloko,2026,0,0,0,0,0.0,0.0,0.0,0.0,0.0,-0.0,0.0
Chucky Hepburn,2026,4,0,1,0,0.0,0.5,0.0,0.25,0.16,-2.2,2.0
CJ Huntley,2026,1,0,0,0,0.0,0.0,0.0,0.0,0.0119,-0.6,0.0
CJ McCollum,2026,786,453,389,68,0.5763,0.3766,0.0865,0.0547,0.1645,15.0,296.0
Clint Capela,2026,28,14,15,8,0.5,0.25,0.0357,0.0714,0.0152,-1.6,7.0
Coby White,2026,574,312,208,98,0.5436,0.4512,0.1115,0.0714,0.2223,-7.8,259.0
Cody Martin,2026,7,2,1,4,0.2857,0.4286,0.0,0.1429,0.0614,-1.9,3.0
Cody Williams,2026,244,146,130,44,0.5984,0.3033,0.0615,0.0574,0.0706,10.0,74.0
Colby Jones,2026,1,2,1,0,2.0,0.0,0.0,0.0,0.0714,1.4,0.0
Cole Anthony,2026,257,122,116,4,0.4747,0.4708,0.1051,0.0428,0.2445,-21.2,121.0
Colin Castleton,2026,0,0,0,0,0.0,0.0,0.0,0.0,0.0,-0.0,0.0
Collin Gillespie,2026,483,174,158,28,0.3602,0.559,0.1449,0.06,0.1045,-95.2,270.0
Collin Murray-Boyles,2026,65,44,27,14,0.6769,0.3231,0.0308,0.1077,0.0259,7.8,21.0
Collin Sexton,2026,644,396,263,118,0.6149,0.3727,0.0916,0.0839,0.1903,37.1,240.0
Cooper Flagg,2026,856,614,498,126,0.7173,0.264,0.0713,0.0537,0.1831,137.0,226.0
Corey Kispert,2026,181,123,79,32,0.6796,0.4144,0.0939,0.0497,0.0791,22.1,75.0
Cormac Ryan,2026,51,36,21,6,0.7059,0.3529,0.098,0.1176,0.0951,7.6,18.0
Craig Porter Jr.,2026,268,104,102,17,0.3881,0.4776,0.1306,0.0672,0.1144,-45.3,128.0
Curtis Jones,2026,13,5,5,2,0.3846,0.4615,0.2308,0.0769,0.073,-2.2,6.0
D'Angelo Russell,2026,150,100,75,28,0.6667,0.3267,0.1067,0.0467,0.1427,16.4,49.0
Daeqwon Plowden,2026,73,35,29,8,0.4795,0.411,0.0822,0.1096,0.0421,-5.7,30.0
Dalano Banton,2026,26,10,9,4,0.3846,0.4615,0.0769,0.0769,0.2031,-4.5,12.0
Dalen Terry,2026,129,42,44,6,0.3256,0.5426,0.124,0.0543,0.1105,-29.9,70.0
Dalton Knecht,2026,65,50,40,8,0.7692,0.2308,0.0,0.0769,0.0582,13.8,15.0
Daniel Gafford,2026,48,40,33,14,0.8333,0.0833,0.0,0.0625,0.0205,13.2,4.0
Daniss Jenkins,2026,533,218,216,49,0.409,0.4653,0.1238,0.0544,0.1793,-79.0,248.0
Danny Wolf,2026,238,145,124,38,0.6092,0.3109,0.0924,0.0798,0.1005,12.4,74.0
DaQuan Jeffries,2026,7,8,5,2,1.1429,0.1429,0.0,0.0,0.0603,4.1,1.0
Dario Saric,2026,0,0,0,0,0.0,0.0,0.0,0.0,0.0,-0.0,0.0
Dario ari,2026,0,0,0,0,0.0,0.0,0.0,0.0,0.0,-0.0,0.0
Dariq Whitehead,2026,13,10,9,0,0.7692,0.2308,0.0,0.0769,0.0326,2.8,3.0
Darius Brown,2026,1,0,0,0,0.0,1.0,0.0,0.0,0.25,-0.6,1.0
Darius Garland,2026,592,286,237,54,0.4831,0.4611,0.1402,0.0608,0.2236,-43.9,273.0
DaRon Holmes II,2026,14,6,4,0,0.4286,0.6429,0.3571,0.0,0.0343,-1.8,9.0
David Jones Garcia,2026,28,19,15,4,0.6786,0.3214,0.1071,0.0357,0.1867,3.4,9.0
David Roddy,2026,15,10,6,2,0.6667,0.4667,0.1333,0.0667,0.0968,1.6,7.0
Davion Mitchell,2026,691,285,220,46,0.4124,0.5644,0.1346,0.0593,0.1673,-100.1,390.0
Day'Ron Sharpe,2026,68,42,34,10,0.6176,0.2794,0.0735,0.0882,0.0292,4.1,19.0
De'Aaron Fox,2026,870,524,393,110,0.6023,0.408,0.1092,0.0437,0.1855,39.2,355.0
De'Andre Hunter,2026,226,138,109,38,0.6106,0.3097,0.0531,0.0752,0.0929,12.1,70.0
De'Anthony Melton,2026,392,232,174,58,0.5918,0.3852,0.0765,0.0689,0.1734,13.5,151.0
Dean Wade,2026,88,22,18,6,0.25,0.7045,0.1705,0.0455,0.0325,-27.0,62.0
Deandre Ayton,2026,40,40,31,2,1.0,0.125,0.0,0.05,0.01,17.7,5.0
DeAndre Jordan,2026,0,0,0,0,0.0,0.0,0.0,0.0,0.0,-0.0,0.0
DeJon Jarreau,2026,65,33,24,6,0.5077,0.4615,0.1077,0.0923,0.1346,-3.2,30.0
Dejounte Murray,2026,156,100,74,14,0.641,0.3654,0.0833,0.0769,0.1928,13.1,57.0
DeMar DeRozan,2026,669,433,282,117,0.6472,0.423,0.1061,0.0538,0.1345,60.2,283.0
Deni Avdija,2026,1280,668,413,254,0.5219,0.4844,0.1258,0.0727,0.277,-45.3,620.0
Dennis Schroder,2026,627,328,271,95,0.5231,0.4083,0.1053,0.0415,0.181,-21.4,256.0
Dennis Schrder,2026,627,328,271,95,0.5231,0.4083,0.1053,0.0415,0.181,-21.4,256.0
Dereck Lively II,2026,0,0,0,0,0.0,0.0,0.0,0.0,0.0,-0.0,0.0
Derik Queen,2026,470,355,284,104,0.7553,0.1894,0.0468,0.0723,0.1101,93.1,89.0
Derrick Jones Jr.,2026,95,54,61,8,0.5684,0.1789,0.0316,0.0526,0.0357,1.1,17.0
Derrick White,2026,581,361,315,76,0.6213,0.3219,0.0792,0.0551,0.1122,37.2,187.0
Desmond Bane,2026,883,587,447,109,0.6648,0.3658,0.0861,0.043,0.1538,94.9,323.0
Devin Booker,2026,1006,625,441,164,0.6213,0.3797,0.0915,0.0636,0.226,64.4,382.0
Devin Carter,2026,264,118,96,48,0.447,0.4583,0.1023,0.0606,0.184,-29.1,121.0
Devin Vassell,2026,239,110,101,20,0.4603,0.4393,0.0837,0.0669,0.0562,-23.2,105.0
Dillon Brooks,2026,458,380,318,72,0.8297,0.1266,0.024,0.0808,0.1309,124.8,58.0
Dillon Jones,2026,6,4,2,4,0.6667,0.3333,0.3333,0.0,0.0741,0.7,2.0
Domantas Sabonis,2026,39,22,18,4,0.5641,0.3333,0.0256,0.1282,0.033,0.3,13.0
Dominick Barlow,2026,149,92,74,38,0.6174,0.2685,0.0604,0.0805,0.0427,9.0,40.0
Donovan Clingan,2026,26,8,9,2,0.3077,0.3846,0.1154,0.1923,0.006,-6.5,10.0
Donovan Mitchell,2026,970,691,472,132,0.7124,0.3443,0.0825,0.0649,0.201,150.5,334.0
Donte DiVincenzo,2026,286,104,100,28,0.3636,0.5,0.1119,0.0769,0.0557,-55.4,143.0
Dorian Finney-Smith,2026,27,11,8,0,0.4074,0.5556,0.2222,0.1481,0.0217,-4.0,15.0
Doug McDermott,2026,20,4,4,0,0.2,0.65,0.1,0.1,0.0221,-7.1,13.0
Drake Powell,2026,245,125,104,28,0.5102,0.4163,0.0776,0.0816,0.0929,-11.5,102.0
Draymond Green,2026,162,81,55,21,0.5,0.4568,0.0802,0.0926,0.043,-9.3,74.0
Drew Eubanks,2026,22,13,11,6,0.5909,0.2273,0.0,0.1364,0.0193,0.7,5.0
Drew Peterson,2026,7,3,3,2,0.4286,0.4286,0.1429,0.0,0.0547,-0.9,3.0
Drew Timme,2026,15,11,8,4,0.7333,0.2667,0.0,0.0667,0.0328,2.6,4.0
Dru Smith,2026,239,147,105,46,0.6151,0.3556,0.0753,0.0669,0.1002,13.8,85.0
Duncan Robinson,2026,214,102,82,20,0.4766,0.4907,0.1402,0.0654,0.0496,-17.3,105.0
Duop Reath,2026,15,9,7,4,0.6,0.3333,0.0667,0.0667,0.0275,0.6,5.0
Dwight Powell,2026,15,13,6,8,0.8667,0.2667,0.0667,0.0667,0.0078,4.6,4.0
Dylan Cardwell,2026,6,0,2,0,0.0,0.6667,0.5,0.0,0.0032,-3.3,4.0
Dylan Harper,2026,598,346,276,40,0.5786,0.4298,0.107,0.0569,0.1862,12.8,257.0
Dyson Daniels,2026,758,279,271,27,0.3681,0.5475,0.1372,0.0541,0.1429,-143.4,415.0
E.J. Liddell,2026,39,24,22,4,0.6154,0.2821,0.0769,0.0769,0.0552,2.3,11.0
Egor Dmin,2026,162,60,64,8,0.3704,0.4753,0.1111,0.0617,0.0611,-30.3,77.0
Elijah Harkless,2026,107,51,41,22,0.4766,0.4206,0.1121,0.0841,0.0923,-8.6,45.0
Emanuel Miller,2026,5,3,3,2,0.6,0.2,0.0,0.0,0.0725,0.2,1.0
Enrique Freeman,2026,0,0,0,0,0.0,0.0,0.0,0.0,0.0,-0.0,0.0
Eric Gordon,2026,10,9,7,2,0.9,0.1,0.0,0.1,0.0667,3.4,1.0
Ethan Thompson,2026,99,40,37,8,0.404,0.4646,0.1313,0.0606,0.0732,-15.2,46.0
Evan Mobley,2026,459,311,229,78,0.6776,0.3442,0.0566,0.0436,0.1093,55.2,158.0
Franz Wagner,2026,347,249,188,78,0.7176,0.2565,0.0778,0.0548,0.16,55.6,89.0
Gabe Vincent,2026,70,23,26,2,0.3286,0.5429,0.1571,0.0714,0.0384,-16.0,38.0
Garrett Temple,2026,5,0,1,0,0.0,0.4,0.2,0.2,0.0342,-2.8,2.0
Garrison Mathews,2026,13,11,3,10,0.8462,0.3077,0.1538,0.0,0.0315,3.8,4.0
Gary Harris,2026,44,19,19,2,0.4318,0.4545,0.0682,0.0682,0.0344,-5.5,20.0
Gary Payton II,2026,68,47,38,8,0.6912,0.3235,0.0735,0.0588,0.0299,9.1,22.0
Gary Trent Jr.,2026,90,54,60,8,0.6,0.2333,0.0667,0.0556,0.0331,3.8,21.0
GG Jackson,2026,336,249,176,66,0.7411,0.2708,0.0506,0.0774,0.1368,61.8,91.0
Giannis Antetokounmpo,2026,362,293,161,106,0.8094,0.2956,0.0773,0.0525,0.1705,91.3,107.0
Goga Bitadze,2026,8,8,4,2,1.0,0.25,0.0,0.125,0.004,3.5,2.0
Gradey Dick,2026,123,54,58,10,0.439,0.4065,0.0813,0.065,0.0551,-14.5,50.0
Grant Nelson,2026,6,3,3,2,0.5,0.1667,0.0,0.1667,0.087,-0.3,1.0
Grant Williams,2026,36,14,15,2,0.3889,0.4167,0.1944,0.1111,0.025,-6.1,15.0
Grayson Allen,2026,530,233,167,85,0.4396,0.5057,0.117,0.0623,0.1783,-62.4,268.0
Guerschon Yabusele,2026,93,61,42,22,0.6559,0.3011,0.0753,0.0968,0.0441,9.2,28.0
Gui Santos,2026,290,129,90,32,0.4448,0.4931,0.1241,0.0897,0.1049,-32.6,143.0
Harrison Barnes,2026,271,211,144,54,0.7786,0.2804,0.0701,0.0627,0.0658,60.0,76.0
Harrison Ingram,2026,7,4,2,0,0.5714,0.4286,0.1429,0.1429,0.1273,0.1,3.0
Hayden Gray,2026,3,2,0,2,0.6667,0.6667,0.0,0.0,0.0577,0.3,2.0
Haywood Highsmith,2026,11,9,5,0,0.8182,0.5455,0.2727,0.0,0.0629,2.9,6.0
Herbert Jones,2026,235,127,113,30,0.5404,0.3447,0.1234,0.0851,0.0715,-4.0,81.0
Hugo Gonzlez,2026,77,44,41,4,0.5714,0.3506,0.0649,0.0779,0.0363,1.1,27.0
Hunter Dickinson,2026,0,0,0,0,0.0,0.0,0.0,0.0,0.0,-0.0,0.0
Hunter Sallis,2026,11,5,4,2,0.4545,0.4545,0.0,0.0909,0.2,-1.1,5.0
Hunter Tyson,2026,27,11,10,4,0.4074,0.4444,0.1852,0.1111,0.0849,-4.0,12.0
Immanuel Quickley,2026,719,347,255,94,0.4826,0.5146,0.1224,0.0431,0.1582,-53.7,370.0
Isaac Jones,2026,2,0,2,0,0.0,0.0,0.0,0.0,0.029,-1.1,0.0
Isaac Okoro,2026,228,113,81,44,0.4956,0.4474,0.0833,0.0526,0.0639,-14.1,102.0
Isaiah Collier,2026,672,333,264,88,0.4955,0.4554,0.1265,0.0714,0.2111,-41.5,306.0
Isaiah Crawford,2026,7,8,3,2,1.1429,0.2857,0.2857,0.0,0.0387,4.1,2.0
Isaiah Hartenstein,2026,28,15,14,2,0.5357,0.3214,0.1786,0.1071,0.012,-0.6,9.0
Isaiah Jackson,2026,40,26,22,12,0.65,0.175,0.0,0.05,0.0217,3.7,7.0
Isaiah Joe,2026,166,66,42,24,0.3976,0.5783,0.1145,0.0422,0.0534,-26.5,96.0
Isaiah Livers,2026,15,4,5,0,0.2667,0.5333,0.2,0.0,0.021,-4.4,8.0
Isaiah Stevens,2026,7,2,3,0,0.2857,0.4286,0.0,0.1429,0.0833,-1.9,3.0
Isaiah Stewart,2026,54,30,30,4,0.5556,0.2778,0.0741,0.1296,0.0206,-0.1,15.0
Ivica Zubac,2026,33,28,16,4,0.8485,0.1515,0.0,0.1515,0.0114,9.6,5.0
Ja Morant,2026,314,194,154,58,0.6178,0.3057,0.0796,0.0605,0.2557,19.0,96.0
Ja'Kobe Walter,2026,87,35,35,8,0.4023,0.4483,0.0805,0.046,0.029,-13.5,39.0
Jabari Smith Jr.,2026,256,169,137,42,0.6602,0.2891,0.043,0.0703,0.0476,26.3,74.0
Jabari Walker,2026,49,21,19,8,0.4286,0.3673,0.1224,0.1429,0.031,-6.3,18.0
Jacob Toppin,2026,4,2,2,0,0.5,0.5,0.0,0.0,0.125,-0.2,2.0
Jaden Hardy,2026,210,125,106,42,0.5952,0.2905,0.0714,0.0952,0.1113,8.0,61.0
Jaden Ivey,2026,107,44,31,16,0.4112,0.4953,0.1589,0.0935,0.079,-15.6,53.0
Jaden McDaniels,2026,456,297,247,60,0.6513,0.2961,0.0943,0.068,0.0959,42.9,135.0
Jae'Sean Tate,2026,46,28,31,0,0.6087,0.2826,0.087,0.0435,0.0587,2.4,13.0
Jahmai Mashack,2026,160,66,63,10,0.4125,0.475,0.1,0.0625,0.1124,-23.2,76.0
Jahmir Young,2026,18,14,10,1,0.7778,0.3889,0.1111,0.0556,0.1406,4.0,7.0
Jahmyl Telfort,2026,2,0,0,2,0.0,0.5,0.0,0.0,0.0312,-1.1,1.0
Jaime Jaquez Jr.,2026,984,486,419,89,0.4939,0.4502,0.0976,0.0539,0.2175,-62.4,443.0
Jake LaRavia,2026,241,119,98,48,0.4938,0.3817,0.0954,0.0954,0.0571,-15.3,92.0
Jakob Poeltl,2026,21,8,7,4,0.381,0.4762,0.0476,0.0952,0.0089,-3.7,10.0
Jalen Brunson,2026,1093,790,613,150,0.7228,0.3038,0.065,0.043,0.2085,180.9,332.1
Jalen Duren,2026,255,254,154,84,0.9961,0.1529,0.0275,0.0392,0.0626,111.9,39.0
Jalen Green,2026,356,211,181,48,0.5927,0.3258,0.0899,0.0674,0.2105,12.6,116.0
Jalen Johnson,2026,952,552,455,151,0.5798,0.3571,0.0987,0.062,0.1766,21.4,340.0
Jalen Pickett,2026,174,58,58,0,0.3333,0.592,0.1207,0.0517,0.1077,-39.0,103.0
Jalen Slawson,2026,53,15,14,4,0.283,0.5472,0.1132,0.0755,0.0827,-14.5,29.0
Jalen Smith,2026,63,43,31,16,0.6825,0.2698,0.0476,0.1111,0.0273,7.9,17.0
Jalen Suggs,2026,406,193,148,38,0.4754,0.4901,0.1232,0.0813,0.1208,-33.2,199.0
Jalen Williams,2026,461,281,229,64,0.6095,0.3471,0.1063,0.0629,0.2356,24.1,160.0
Jalen Wilson,2026,220,122,93,52,0.5545,0.3682,0.0545,0.0682,0.1284,-0.6,81.0
Jamal Cain,2026,61,38,27,14,0.623,0.3279,0.0984,0.1148,0.0614,4.0,20.0
Jamal Murray,2026,897,599,452,105,0.6678,0.3579,0.1115,0.0613,0.1647,99.1,321.0
Jamal Shead,2026,518,170,159,54,0.3282,0.5618,0.168,0.0598,0.137,-118.7,291.0
Jamaree Bouyea,2026,210,112,100,10,0.5333,0.4048,0.1,0.0619,0.1659,-5.0,85.0
James Harden,2026,953,596,418,206,0.6254,0.3631,0.1175,0.0577,0.1933,64.9,346.0
James Wiseman,2026,0,0,0,0,0.0,0.0,0.0,0.0,0.0,-0.0,0.0
Jamir Watkins,2026,100,73,49,20,0.73,0.33,0.08,0.07,0.0462,17.3,33.0
Jamison Battle,2026,28,21,15,0,0.75,0.4643,0.1071,0.0,0.0264,5.4,13.0
Jarace Walker,2026,416,231,207,81,0.5553,0.3029,0.0721,0.0769,0.1005,-0.8,126.0
Jared McCain,2026,296,170,155,36,0.5743,0.3412,0.0608,0.0405,0.1225,5.0,101.0
Jaren Jackson Jr.,2026,372,350,252,79,0.9409,0.1129,0.0215,0.078,0.122,142.7,42.0
Jarred Vanderbilt,2026,65,25,27,2,0.3846,0.4462,0.1077,0.0615,0.0283,-11.2,29.0
Jarrett Allen,2026,90,84,57,22,0.9333,0.1556,0.0333,0.0778,0.0289,33.8,14.0
Jase Richardson,2026,134,75,66,18,0.5597,0.3881,0.0746,0.0448,0.1116,0.3,52.0
Javon Small,2026,201,88,67,24,0.4378,0.4776,0.1343,0.0896,0.1146,-24.0,96.0
Javonte Cooke,2026,16,2,5,2,0.125,0.5,0.125,0.125,0.0821,-6.9,8.0
Javonte Green,2026,52,27,28,8,0.5192,0.3077,0.0577,0.0577,0.0174,-2.0,16.0
Jaxson Hayes,2026,21,25,15,4,1.1905,0.0952,0.0476,0.0,0.0085,13.3,2.0
Jay Huff,2026,169,134,80,22,0.7929,0.3609,0.0651,0.0769,0.047,39.8,61.0
Jaylen Brown,2026,1353,939,679,225,0.694,0.2986,0.0791,0.0702,0.2758,185.0,404.0
Jaylen Clark,2026,89,63,51,26,0.7079,0.2022,0.0674,0.0562,0.0489,13.4,18.0
Jaylen Wells,2026,296,165,129,52,0.5574,0.3682,0.1081,0.0608,0.0784,0.0,109.0
Jaylin Williams,2026,73,34,27,10,0.4658,0.4384,0.1233,0.0822,0.0275,-6.7,32.0
Jaylon Tyson,2026,245,130,109,18,0.5306,0.4204,0.1143,0.0776,0.0673,-6.5,103.0
Jayson Kent,2026,0,0,0,0,0.0,0.0,0.0,0.0,0.0,-0.0,0.0
Jayson Tatum,2026,174,113,90,24,0.6494,0.3448,0.1034,0.0575,0.1662,16.0,60.0
JD Davison,2026,53,25,21,14,0.4717,0.434,0.1509,0.0377,0.1241,-4.5,23.0
Jeenathan Williams,2026,53,20,22,4,0.3774,0.4528,0.0755,0.0377,0.1111,-9.5,24.0
Jeff Green,2026,4,6,4,0,1.5,0.0,0.0,0.0,0.0116,3.8,0.0
Jerami Grant,2026,577,339,242,136,0.5875,0.331,0.052,0.0884,0.1603,17.4,191.0
Jeremiah Fears,2026,819,430,370,94,0.525,0.3956,0.072,0.0623,0.1845,-26.4,324.0
Jeremiah Robinson-Earl,2026,26,8,13,4,0.3077,0.3846,0.0385,0.0385,0.0344,-6.5,10.0
Jeremy Sochan,2026,43,17,11,4,0.3953,0.6279,0.1395,0.0698,0.0453,-7.0,27.0
Jericho Sims,2026,34,20,15,0,0.5882,0.4706,0.0294,0.0294,0.0133,1.1,16.0
Jett Howard,2026,113,65,54,14,0.5752,0.4336,0.0708,0.0177,0.0796,2.0,49.0
Jevon Carter,2026,132,38,42,8,0.2879,0.5606,0.1364,0.0682,0.0739,-35.6,74.0
Jimmy Butler,2026,429,249,135,110,0.5804,0.4615,0.0979,0.0746,0.1759,9.9,198.0
Jimmy Butler III,2026,429,249,135,110,0.5804,0.4615,0.0979,0.0746,0.1759,9.9,198.0
Joan Beringer,2026,7,8,5,0,1.1429,0.2857,0.0,0.0,0.0105,4.1,2.0
Jock Landale,2026,22,12,9,2,0.5455,0.5,0.1818,0.0,0.0071,-0.3,11.0
Joe Ingles,2026,27,16,9,2,0.5926,0.4815,0.1852,0.1111,0.0787,1.0,13.0
Joel Embiid,2026,212,167,100,86,0.7877,0.2547,0.066,0.0519,0.0854,48.9,54.0
John Collins,2026,170,123,103,24,0.7235,0.2176,0.0529,0.0941,0.0459,28.3,37.0
John Konchar,2026,69,20,12,8,0.2899,0.6812,0.1304,0.0435,0.0289,-18.4,47.0
John Poulakidas,2026,12,7,5,2,0.5833,0.5,0.0833,0.0,0.0231,0.3,6.0
John Tonje,2026,2,2,0,2,1.0,0.0,0.0,0.0,0.023,0.9,0.0
Johni Broome,2026,2,2,2,0,1.0,0.0,0.0,0.0,0.0177,0.9,0.0
Johnny Furphy,2026,64,20,19,8,0.3125,0.4844,0.1094,0.0938,0.0483,-15.7,31.0
Johnny Juzang,2026,11,7,6,2,0.6364,0.2727,0.0,0.0909,0.057,0.9,3.0
Jonas Valanciunas,2026,38,33,23,6,0.8684,0.2368,0.0263,0.0526,0.0221,11.8,9.0
Jonas Valaninas,2026,38,33,23,6,0.8684,0.2368,0.0263,0.0526,0.0221,11.8,9.0
Jonathan Isaac,2026,18,11,7,10,0.6111,0.2222,0.0,0.0556,0.017,1.0,4.0
Jonathan Kuminga,2026,224,132,108,38,0.5893,0.3348,0.0714,0.0848,0.1296,7.2,75.0
Jonathan Mogbo,2026,16,12,7,4,0.75,0.3125,0.0625,0.0,0.0312,3.1,5.0
Jordan Clarkson,2026,311,198,165,50,0.6367,0.3023,0.0804,0.0675,0.1207,24.7,94.0
Jordan Goodwin,2026,212,90,100,4,0.4245,0.4009,0.1132,0.1085,0.067,-28.1,85.0
Jordan Hawkins,2026,72,41,33,8,0.5694,0.4306,0.1111,0.0556,0.0493,0.9,31.0
Jordan McLaughlin,2026,52,17,25,0,0.3269,0.4808,0.0769,0.0385,0.0898,-12.0,25.0
Jordan Miller,2026,394,267,164,106,0.6777,0.3756,0.099,0.0508,0.1514,47.4,148.0
Jordan Poole,2026,234,113,90,46,0.4829,0.4316,0.0897,0.0598,0.1181,-17.4,101.0
Jordan Walsh,2026,86,49,41,14,0.5698,0.3605,0.0814,0.0698,0.0368,1.1,31.0
Jose Alvarado,2026,309,121,112,18,0.3916,0.5307,0.1586,0.0583,0.1116,-51.2,164.0
Josh Giddey,2026,819,360,279,118,0.4396,0.4933,0.1245,0.0684,0.2218,-96.4,404.0
Josh Green,2026,82,24,20,6,0.2927,0.5732,0.1463,0.122,0.0457,-21.7,47.0
Josh Hart,2026,322,185,161,26,0.5745,0.3758,0.1149,0.0559,0.0798,5.5,121.0
Josh Minott,2026,91,42,37,10,0.4615,0.4286,0.1209,0.0659,0.0547,-8.7,39.0
Josh Oduro,2026,3,2,1,0,0.6667,0.6667,0.3333,0.0,0.0162,0.3,2.0
Josh Okogie,2026,105,35,33,18,0.3333,0.5143,0.1524,0.0571,0.0398,-23.5,54.0
Jrue Holiday,2026,614,278,233,40,0.4528,0.4739,0.1254,0.0831,0.1866,-64.1,291.0
Julian Champagnie,2026,192,76,69,22,0.3958,0.526,0.1354,0.0521,0.0406,-31.0,101.0
Julian Phillips,2026,28,21,16,8,0.75,0.1786,0.0,0.1071,0.0307,5.4,5.0
Julian Reese,2026,23,13,12,8,0.5652,0.0435,0.0,0.2174,0.0273,0.2,1.0
Julian Strawther,2026,188,124,99,24,0.6596,0.3298,0.0426,0.0532,0.106,19.2,62.0
Julius Randle,2026,798,559,364,179,0.7005,0.3421,0.0852,0.0564,0.1483,114.3,273.0
Justin Champagnie,2026,123,65,60,22,0.5285,0.3089,0.1057,0.0813,0.0423,-3.5,38.0
Justin Edwards,2026,142,95,72,16,0.669,0.338,0.0986,0.0634,0.069,15.9,48.0
Jusuf Nurkic,2026,43,22,20,12,0.5116,0.2326,0.0,0.1163,0.0185,-2.0,10.0
Jusuf Nurki,2026,43,22,20,12,0.5116,0.2326,0.0,0.1163,0.0185,-2.0,10.0
Kadary Richmond,2026,11,8,7,2,0.7273,0.1818,0.0909,0.0,0.0759,1.9,2.0
Kam Jones,2026,192,66,71,8,0.3438,0.526,0.1198,0.0677,0.1474,-41.0,101.0
Karl-Anthony Towns,2026,499,439,267,153,0.8798,0.1884,0.0441,0.0802,0.1059,160.9,94.0
Karlo Matkovi,2026,30,8,10,4,0.2667,0.5,0.0333,0.0667,0.016,-8.7,15.0
Kasparas Jakuionis,2026,160,52,41,26,0.325,0.55,0.125,0.0875,0.0779,-37.2,88.0
Kawhi Leonard,2026,659,489,349,129,0.742,0.302,0.0804,0.0546,0.1611,121.7,199.0
Keaton Wallace,2026,128,54,51,10,0.4219,0.5234,0.1094,0.0234,0.1171,-17.3,67.0
Keegan Murray,2026,129,82,74,12,0.6357,0.2946,0.031,0.0465,0.0792,10.1,38.0
Kel'el Ware,2026,50,33,28,10,0.66,0.22,0.06,0.1,0.0141,5.1,11.0
Keldon Johnson,2026,488,385,287,58,0.7889,0.2643,0.0512,0.0615,0.1226,113.0,129.0
Kelly Olynyk,2026,53,30,18,12,0.566,0.4717,0.0943,0.0755,0.0719,0.5,25.0
Kelly Oubre Jr.,2026,252,223,165,64,0.8849,0.127,0.0357,0.0754,0.0778,82.6,32.0
Kennedy Chandler,2026,111,56,57,23,0.5045,0.3333,0.1081,0.036,0.1403,-5.9,37.0
Kenrich Williams,2026,142,66,64,20,0.4648,0.3239,0.0915,0.1056,0.0822,-13.1,46.0
Kentavious Caldwell-Pope,2026,152,93,71,34,0.6118,0.3553,0.0987,0.0395,0.0676,8.3,54.0
Keon Ellis,2026,112,54,43,14,0.4821,0.4732,0.0446,0.0804,0.0371,-8.4,53.0
Keshad Johnson,2026,44,22,17,4,0.5,0.4545,0.0227,0.1136,0.0712,-2.5,20.0
Keshon Gilbert,2026,8,7,5,0,0.875,0.25,0.0,0.125,0.053,2.5,2.0
Kevin Durant,2026,679,575,420,94,0.8468,0.2077,0.056,0.0751,0.1186,196.6,141.0
Kevin Huerter,2026,256,142,111,32,0.5547,0.4062,0.0977,0.0547,0.0786,-0.7,104.0
Kevin Love,2026,17,7,6,4,0.4118,0.3529,0.0,0.1765,0.0135,-2.5,6.0
Kevin McCullar Jr.,2026,25,8,6,2,0.32,0.56,0.24,0.16,0.0817,-5.9,14.0
Kevin Porter Jr.,2026,636,314,227,82,0.4937,0.5094,0.1431,0.0456,0.2485,-40.4,324.0
Kevon Looney,2026,5,0,3,2,0.0,0.0,0.0,0.2,0.0078,-2.8,0.0
Keyonte George,2026,547,409,304,138,0.7477,0.2212,0.0695,0.0658,0.1474,104.2,121.0
Khaman Maluach,2026,4,3,1,4,0.75,0.0,0.0,0.25,0.0049,0.8,0.0
Khris Middleton,2026,274,134,111,31,0.4891,0.4453,0.1095,0.0657,0.0916,-18.7,122.0
Killian Hayes,2026,96,43,49,8,0.4479,0.3958,0.1146,0.0521,0.1144,-10.5,38.0
KJ Simpson,2026,65,31,42,6,0.4769,0.2462,0.1385,0.0462,0.1233,-5.2,16.0
Klay Thompson,2026,142,46,58,0,0.3239,0.507,0.0845,0.0704,0.0466,-33.1,72.0
Kobe Brown,2026,135,74,52,23,0.5481,0.4296,0.1185,0.0815,0.0691,-1.2,58.0
Kobe Bufkin,2026,26,20,15,6,0.7692,0.1923,0.0,0.1154,0.1061,5.5,5.0
Kobe Sanders,2026,241,120,95,24,0.4979,0.444,0.0996,0.0954,0.088,-14.3,107.0
Koby Brea,2026,12,0,2,0,0.0,0.6667,0.3333,0.1667,0.0741,-6.7,8.0
Kon Knueppel,2026,681,354,259,76,0.5198,0.4596,0.0984,0.0734,0.1308,-25.5,313.0
Kris Dunn,2026,333,149,121,32,0.4474,0.4955,0.1381,0.0721,0.0758,-36.6,165.0
Kris Murray,2026,179,85,60,18,0.4749,0.5028,0.0894,0.0894,0.0646,-14.7,90.0
Kristaps Porzingis,2026,54,30,21,18,0.5556,0.3889,0.0926,0.037,0.035,-0.1,21.0
Kristaps Porziis,2026,54,30,21,18,0.5556,0.3889,0.0926,0.037,0.035,-0.1,21.0
Kyle Anderson,2026,189,123,98,28,0.6508,0.3545,0.0899,0.037,0.1079,17.7,67.0
Kyle Filipowski,2026,290,193,135,66,0.6655,0.3207,0.0793,0.0655,0.0767,31.4,93.0
Kyle Kuzma,2026,362,248,171,62,0.6851,0.3398,0.0829,0.0773,0.0998,46.3,123.0
Kyle Lowry,2026,5,0,0,0,0.0,0.8,0.0,0.2,0.0198,-2.8,4.0
Kyshawn George,2026,396,210,175,52,0.5303,0.3939,0.154,0.0682,0.1348,-10.7,156.0
Lachlan Olbrich,2026,22,9,8,6,0.4091,0.4545,0.0909,0.0455,0.03,-3.3,10.0
LaMelo Ball,2026,785,423,401,62,0.5389,0.3478,0.1134,0.0675,0.1902,-14.4,273.0
Landry Shamet,2026,122,58,51,18,0.4754,0.4344,0.0738,0.0492,0.0516,-10.0,53.0
Larry Nance Jr.,2026,14,3,3,2,0.2143,0.6429,0.0,0.0714,0.015,-4.8,9.0
Lauri Markkanen,2026,235,197,133,62,0.8383,0.2383,0.0553,0.0553,0.0784,66.0,56.0
Lawson Lovering,2026,0,0,0,0,0.0,0.0,0.0,0.0,0.0,-0.0,0.0
Leaky Black,2026,36,14,16,2,0.3889,0.4167,0.1389,0.0833,0.0392,-6.1,15.0
LeBron James,2026,413,279,210,73,0.6755,0.3341,0.0944,0.046,0.1018,48.8,138.0
Leonard Miller,2026,97,44,38,10,0.4536,0.4124,0.0722,0.1134,0.0624,-10.1,40.0
Liam McNeeley,2026,57,35,26,16,0.614,0.2982,0.1228,0.0877,0.0782,3.2,17.0
Lindy Waters III,2026,21,5,4,2,0.2381,0.5714,0.1905,0.1429,0.0362,-6.7,12.0
LJ Cryer,2026,36,13,11,2,0.3611,0.5556,0.0556,0.0833,0.0661,-7.1,20.0
Lonzo Ball,2026,52,10,10,2,0.1923,0.6923,0.1923,0.0769,0.0332,-19.0,36.0
Lucas Williamson,2026,26,8,7,6,0.3077,0.4231,0.1154,0.1923,0.053,-6.5,11.0
Luguentz Dort,2026,188,76,78,20,0.4043,0.4309,0.1064,0.0745,0.0497,-28.8,81.0
Luka Doni,2026,860,677,411,199,0.7872,0.3174,0.1081,0.0663,0.1812,197.7,273.0
Luka Garza,2026,19,14,10,4,0.7368,0.2632,0.0526,0.0526,0.0086,3.4,5.0
Luke Kennard,2026,316,113,84,26,0.3576,0.6361,0.1456,0.0348,0.091,-63.1,201.0
Luke Kornet,2026,5,4,2,0,0.8,0.6,0.0,0.0,0.0017,1.2,3.0
Luke Travers,2026,18,9,13,0,0.5,0.2778,0.1111,0.0,0.0833,-1.0,5.0
Mac McClung,2026,34,15,11,6,0.4412,0.4118,0.0588,0.1765,0.1153,-3.9,14.0
Malachi Smith,2026,88,51,38,4,0.5795,0.4545,0.1364,0.0455,0.1194,2.0,40.0
Malaki Branham,2026,74,47,34,24,0.6351,0.2568,0.0541,0.0946,0.1298,5.8,19.0
Malevy Leons,2026,37,18,20,2,0.4865,0.3243,0.0541,0.1081,0.0675,-2.6,12.0
Malik Monk,2026,401,189,191,56,0.4713,0.3666,0.1097,0.0623,0.1412,-34.5,147.0
Marcus Sasser,2026,69,23,30,4,0.3333,0.3913,0.1014,0.087,0.0729,-15.5,27.0
Marcus Smart,2026,230,138,105,32,0.6,0.3609,0.0913,0.0696,0.0637,9.8,83.0
MarJon Beauchamp,2026,20,20,11,6,1.0,0.25,0.05,0.05,0.0481,8.9,5.0
Mark Sears,2026,12,6,5,2,0.5,0.4167,0.0833,0.0833,0.2353,-0.7,5.0
Mark Williams,2026,22,17,18,4,0.7727,0.0455,0.0,0.0,0.0075,4.7,1.0
Markelle Fultz,2026,10,2,6,0,0.2,0.4,0.1,0.0,0.125,-3.6,4.0
Marvin Bagley III,2026,109,92,65,28,0.844,0.156,0.0183,0.0826,0.0447,31.3,17.0
Mason Plumlee,2026,3,0,0,0,0.0,1.0,0.6667,0.0,0.0085,-1.7,3.0
Matas Buzelis,2026,519,324,241,78,0.6243,0.3044,0.0655,0.106,0.1089,34.8,158.0
Matisse Thybulle,2026,66,29,25,14,0.4394,0.3939,0.1212,0.1061,0.0657,-7.8,26.0
Max Christie,2026,378,187,154,52,0.4947,0.4048,0.0767,0.0794,0.0835,-23.7,153.0
Max Shulga,2026,6,2,3,0,0.3333,0.3333,0.3333,0.1667,0.08,-1.3,2.0
Max Strus,2026,33,15,11,4,0.4545,0.4545,0.1212,0.1212,0.0545,-3.4,15.0
Maxi Kleber,2026,22,24,12,4,1.0909,0.1818,0.0455,0.0455,0.0232,11.7,4.0
Maxime Raynaud,2026,78,73,54,14,0.9359,0.1667,0.0256,0.0385,0.0192,29.5,13.0
Micah Peavy,2026,133,58,64,14,0.4361,0.391,0.1053,0.0602,0.0701,-16.1,52.0
Micah Potter,2026,41,22,19,2,0.5366,0.3415,0.0732,0.1463,0.0211,-0.8,14.0
Michael Porter Jr.,2026,280,193,143,49,0.6893,0.2821,0.1036,0.0821,0.0825,37.0,79.0
Mikal Bridges,2026,440,209,187,26,0.475,0.4795,0.1091,0.0432,0.0814,-36.2,211.0
Mike Conley,2026,136,30,31,16,0.2206,0.6397,0.1838,0.0735,0.0665,-45.8,87.0
Miles Bridges,2026,600,438,355,118,0.73,0.2383,0.0567,0.0517,0.1246,103.6,143.0
Miles Kelly,2026,4,0,2,0,0.0,0.25,0.25,0.0,0.014,-2.2,1.0
Miles McBride,2026,137,45,57,12,0.3285,0.5109,0.073,0.0292,0.0633,-31.3,70.0
Mitchell Robinson,2026,5,4,3,0,0.8,0.0,0.0,0.4,0.0022,1.2,0.0
Mo Bamba,2026,0,0,0,0,0.0,0.0,0.0,0.0,0.0,-0.0,0.0
Mohamed Diawara,2026,88,48,40,14,0.5455,0.3864,0.0909,0.0795,0.0707,-1.0,34.0
Monte Morris,2026,14,3,4,2,0.2143,0.5714,0.0714,0.0714,0.1014,-4.8,8.0
Mont Morris,2026,14,3,4,2,0.2143,0.5714,0.0714,0.0714,0.1014,-4.8,8.0
Moritz Wagner,2026,54,39,35,14,0.7222,0.1296,0.0185,0.037,0.0611,8.9,7.0
Moses Moody,2026,177,100,82,26,0.565,0.3559,0.0734,0.0621,0.0564,1.4,63.0
Mouhamadou Gueye,2026,2,2,1,0,1.0,0.5,0.0,0.0,0.0204,0.9,1.0
Mouhamed Gueye,2026,48,13,17,0,0.2708,0.6042,0.2708,0.0208,0.0199,-13.8,29.0
Moussa Cisse,2026,7,6,4,2,0.8571,0.0,0.0,0.1429,0.0063,2.1,0.0
Moussa Diabate,2026,56,42,32,16,0.75,0.1964,0.0179,0.0536,0.0149,10.8,11.0
Moussa Diabat,2026,56,42,32,16,0.75,0.1964,0.0179,0.0536,0.0149,10.8,11.0
Myles Turner,2026,95,73,57,24,0.7684,0.1474,0.0211,0.0737,0.0245,20.1,14.0
Myron Gardner,2026,83,32,23,4,0.3855,0.6265,0.1084,0.0602,0.0935,-14.3,52.0
N'Faly Dante,2026,0,0,0,0,0.0,0.0,0.0,0.0,0.0,-0.0,0.0
Nae'Qwan Tomlin,2026,57,39,28,12,0.6842,0.3333,0.1228,0.0175,0.0278,7.2,19.0
Naji Marshall,2026,579,444,323,117,0.7668,0.2677,0.0691,0.0449,0.1313,121.3,155.0
Nate Williams,2026,53,20,22,4,0.3774,0.4528,0.0755,0.0377,0.1111,-9.5,24.0
Naz Reid,2026,289,224,180,49,0.7751,0.1938,0.0761,0.0865,0.0692,63.0,56.0
Neemias Queta,2026,61,45,43,6,0.7377,0.1475,0.0164,0.0492,0.0163,11.0,9.0
Nic Claxton,2026,306,259,198,79,0.8464,0.1634,0.0392,0.0359,0.0794,88.5,50.0
Nick Richards,2026,12,14,6,8,1.1667,0.1667,0.0833,0.0,0.0082,7.3,2.0
Nick Smith Jr.,2026,93,62,57,4,0.6667,0.3118,0.0538,0.0323,0.1217,10.2,29.0
Nickeil Alexander-Walker,2026,657,390,298,88,0.5936,0.3775,0.0746,0.07,0.1182,23.9,248.0
Nicolas Batum,2026,1,0,0,0,0.0,1.0,0.0,0.0,0.0004,-0.6,1.0
Nigel Hayes,2026,20,11,12,2,0.55,0.25,0.0,0.05,0.0522,-0.1,5.0
Nigel Hayes-Davis,2026,20,11,12,2,0.55,0.25,0.0,0.05,0.0522,-0.1,5.0
Nikola Joki,2026,283,230,147,46,0.8127,0.3145,0.0954,0.0707,0.0591,72.3,89.0
Nikola Jovi,2026,158,60,54,24,0.3797,0.4684,0.1076,0.0886,0.0904,-28.1,74.0
Nikola Topi,2026,78,18,23,2,0.2308,0.5385,0.1795,0.1282,0.2422,-25.5,42.0
Nikola Vucevic,2026,167,95,76,10,0.5689,0.4012,0.0958,0.0539,0.0441,1.9,67.0
Nikola Vuevi,2026,167,95,76,10,0.5689,0.4012,0.0958,0.0539,0.0441,1.9,67.0
Nique Clifford,2026,413,190,182,46,0.46,0.4068,0.109,0.0799,0.1071,-40.2,168.0
Noa Essengue,2026,0,0,0,0,0.0,0.0,0.0,0.0,0.0,-0.0,0.0
Noah Clowney,2026,304,242,147,113,0.7961,0.2303,0.0658,0.0724,0.085,72.6,70.0
Noah Penda,2026,131,54,57,16,0.4122,0.4198,0.0992,0.0687,0.0852,-19.0,55.0
Nolan Traore,2026,548,223,227,42,0.4069,0.4562,0.1387,0.0584,0.2206,-82.4,250.0
Norchad Omier,2026,0,0,0,0,0.0,0.0,0.0,0.0,0.0,-0.0,0.0
Norman Powell,2026,561,418,308,64,0.7451,0.3102,0.0642,0.0553,0.1568,105.4,174.0
Obi Toppin,2026,58,37,23,10,0.6379,0.3793,0.1379,0.1034,0.0647,4.7,22.0
Ochai Agbaji,2026,95,48,43,14,0.5053,0.3789,0.0737,0.0632,0.0482,-4.9,36.0
OG Anunoby,2026,461,256,166,86,0.5553,0.436,0.0803,0.0846,0.1023,-0.9,201.0
Olivier Sarr,2026,0,0,0,0,0.0,0.0,0.0,0.0,0.0,-0.0,0.0
Olivier-Maxence Prosper,2026,140,91,65,18,0.65,0.3857,0.0571,0.0857,0.0672,13.0,54.0
Omer Yurtseven,2026,2,0,2,0,0.0,0.0,0.0,0.0,0.0091,-1.1,0.0
Onyeka Okongwu,2026,241,189,147,49,0.7842,0.2116,0.0622,0.0664,0.0492,54.7,51.0
Orlando Robinson,2026,2,0,0,0,0.0,1.0,0.0,0.0,0.0426,-1.1,2.0
Oscar Tshiebwe,2026,10,5,4,2,0.5,0.5,0.1,0.0,0.0105,-0.6,5.0
Oso Ighodaro,2026,160,90,78,22,0.5625,0.3625,0.0563,0.0375,0.0443,0.8,58.0
Ousmane Dieng,2026,280,141,117,22,0.5036,0.4179,0.1143,0.0857,0.1257,-15.0,117.0
P.J. Washington,2026,293,200,165,52,0.6826,0.2457,0.0614,0.0819,0.0834,36.7,72.0
Pacme Dadiet,2026,16,4,5,2,0.25,0.5625,0.125,0.0625,0.059,-4.9,9.0
Paolo Banchero,2026,985,641,438,276,0.6508,0.3137,0.066,0.067,0.1902,92.1,309.0
Pascal Siakam,2026,783,519,384,126,0.6628,0.3499,0.0702,0.0511,0.1815,82.6,274.0
Pat Connaughton,2026,46,24,20,4,0.5217,0.413,0.1087,0.087,0.0799,-1.6,19.0
Pat Spencer,2026,351,164,162,22,0.4672,0.4359,0.094,0.0541,0.143,-31.6,153.0
Patrick Baldwin Jr.,2026,11,6,5,2,0.5455,0.2727,0.0,0.0909,0.0529,-0.1,3.0
Patrick Williams,2026,287,119,111,40,0.4146,0.4321,0.0836,0.0732,0.0905,-40.9,124.0
Paul George,2026,210,119,102,32,0.5667,0.3524,0.0905,0.0429,0.0903,2.0,74.0
Paul Reed,2026,82,79,52,16,0.9634,0.1829,0.0854,0.061,0.0455,33.3,15.0
Payton Pritchard,2026,939,508,403,56,0.541,0.4665,0.1171,0.0479,0.1869,-15.3,438.0
Payton Sandfort,2026,2,2,2,0,1.0,0.0,0.0,0.0,0.015,0.9,0.0
Pelle Larsson,2026,439,272,179,82,0.6196,0.3986,0.1162,0.0592,0.1132,27.4,175.0
Pete Nance,2026,28,8,8,0,0.2857,0.4643,0.0357,0.2143,0.0192,-7.6,13.0
Peyton Watson,2026,300,164,143,49,0.5467,0.3467,0.0867,0.0733,0.0922,-3.2,104.0
PJ Hall,2026,3,2,2,0,0.6667,0.0,0.0,0.3333,0.0068,0.3,0.0
Precious Achiuwa,2026,228,162,144,34,0.7105,0.193,0.0746,0.0746,0.0641,34.9,44.0
Quentin Grimes,2026,495,283,179,92,0.5717,0.4202,0.103,0.0848,0.1083,7.1,208.0
Quenton Jackson,2026,271,146,101,54,0.5387,0.4317,0.0996,0.0627,0.1409,-5.0,117.0
Quinten Post,2026,76,31,34,4,0.4079,0.4342,0.0658,0.0658,0.0318,-11.4,33.0
Rasheer Fleming,2026,51,15,18,4,0.2941,0.4314,0.0588,0.1569,0.0386,-13.4,22.0
Rayan Rupert,2026,161,66,71,12,0.4099,0.4348,0.0683,0.0683,0.0719,-23.7,70.0
RayJ Dennis,2026,60,20,28,4,0.3333,0.4,0.05,0.0667,0.1367,-13.4,24.0
Reed Sheppard,2026,394,216,203,22,0.5482,0.3959,0.1041,0.0558,0.0906,-3.6,156.0
Riley Minix,2026,11,9,5,0,0.8182,0.4545,0.0909,0.0909,0.0887,2.9,5.0
RJ Barrett,2026,539,326,236,116,0.6048,0.3432,0.0612,0.0668,0.152,25.6,185.0
Rob Dillingham,2026,404,175,167,22,0.4332,0.453,0.0817,0.0842,0.1935,-50.1,183.0
Robert Williams III,2026,9,4,2,4,0.4444,0.3333,0.0,0.2222,0.0043,-1.0,3.0
Rocco Zikarsky,2026,3,4,1,2,1.3333,0.3333,0.0,0.0,0.0411,2.3,1.0
Ron Harper Jr.,2026,36,16,15,2,0.4444,0.4167,0.1111,0.1111,0.0585,-4.1,15.0
Ronald Holland II,2026,234,160,137,32,0.6838,0.2222,0.0641,0.0855,0.0746,29.6,52.0
Royce O'Neale,2026,159,48,54,10,0.3019,0.5094,0.1761,0.1006,0.035,-40.6,81.0
Rudy Gobert,2026,50,22,27,8,0.44,0.28,0.02,0.1,0.0103,-5.9,14.0
Rui Hachimura,2026,131,107,88,14,0.8168,0.1832,0.0305,0.0687,0.0329,34.0,24.0
Russell Westbrook,2026,741,298,237,88,0.4022,0.5047,0.1606,0.0945,0.1909,-114.9,374.0
Ryan Dunn,2026,142,50,54,14,0.3521,0.493,0.1056,0.0775,0.053,-29.1,70.0
Ryan Kalkbrenner,2026,1,0,0,0,0.0,1.0,0.0,0.0,0.0003,-0.6,1.0
Ryan Nembhard,2026,381,124,133,16,0.3255,0.5512,0.1417,0.0604,0.1671,-88.3,210.0
Ryan Rollins,2026,861,417,357,63,0.4843,0.4576,0.1243,0.0604,0.1816,-62.8,394.0
Saddiq Bey,2026,410,361,239,125,0.8805,0.2122,0.0488,0.0366,0.0876,132.5,87.0
Sam Hauser,2026,64,34,28,4,0.5312,0.4531,0.1094,0.0625,0.0167,-1.7,29.0
Sam Merrill,2026,138,59,43,12,0.4275,0.5797,0.1739,0.0435,0.0492,-17.9,80.0
Sandro Mamukelashvili,2026,187,126,82,38,0.6738,0.3583,0.0695,0.0749,0.0519,21.8,67.0
Santi Aldama,2026,218,137,112,22,0.6284,0.3761,0.1009,0.0321,0.0859,15.5,82.0
Scoot Henderson,2026,331,144,117,48,0.435,0.426,0.0725,0.0846,0.2094,-40.5,141.0
Scottie Barnes,2026,624,419,325,94,0.6715,0.3157,0.109,0.0705,0.1132,71.3,197.0
Scotty Pippen Jr.,2026,80,36,30,12,0.45,0.3875,0.15,0.15,0.1774,-8.6,31.0
Sean Pedulla,2026,7,4,3,0,0.5714,0.4286,0.1429,0.1429,0.1167,0.1,3.0
Seth Curry,2026,15,8,5,0,0.5333,0.6667,0.2,0.0,0.0551,-0.4,10.0
Shaedon Sharpe,2026,555,360,294,88,0.6486,0.2739,0.0523,0.0721,0.1777,50.7,152.0
Shai Gilgeous-Alexander,2026,1276,954,590,250,0.7476,0.3785,0.1058,0.0361,0.2693,242.9,483.0
Sharife Cooper,2026,263,131,107,22,0.4981,0.4525,0.1369,0.076,0.1787,-15.6,119.0
Sidy Cissoko,2026,182,61,52,20,0.3352,0.5,0.0824,0.1099,0.0613,-40.4,91.0
Simone Fontecchio,2026,164,46,51,10,0.2805,0.5366,0.1402,0.0854,0.0657,-45.4,88.0
Sion James,2026,250,101,76,50,0.404,0.488,0.108,0.084,0.0683,-38.3,122.0
Skal Labissiere,2026,0,0,0,0,0.0,0.0,0.0,0.0,0.0,-0.0,0.0
Spencer Jones,2026,12,12,7,0,1.0,0.4167,0.1667,0.0,0.0042,5.3,5.0
Stanley Umude,2026,1,2,1,0,2.0,0.0,0.0,0.0,0.0714,1.4,0.0
Stephen Curry,2026,337,213,152,50,0.632,0.3917,0.0682,0.0415,0.1195,25.2,132.0
Stephon Castle,2026,878,474,338,170,0.5399,0.3827,0.1253,0.0991,0.2065,-15.3,336.0
Steven Adams,2026,10,6,5,2,0.6,0.4,0.1,0.0,0.0069,0.4,4.0
Svi Mykhailiuk,2026,133,54,45,10,0.406,0.5263,0.1504,0.0526,0.0545,-20.1,70.0
T.J. McConnell,2026,570,285,240,18,0.5,0.5,0.1316,0.0351,0.282,-32.6,285.0
Taelon Peter,2026,29,9,10,2,0.3103,0.5862,0.1034,0.0345,0.0276,-7.2,17.0
Taj Gibson,2026,4,8,2,4,2.0,0.0,0.0,0.0,0.0193,5.8,0.0
Tari Eason,2026,219,98,119,13,0.4475,0.347,0.0868,0.0731,0.0707,-24.0,76.0
Taurean Prince,2026,65,35,35,2,0.5385,0.3077,0.1077,0.0923,0.0525,-1.2,20.0
Taylor Hendricks,2026,117,72,62,12,0.6154,0.2991,0.094,0.0855,0.0504,6.8,35.0
Terance Mann,2026,320,142,109,40,0.4437,0.5062,0.15,0.0688,0.1044,-36.3,162.0
Terrence Shannon Jr.,2026,130,72,55,26,0.5538,0.3846,0.1308,0.0615,0.1167,-0.5,50.0
Thanasis Antetokounmpo,2026,37,18,12,14,0.4865,0.4054,0.0811,0.0811,0.1229,-2.6,15.0
Thomas Bryant,2026,9,3,5,2,0.3333,0.1111,0.0,0.2222,0.0059,-2.0,1.0
Tidjane Salan,2026,65,27,29,4,0.4154,0.4,0.0769,0.1231,0.0565,-9.2,26.0
Tim Hardaway Jr.,2026,131,110,74,46,0.8397,0.229,0.0916,0.0153,0.0298,37.0,30.0
Tobias Harris,2026,241,158,136,32,0.6556,0.3112,0.083,0.0373,0.0682,23.7,75.0
Toby Okani,2026,26,10,17,2,0.3846,0.2308,0.0769,0.0,0.0547,-4.5,6.0
Tolu Smith,2026,11,4,5,2,0.3636,0.1818,0.0909,0.2727,0.0409,-2.1,2.0
Tony Bradley,2026,12,12,10,0,1.0,0.1667,0.0833,0.0,0.0129,5.3,2.0
Tosan Evbuomwan,2026,1,0,1,0,0.0,0.0,0.0,0.0,0.0667,-0.6,0.0
Toumani Camara,2026,349,151,131,42,0.4327,0.4097,0.0774,0.1146,0.0611,-43.5,143.0
Trae Young,2026,136,104,59,30,0.7647,0.4118,0.1103,0.0368,0.1596,28.2,56.0
Trayce Jackson-Davis,2026,11,5,2,4,0.4545,0.6364,0.1818,0.0,0.0108,-1.1,7.0
Tre Johnson,2026,368,210,194,42,0.5707,0.2989,0.0842,0.0815,0.1192,4.9,110.0
Tre Jones,2026,838,438,313,106,0.5227,0.4928,0.099,0.0453,0.221,-29.0,413.0
Tre Mann,2026,244,101,113,14,0.4139,0.418,0.0697,0.0697,0.1843,-35.0,102.0
Trendon Watford,2026,210,139,107,30,0.6619,0.2952,0.0476,0.0857,0.1163,22.0,62.0
Trentyn Flowers,2026,0,0,0,0,0.0,0.0,0.0,0.0,0.0,-0.0,0.0
Trevon Scott,2026,8,2,5,0,0.25,0.25,0.0,0.125,0.0214,-2.5,2.0
Trevor Keels,2026,1,0,1,0,0.0,0.0,0.0,0.0,0.0263,-0.6,0.0
Trey Alexander,2026,31,16,18,0,0.5161,0.3871,0.0645,0.0323,0.1325,-1.3,12.0
Trey Jemison,2026,3,3,3,0,1.0,0.0,0.0,0.0,0.0178,1.3,0.0
Trey Jemison III,2026,3,3,3,0,1.0,0.0,0.0,0.0,0.0178,1.3,0.0
Trey Murphy III,2026,454,269,218,78,0.5925,0.3282,0.0815,0.0749,0.093,16.0,149.0
Tristan da Silva,2026,230,139,121,30,0.6043,0.3261,0.1174,0.0739,0.0588,10.8,75.0
Tristan Enaruna,2026,10,4,3,2,0.4,0.5,0.1,0.1,0.0588,-1.6,5.0
Tristan Vukcevic,2026,72,71,40,24,0.9861,0.2083,0.0833,0.0417,0.0503,30.9,15.0
Tristen Newton,2026,0,0,0,0,0.0,0.0,0.0,0.0,0.0,-0.0,0.0
Ty Jerome,2026,157,106,84,20,0.6752,0.3376,0.1338,0.051,0.2295,18.5,53.0
Tyler Burton,2026,45,26,23,10,0.5778,0.3111,0.0444,0.0444,0.0693,0.9,14.0
Tyler Herro,2026,321,238,175,27,0.7414,0.3396,0.0966,0.0561,0.1573,59.1,109.0
Tyler Kolek,2026,253,96,106,6,0.3794,0.4862,0.1186,0.0672,0.1714,-45.0,123.0
Tyler Smith,2026,1,0,0,0,0.0,0.0,0.0,0.0,0.0029,-0.6,0.0
Tyrese Martin,2026,171,57,61,12,0.3333,0.5146,0.1053,0.0526,0.1114,-38.3,88.0
Tyrese Maxey,2026,938,691,547,160,0.7367,0.2644,0.0544,0.0458,0.1705,168.3,248.0
Tyrese Proctor,2026,128,75,55,22,0.5859,0.4297,0.0938,0.0391,0.1155,3.7,55.0
Tyson Etienne,2026,77,41,22,16,0.5325,0.5584,0.1169,0.039,0.0977,-1.9,43.0
TyTy Washington Jr.,2026,20,8,7,0,0.4,0.65,0.2,0.0,0.1176,-3.1,13.0
Tyus Jones,2026,89,57,54,6,0.6404,0.2921,0.0787,0.0562,0.044,7.4,26.0
Victor Wembanyama,2026,376,288,187,104,0.766,0.2314,0.0745,0.1037,0.0967,78.5,87.0
Vince Williams Jr.,2026,190,63,72,10,0.3316,0.4684,0.1316,0.1,0.1125,-42.9,89.0
Vit Krejci,2026,168,80,65,6,0.4762,0.4821,0.0893,0.0595,0.0575,-13.6,81.0
VJ Edgecombe,2026,534,297,304,54,0.5562,0.3015,0.0787,0.0543,0.0989,-0.6,161.0
Vladislav Goldin,2026,0,0,0,0,0.0,0.0,0.0,0.0,0.0,-0.0,0.0
Vt Krej,2026,168,80,65,6,0.4762,0.4821,0.0893,0.0595,0.0575,-13.6,81.0
Walker Kessler,2026,4,2,2,0,0.5,0.25,0.0,0.25,0.0129,-0.2,1.0
Walter Clayton Jr.,2026,468,171,130,58,0.3654,0.5534,0.1624,0.0812,0.1598,-89.8,259.0
Wendell Carter Jr.,2026,91,84,52,20,0.9231,0.2198,0.044,0.0659,0.0191,33.3,20.0
Wendell Moore Jr.,2026,7,2,2,0,0.2857,0.5714,0.1429,0.1429,0.0588,-1.9,4.0
Will Richard,2026,44,7,7,2,0.1591,0.7045,0.1136,0.1136,0.0155,-17.5,31.0
Will Riley,2026,426,243,200,70,0.5704,0.3498,0.0845,0.0728,0.1242,5.6,149.0
Xavier Tillman,2026,4,6,3,2,1.5,0.0,0.0,0.0,0.0111,3.8,0.0
Yang Hansen,2026,8,4,6,2,0.5,0.0,0.0,0.125,0.0128,-0.5,0.0
Yanic Konan Niederhuser,2026,19,20,12,4,1.0526,0.0526,0.0,0.2105,0.0225,9.4,1.0
Yuki Kawamura,2026,65,12,10,6,0.1846,0.7231,0.2,0.0769,0.1438,-24.2,47.0
Yves Missi,2026,138,101,77,27,0.7319,0.2319,0.058,0.1014,0.0518,24.1,32.0
Zaccharie Risacher,2026,139,60,72,10,0.4317,0.3525,0.0863,0.0504,0.0432,-17.5,49.0
Zach Collins,2026,4,4,2,0,1.0,0.25,0.0,0.25,0.0103,1.8,1.0
Zach Edey,2026,1,0,0,0,0.0,0.0,0.0,0.0,0.0017,-0.6,0.0
Zach LaVine,2026,249,166,103,60,0.6667,0.3936,0.0723,0.0562,0.0987,27.2,98.0
Zeke Nnaji,2026,22,20,14,2,0.9091,0.0909,0.0,0.1364,0.0176,7.7,2.0
Ziaire Williams,2026,150,100,77,44,0.6667,0.24,0.0667,0.0733,0.0573,16.4,36.0
Zion Williamson,2026,849,664,439,218,0.7821,0.258,0.0495,0.0565,0.2186,190.9,219.0
Zyon Pullin,2026,13,10,6,0,0.7692,0.5385,0.2308,0.0,0.1413,2.8,7.0
