player,season_year,fga,exp_efg_pos,exp_efg_league,actual_efg,efg_above_pos,efg_above_league,ptv_proxy
A.J. Lawson,2026,78,0.5092,0.5769,0.5577,0.0485,-0.0192,-0.0192
Aaron Gordon,2026,398,0.5553,0.5488,0.5741,0.0188,0.0253,0.0253
Aaron Holiday,2026,250,0.5497,0.5429,0.554,0.0043,0.0111,0.0111
Aaron Nesmith,2026,512,0.5372,0.5411,0.5166,-0.0206,-0.0245,-0.0245
Aaron Wiggins,2026,533,0.5475,0.5455,0.5188,-0.0287,-0.0267,-0.0267
Ace Bailey,2026,867,0.5168,0.5461,0.5185,0.0017,-0.0276,-0.0276
Adama Bal,2026,69,0.5362,0.5539,0.5362,0.0,-0.0177,-0.0177
Adem Bona,2026,218,0.6363,0.6243,0.6009,-0.0354,-0.0234,-0.0234
Adou Thiero,2026,31,0.5323,0.6288,0.5323,0.0,-0.0965,-0.0965
AJ Green,2026,607,0.6079,0.5154,0.603,-0.0049,0.0876,0.0876
AJ Johnson,2026,176,0.39,0.5471,0.358,-0.032,-0.1891,-0.1891
Ajay Mitchell,2026,590,0.5434,0.5335,0.5364,-0.007,0.0029,0.0029
Al Horford,2026,312,0.5795,0.5739,0.5369,-0.0426,-0.037,-0.037
Alex Antetokounmpo,2026,8,0.5,0.5627,0.5,0.0,-0.0627,-0.0627
Alex Caruso,2026,298,0.5515,0.5772,0.5117,-0.0398,-0.0655,-0.0655
Alex Morales,2026,7,0.4286,0.4886,0.4286,0.0,-0.06,-0.06
Alex Sarr,2026,650,0.4978,0.57,0.5177,0.0199,-0.0523,-0.0523
Alijah Martin,2026,50,0.36,0.5512,0.36,0.0,-0.1912,-0.1912
Alondes Williams,2026,26,0.7157,0.5682,0.7115,-0.0042,0.1433,0.1433
Alperen Sengun,2026,1090,0.5203,0.5201,0.5335,0.0132,0.0134,0.0134
Amari Williams,2026,20,0.5,0.6276,0.5,0.0,-0.1276,-0.1276
Amen Thompson,2026,1018,0.544,0.5758,0.5432,-0.0008,-0.0326,-0.0326
Amir Coffey,2026,112,0.5442,0.5365,0.558,0.0138,0.0215,0.0215
Andersson Garcia,2026,29,0.3276,0.5926,0.3276,0.0,-0.265,-0.265
Andre Drummond,2026,335,0.5321,0.6024,0.5134,-0.0187,-0.089,-0.089
Andre Jackson Jr.,2026,118,0.4361,0.568,0.3814,-0.0547,-0.1866,-0.1866
Andrew Nembhard,2026,752,0.5138,0.5194,0.514,0.0002,-0.0054,-0.0054
Andrew Wiggins,2026,786,0.5356,0.5472,0.5573,0.0217,0.0101,0.0101
Anfernee Simons,2026,648,0.5419,0.5013,0.5525,0.0106,0.0512,0.0512
Anthony Black,2026,768,0.5052,0.5526,0.513,0.0078,-0.0396,-0.0396
Anthony Davis,2026,314,0.5502,0.5518,0.5223,-0.0279,-0.0295,-0.0295
Anthony Edwards,2026,1197,0.5299,0.5013,0.5698,0.0399,0.0685,0.0685
Anthony Gill,2026,214,0.6056,0.6042,0.6659,0.0603,0.0617,0.0617
Antonio Reeves,2026,20,0.6187,0.5642,0.675,0.0563,0.1108,0.1108
Ariel Hukporti,2026,80,0.5785,0.6349,0.5688,-0.0097,-0.0661,-0.0661
Asa Newell,2026,169,0.6243,0.6089,0.6243,0.0,0.0154,0.0154
Ausar Thompson,2026,567,0.5381,0.5857,0.5291,-0.009,-0.0566,-0.0566
Austin Reaves,2026,760,0.5693,0.5228,0.5671,-0.0022,0.0443,0.0443
Ayo Dosunmu,2026,738,0.5782,0.5559,0.5976,0.0194,0.0417,0.0417
Bam Adebayo,2026,1099,0.5163,0.5442,0.4986,-0.0177,-0.0456,-0.0456
Baylor Scheierman,2026,334,0.5748,0.5514,0.5973,0.0225,0.0459,0.0459
Ben Saraf,2026,295,0.4322,0.5469,0.4322,0.0,-0.1147,-0.1147
Ben Sheppard,2026,387,0.5252,0.5717,0.5426,0.0174,-0.0291,-0.0291
Bennedict Mathurin,2026,677,0.5008,0.5369,0.4852,-0.0156,-0.0517,-0.0517
Bez Mbeng,2026,97,0.5361,0.5956,0.5361,0.0,-0.0595,-0.0595
Bilal Coulibaly,2026,537,0.4906,0.5596,0.4842,-0.0064,-0.0754,-0.0754
Bismack Biyombo,2026,15,0.5929,0.6767,0.6,0.0071,-0.0767,-0.0767
Blake Hinson,2026,114,0.6667,0.5554,0.6667,0.0,0.1113,0.1113
Blake Wesley,2026,119,0.4764,0.562,0.4874,0.011,-0.0746,-0.0746
Bobby Portis,2026,725,0.5523,0.5257,0.5869,0.0346,0.0612,0.0612
Bobi Klintman,2026,27,0.3759,0.5783,0.4074,0.0315,-0.1709,-0.1709
Bogdan Bogdanovic,2026,150,0.5562,0.5105,0.5033,-0.0529,-0.0072,-0.0072
Bogdan Bogdanovi,2026,150,0.5562,0.5105,0.5033,-0.0529,-0.0072,-0.0072
Bones Hyland,2026,458,0.516,0.5372,0.5819,0.0659,0.0447,0.0447
Bradley Beal,2026,48,0.5692,0.5296,0.4479,-0.1213,-0.0817,-0.0817
Branden Carlson,2026,185,0.6074,0.6253,0.6135,0.0061,-0.0118,-0.0118
Brandin Podziemski,2026,838,0.5348,0.5307,0.543,0.0082,0.0123,0.0123
Brandon Clarke,2026,9,0.4691,0.5801,0.3333,-0.1358,-0.2468,-0.2468
Brandon Ingram,2026,1272,0.5323,0.4844,0.5318,-0.0005,0.0474,0.0474
Brandon Miller,2026,1045,0.5307,0.5198,0.5321,0.0014,0.0123,0.0123
Brandon Williams,2026,612,0.5244,0.5319,0.5033,-0.0211,-0.0286,-0.0286
Brice Sensabaugh,2026,828,0.5636,0.5383,0.555,-0.0086,0.0167,0.0167
Bronny James,2026,115,0.4577,0.536,0.5043,0.0466,-0.0317,-0.0317
Brook Lopez,2026,534,0.5641,0.5522,0.5262,-0.0379,-0.026,-0.026
Brooks Barnhizer,2026,71,0.4296,0.5463,0.4296,0.0,-0.1167,-0.1167
Bruce Brown,2026,521,0.5371,0.5749,0.5307,-0.0064,-0.0442,-0.0442
Bryce McGowens,2026,237,0.5045,0.5594,0.5612,0.0567,0.0018,0.0018
Bub Carrington,2026,740,0.5292,0.5145,0.5385,0.0093,0.024,0.024
Buddy Boeheim,2026,6,0.4295,0.5327,0.5,0.0705,-0.0327,-0.0327
Buddy Hield,2026,328,0.5752,0.5505,0.5488,-0.0264,-0.0017,-0.0017
Cade Cunningham,2026,1142,0.5115,0.5159,0.5149,0.0034,-0.001,-0.001
Caleb Houstan,2026,26,0.495,0.5491,0.75,0.255,0.2009,0.2009
Caleb Love,2026,489,0.4836,0.5325,0.4836,0.0,-0.0489,-0.0489
Caleb Martin,2026,186,0.5167,0.5542,0.5054,-0.0113,-0.0488,-0.0488
Cam Christie,2026,135,0.4253,0.5457,0.4148,-0.0105,-0.1309,-0.1309
Cam Spencer,2026,554,0.5851,0.5153,0.6047,0.0196,0.0894,0.0894
Cam Thomas,2026,460,0.4792,0.4831,0.4674,-0.0118,-0.0157,-0.0157
Cam Whitmore,2026,169,0.5141,0.5662,0.503,-0.0111,-0.0632,-0.0632
Cameron Johnson,2026,474,0.6099,0.5741,0.597,-0.0129,0.0229,0.0229
Cameron Payne,2026,139,0.4722,0.5238,0.482,0.0098,-0.0418,-0.0418
Caris LeVert,2026,386,0.4997,0.5424,0.5,0.0003,-0.0424,-0.0424
Carter Bryant,2026,256,0.5078,0.5773,0.5078,0.0,-0.0695,-0.0695
Cason Wallace,2026,577,0.5506,0.556,0.5199,-0.0307,-0.0361,-0.0361
Cedric Coward,2026,647,0.541,0.5434,0.541,0.0,-0.0024,-0.0024
Chaney Johnson,2026,86,0.5872,0.5819,0.5872,0.0,0.0053,0.0053
Charles Bassey,2026,47,0.6262,0.6097,0.6596,0.0334,0.0499,0.0499
Chaz Lanier,2026,89,0.4213,0.5481,0.4213,0.0,-0.1268,-0.1268
Chet Holmgren,2026,768,0.5984,0.5687,0.6094,0.011,0.0407,0.0407
Chris Boucher,2026,25,0.538,0.57,0.36,-0.178,-0.21,-0.21
Chris Livingston,2026,7,0.5357,0.5788,0.5714,0.0357,-0.0074,-0.0074
Chris Maon,2026,6,0.3333,0.57,0.3333,0.0,-0.2367,-0.2367
Chris Paul,2026,56,0.5069,0.5146,0.4107,-0.0962,-0.1039,-0.1039
Chris Youngblood,2026,60,0.4667,0.5697,0.4667,0.0,-0.103,-0.103
Christian Braun,2026,388,0.599,0.6105,0.5735,-0.0255,-0.037,-0.037
Christian Koloko,2026,74,0.4875,0.646,0.4257,-0.0618,-0.2203,-0.2203
Chucky Hepburn,2026,6,0.0,0.5123,0.0,0.0,-0.5123,-0.5123
CJ Huntley,2026,11,0.5455,0.6636,0.5455,0.0,-0.1181,-0.1181
CJ McCollum,2026,1153,0.5381,0.5054,0.5382,0.0001,0.0328,0.0328
Clint Capela,2026,224,0.5639,0.6345,0.5201,-0.0438,-0.1144,-0.1144
Coby White,2026,623,0.5397,0.5255,0.5385,-0.0012,0.013,0.013
Cody Martin,2026,10,0.3819,0.5254,0.2,-0.1819,-0.3254,-0.3254
Cody Williams,2026,504,0.4851,0.5767,0.4921,0.007,-0.0846,-0.0846
Colby Jones,2026,3,0.4429,0.5638,0.3333,-0.1096,-0.2305,-0.2305
Cole Anthony,2026,224,0.4841,0.5094,0.4866,0.0025,-0.0228,-0.0228
Colin Castleton,2026,5,0.6,0.6562,0.4,-0.2,-0.2562,-0.2562
Collin Gillespie,2026,832,0.559,0.5272,0.5577,-0.0013,0.0305,0.0305
Collin Murray-Boyles,2026,337,0.6039,0.6372,0.6039,0.0,-0.0333,-0.0333
Collin Sexton,2026,712,0.5538,0.5377,0.5583,0.0045,0.0206,0.0206
Cooper Flagg,2026,1154,0.5,0.5121,0.4952,-0.0048,-0.0169,-0.0169
Corey Kispert,2026,394,0.6037,0.5594,0.5774,-0.0263,0.018,0.018
Cormac Ryan,2026,102,0.652,0.5783,0.652,0.0,0.0737,0.0737
Craig Porter Jr.,2026,253,0.539,0.5408,0.5158,-0.0232,-0.025,-0.025
Curtis Jones,2026,27,0.5185,0.5267,0.5185,0.0,-0.0082,-0.0082
D'Angelo Russell,2026,232,0.5296,0.5077,0.4763,-0.0533,-0.0314,-0.0314
Daeqwon Plowden,2026,279,0.557,0.5618,0.5412,-0.0158,-0.0206,-0.0206
Dalano Banton,2026,12,0.5017,0.538,0.3333,-0.1684,-0.2047,-0.2047
Dalen Terry,2026,149,0.4951,0.5599,0.5201,0.025,-0.0398,-0.0398
Dalton Knecht,2026,189,0.5683,0.5389,0.5556,-0.0127,0.0167,0.0167
Daniel Gafford,2026,309,0.6798,0.6228,0.6472,-0.0326,0.0244,0.0244
Daniss Jenkins,2026,558,0.4737,0.5091,0.4776,0.0039,-0.0315,-0.0315
Danny Wolf,2026,440,0.4818,0.5498,0.4818,0.0,-0.068,-0.068
DaQuan Jeffries,2026,19,0.5808,0.5511,0.6842,0.1034,0.1331,0.1331
Dario Saric,2026,6,0.504,0.5365,0.25,-0.254,-0.2865,-0.2865
Dario ari,2026,6,0.504,0.5365,0.25,-0.254,-0.2865,-0.2865
Dariq Whitehead,2026,93,0.5328,0.5574,0.5,-0.0328,-0.0574,-0.0574
Darius Brown,2026,1,0.0,0.4559,0.0,0.0,-0.4559,-0.4559
Darius Garland,2026,649,0.5544,0.5229,0.5493,-0.0051,0.0264,0.0264
DaRon Holmes II,2026,61,0.6721,0.5853,0.6721,0.0,0.0868,0.0868
David Jones Garcia,2026,25,0.58,0.5217,0.58,0.0,0.0583,0.0583
David Roddy,2026,30,0.5616,0.56,0.55,-0.0116,-0.01,-0.01
Davion Mitchell,2026,518,0.5781,0.5473,0.583,0.0049,0.0357,0.0357
Day'Ron Sharpe,2026,356,0.5804,0.6059,0.6138,0.0334,0.0079,0.0079
De'Aaron Fox,2026,1016,0.5409,0.5197,0.5487,0.0078,0.029,0.029
De'Andre Hunter,2026,490,0.536,0.5359,0.4888,-0.0472,-0.0471,-0.0471
De'Anthony Melton,2026,504,0.4961,0.5354,0.4782,-0.0179,-0.0572,-0.0572
Dean Wade,2026,278,0.5733,0.5752,0.5665,-0.0068,-0.0087,-0.0087
Deandre Ayton,2026,596,0.6599,0.6217,0.6728,0.0129,0.0511,0.0511
DeAndre Jordan,2026,32,0.6407,0.6282,0.6563,0.0156,0.0281,0.0281
DeJon Jarreau,2026,83,0.4408,0.5447,0.4217,-0.0191,-0.123,-0.123
Dejounte Murray,2026,182,0.5391,0.5104,0.5357,-0.0034,0.0253,0.0253
DeMar DeRozan,2026,1003,0.5147,0.4646,0.5199,0.0052,0.0553,0.0553
Deni Avdija,2026,1052,0.5241,0.538,0.5223,-0.0018,-0.0157,-0.0157
Dennis Schroder,2026,628,0.4912,0.5143,0.4658,-0.0254,-0.0485,-0.0485
Dennis Schrder,2026,628,0.4912,0.5143,0.4658,-0.0254,-0.0485,-0.0485
Dereck Lively II,2026,18,0.6939,0.6621,0.6111,-0.0828,-0.051,-0.051
Derik Queen,2026,747,0.4893,0.5311,0.4893,0.0,-0.0418,-0.0418
Derrick Jones Jr.,2026,373,0.5654,0.5864,0.5697,0.0043,-0.0167,-0.0167
Derrick White,2026,1108,0.5327,0.5137,0.4887,-0.044,-0.025,-0.025
Desmond Bane,2026,1198,0.5522,0.5285,0.553,0.0008,0.0245,0.0245
Devin Booker,2026,1182,0.5314,0.495,0.5072,-0.0242,0.0122,0.0122
Devin Carter,2026,292,0.4789,0.5471,0.4658,-0.0131,-0.0813,-0.0813
Devin Vassell,2026,743,0.5512,0.5167,0.5478,-0.0034,0.0311,0.0311
Dillon Brooks,2026,959,0.4813,0.5068,0.501,0.0197,-0.0058,-0.0058
Dillon Jones,2026,9,0.2778,0.5131,0.2778,0.0,-0.2353,-0.2353
Domantas Sabonis,2026,221,0.6106,0.5902,0.5543,-0.0563,-0.0359,-0.0359
Dominick Barlow,2026,399,0.55,0.5915,0.5652,0.0152,-0.0263,-0.0263
Donovan Clingan,2026,673,0.5777,0.6205,0.5869,0.0092,-0.0336,-0.0336
Donovan Mitchell,2026,1383,0.5693,0.5182,0.5633,-0.006,0.0451,0.0451
Donte DiVincenzo,2026,813,0.5662,0.5542,0.5443,-0.0219,-0.0099,-0.0099
Dorian Finney-Smith,2026,131,0.5166,0.5703,0.4389,-0.0777,-0.1314,-0.1314
Doug McDermott,2026,139,0.6196,0.5493,0.5612,-0.0584,0.0119,0.0119
Drake Powell,2026,358,0.4735,0.5244,0.4735,0.0,-0.0509,-0.0509
Draymond Green,2026,474,0.5115,0.5833,0.519,0.0075,-0.0643,-0.0643
Drew Eubanks,2026,156,0.6348,0.6245,0.5994,-0.0354,-0.0251,-0.0251
Drew Peterson,2026,16,0.2625,0.5497,0.125,-0.1375,-0.4247,-0.4247
Drew Timme,2026,66,0.6303,0.55,0.6591,0.0288,0.1091,0.1091
Dru Smith,2026,314,0.4993,0.5564,0.4713,-0.028,-0.0851,-0.0851
Duncan Robinson,2026,678,0.591,0.5428,0.6128,0.0218,0.07,0.07
Duop Reath,2026,74,0.5462,0.5766,0.6014,0.0552,0.0248,0.0248
Dwight Powell,2026,100,0.6811,0.6497,0.65,-0.0311,0.0003,0.0003
Dylan Cardwell,2026,179,0.5922,0.6528,0.5922,0.0,-0.0606,-0.0606
Dylan Harper,2026,638,0.5459,0.54,0.5462,0.0003,0.0062,0.0062
Dyson Daniels,2026,777,0.5513,0.5857,0.5315,-0.0198,-0.0542,-0.0542
E.J. Liddell,2026,107,0.5696,0.5598,0.5794,0.0098,0.0196,0.0196
Egor Dmin,2026,449,0.5367,0.5327,0.5367,0.0,0.004,0.004
Elijah Harkless,2026,156,0.4065,0.5572,0.4071,0.0006,-0.1501,-0.1501
Emanuel Miller,2026,13,0.5,0.5586,0.5385,0.0385,-0.0201,-0.0201
Enrique Freeman,2026,9,0.3783,0.5539,0.5556,0.1773,0.0017,0.0017
Eric Gordon,2026,21,0.6111,0.5666,0.7619,0.1508,0.1953,0.1953
Ethan Thompson,2026,196,0.4745,0.5406,0.4745,0.0,-0.0661,-0.0661
Evan Mobley,2026,845,0.5828,0.5743,0.5793,-0.0035,0.005,0.005
Franz Wagner,2026,505,0.5287,0.5368,0.5287,0.0,-0.0081,-0.0081
Gabe Vincent,2026,216,0.5116,0.5268,0.4884,-0.0232,-0.0384,-0.0384
Garrett Temple,2026,15,0.3619,0.5589,0.3667,0.0048,-0.1922,-0.1922
Garrison Mathews,2026,52,0.5607,0.5235,0.5673,0.0066,0.0438,0.0438
Gary Harris,2026,102,0.567,0.5524,0.5784,0.0114,0.026,0.026
Gary Payton II,2026,407,0.6327,0.6431,0.6192,-0.0135,-0.0239,-0.0239
Gary Trent Jr.,2026,450,0.5507,0.519,0.51,-0.0407,-0.009,-0.009
GG Jackson,2026,514,0.5361,0.5495,0.5584,0.0223,0.0089,0.0089
Giannis Antetokounmpo,2026,598,0.6272,0.5568,0.6363,0.0091,0.0795,0.0795
Goga Bitadze,2026,223,0.6495,0.636,0.6861,0.0366,0.0501,0.0501
Gradey Dick,2026,372,0.5394,0.5708,0.4933,-0.0461,-0.0775,-0.0775
Grant Nelson,2026,9,0.5556,0.6483,0.5556,0.0,-0.0927,-0.0927
Grant Williams,2026,183,0.5659,0.5396,0.5683,0.0024,0.0287,0.0287
Grayson Allen,2026,649,0.5548,0.5406,0.5262,-0.0286,-0.0144,-0.0144
Guerschon Yabusele,2026,301,0.5688,0.5618,0.5133,-0.0555,-0.0485,-0.0485
Gui Santos,2026,439,0.5715,0.5768,0.5877,0.0162,0.0109,0.0109
Harrison Barnes,2026,568,0.5747,0.5543,0.5748,0.0001,0.0205,0.0205
Harrison Ingram,2026,6,0.9167,0.7151,0.9167,0.0,0.2016,0.2016
Hayden Gray,2026,3,0.6667,0.485,0.6667,0.0,0.1817,0.1817
Haywood Highsmith,2026,23,0.4939,0.5347,0.6957,0.2018,0.161,0.161
Herbert Jones,2026,477,0.5153,0.5529,0.4654,-0.0499,-0.0875,-0.0875
Hugo Gonzlez,2026,246,0.561,0.5924,0.561,0.0,-0.0314,-0.0314
Hunter Dickinson,2026,14,0.3571,0.6372,0.3571,0.0,-0.2801,-0.2801
Hunter Sallis,2026,5,0.6,0.5088,0.6,0.0,0.0912,0.0912
Hunter Tyson,2026,52,0.4382,0.5414,0.3365,-0.1017,-0.2049,-0.2049
Immanuel Quickley,2026,894,0.5422,0.5389,0.5386,-0.0036,-0.0003,-0.0003
Isaac Jones,2026,7,0.6012,0.576,0.4286,-0.1726,-0.1474,-0.1474
Isaac Okoro,2026,451,0.5722,0.5915,0.5421,-0.0301,-0.0494,-0.0494
Isaiah Collier,2026,505,0.5041,0.5382,0.5228,0.0187,-0.0154,-0.0154
Isaiah Crawford,2026,24,0.4167,0.5757,0.4792,0.0625,-0.0965,-0.0965
Isaiah Hartenstein,2026,290,0.6291,0.6345,0.6172,-0.0119,-0.0173,-0.0173
Isaiah Jackson,2026,234,0.6153,0.6244,0.6325,0.0172,0.0081,0.0081
Isaiah Joe,2026,537,0.6167,0.5448,0.6229,0.0062,0.0781,0.0781
Isaiah Livers,2026,64,0.4512,0.5684,0.4375,-0.0137,-0.1309,-0.1309
Isaiah Stevens,2026,7,0.4286,0.5702,0.4286,0.0,-0.1416,-0.1416
Isaiah Stewart,2026,387,0.5831,0.6058,0.5982,0.0151,-0.0076,-0.0076
Ivica Zubac,2026,482,0.6235,0.5937,0.5975,-0.026,0.0038,0.0038
Ja Morant,2026,322,0.4881,0.5234,0.441,-0.0471,-0.0824,-0.0824
Ja'Kobe Walter,2026,392,0.5538,0.5732,0.574,0.0202,0.0008,0.0008
Jabari Smith Jr.,2026,958,0.5186,0.529,0.547,0.0284,0.018,0.018
Jabari Walker,2026,208,0.501,0.5832,0.5337,0.0327,-0.0495,-0.0495
Jacob Toppin,2026,6,0.75,0.5722,0.6667,-0.0833,0.0945,0.0945
Jaden Hardy,2026,429,0.551,0.5297,0.5455,-0.0055,0.0158,0.0158
Jaden Ivey,2026,251,0.5334,0.5561,0.5438,0.0104,-0.0123,-0.0123
Jaden McDaniels,2026,786,0.5546,0.5473,0.5732,0.0186,0.0259,0.0259
Jae'Sean Tate,2026,109,0.517,0.5497,0.5596,0.0426,0.0099,0.0099
Jahmai Mashack,2026,195,0.4436,0.5445,0.4436,0.0,-0.1009,-0.1009
Jahmir Young,2026,25,0.45,0.5324,0.46,0.01,-0.0724,-0.0724
Jahmyl Telfort,2026,4,0.0,0.5383,0.0,0.0,-0.5383,-0.5383
Jaime Jaquez Jr.,2026,898,0.5374,0.5484,0.5395,0.0021,-0.0089,-0.0089
Jake LaRavia,2026,523,0.5487,0.5801,0.5335,-0.0152,-0.0466,-0.0466
Jakob Poeltl,2026,305,0.6763,0.647,0.6984,0.0221,0.0514,0.0514
Jalen Brunson,2026,1475,0.5386,0.4912,0.5332,-0.0054,0.042,0.042
Jalen Duren,2026,796,0.6482,0.6141,0.652,0.0038,0.0379,0.0379
Jalen Green,2026,499,0.4929,0.5119,0.497,0.0041,-0.0149,-0.0149
Jalen Johnson,2026,1227,0.5153,0.542,0.5379,0.0226,-0.0041,-0.0041
Jalen Pickett,2026,232,0.5174,0.5209,0.528,0.0106,0.0071,0.0071
Jalen Slawson,2026,77,0.5292,0.5756,0.539,0.0098,-0.0366,-0.0366
Jalen Smith,2026,399,0.56,0.5822,0.5789,0.0189,-0.0033,-0.0033
Jalen Suggs,2026,647,0.5219,0.5435,0.5301,0.0082,-0.0134,-0.0134
Jalen Williams,2026,433,0.5392,0.528,0.5115,-0.0277,-0.0165,-0.0165
Jalen Wilson,2026,272,0.4727,0.5419,0.4926,0.0199,-0.0493,-0.0493
Jamal Cain,2026,152,0.5571,0.5777,0.5789,0.0218,0.0012,0.0012
Jamal Murray,2026,1353,0.5507,0.5034,0.5732,0.0225,0.0698,0.0698
Jamal Shead,2026,493,0.4617,0.5363,0.4584,-0.0033,-0.0779,-0.0779
Jamaree Bouyea,2026,236,0.4961,0.5152,0.5064,0.0103,-0.0088,-0.0088
James Harden,2026,1121,0.5176,0.4859,0.5303,0.0127,0.0444,0.0444
James Wiseman,2026,10,0.6737,0.6712,0.6,-0.0737,-0.0712,-0.0712
Jamir Watkins,2026,296,0.5253,0.5812,0.5253,0.0,-0.0559,-0.0559
Jamison Battle,2026,135,0.5867,0.5741,0.6185,0.0318,0.0444,0.0444
Jarace Walker,2026,733,0.5304,0.5391,0.5095,-0.0209,-0.0296,-0.0296
Jared McCain,2026,470,0.544,0.526,0.5255,-0.0185,-0.0005,-0.0005
Jaren Jackson Jr.,2026,713,0.526,0.534,0.533,0.007,-0.001,-0.001
Jarred Vanderbilt,2026,240,0.5353,0.6147,0.5313,-0.004,-0.0834,-0.0834
Jarrett Allen,2026,516,0.6515,0.6373,0.6424,-0.0091,0.0051,0.0051
Jase Richardson,2026,188,0.5479,0.5525,0.5479,0.0,-0.0046,-0.0046
Javon Small,2026,288,0.5694,0.5492,0.5694,0.0,0.0202,0.0202
Javonte Cooke,2026,41,0.2561,0.5714,0.2561,0.0,-0.3153,-0.3153
Javonte Green,2026,409,0.5583,0.5957,0.555,-0.0033,-0.0407,-0.0407
Jaxson Hayes,2026,262,0.7347,0.678,0.7615,0.0268,0.0835,0.0835
Jay Huff,2026,611,0.5949,0.595,0.5736,-0.0213,-0.0214,-0.0214
Jaylen Brown,2026,1543,0.5221,0.4946,0.5224,0.0003,0.0278,0.0278
Jaylen Clark,2026,223,0.5264,0.5751,0.5067,-0.0197,-0.0684,-0.0684
Jaylen Wells,2026,696,0.5307,0.5471,0.5237,-0.007,-0.0234,-0.0234
Jaylin Williams,2026,346,0.5687,0.579,0.5564,-0.0123,-0.0226,-0.0226
Jaylon Tyson,2026,666,0.5831,0.5779,0.5923,0.0092,0.0144,0.0144
Jayson Kent,2026,7,0.6429,0.6526,0.6429,0.0,-0.0097,-0.0097
Jayson Tatum,2026,287,0.513,0.5019,0.493,-0.02,-0.0089,-0.0089
JD Davison,2026,64,0.3968,0.5361,0.4375,0.0407,-0.0986,-0.0986
Jeenathan Williams,2026,84,0.5208,0.5703,0.5774,0.0566,0.0071,0.0071
Jeff Green,2026,68,0.4786,0.5337,0.4559,-0.0227,-0.0778,-0.0778
Jerami Grant,2026,728,0.5408,0.5275,0.5481,0.0073,0.0206,0.0206
Jeremiah Fears,2026,1006,0.4846,0.5405,0.4846,0.0,-0.0559,-0.0559
Jeremiah Robinson-Earl,2026,100,0.485,0.5819,0.42,-0.065,-0.1619,-0.1619
Jeremy Sochan,2026,130,0.5538,0.6066,0.5423,-0.0115,-0.0643,-0.0643
Jericho Sims,2026,181,0.7572,0.6635,0.779,0.0218,0.1155,0.1155
Jett Howard,2026,251,0.5124,0.5456,0.5259,0.0135,-0.0197,-0.0197
Jevon Carter,2026,304,0.5261,0.5271,0.528,0.0019,0.0009,0.0009
Jimmy Butler,2026,461,0.5376,0.5504,0.5553,0.0177,0.0049,0.0049
Jimmy Butler III,2026,461,0.5376,0.5504,0.5553,0.0177,0.0049,0.0049
Joan Beringer,2026,98,0.6633,0.6675,0.6633,0.0,-0.0042,-0.0042
Jock Landale,2026,546,0.5549,0.589,0.5824,0.0275,-0.0066,-0.0066
Joe Ingles,2026,27,0.6143,0.5395,0.7222,0.1079,0.1827,0.1827
Joel Embiid,2026,697,0.5427,0.5149,0.5273,-0.0154,0.0124,0.0124
John Collins,2026,659,0.5774,0.577,0.6199,0.0425,0.0429,0.0429
John Konchar,2026,195,0.5564,0.6089,0.541,-0.0154,-0.0679,-0.0679
John Poulakidas,2026,87,0.592,0.5326,0.592,0.0,0.0594,0.0594
John Tonje,2026,14,0.3929,0.5491,0.3929,0.0,-0.1562,-0.1562
Johni Broome,2026,24,0.1667,0.5535,0.1667,0.0,-0.3868,-0.3868
Johnny Furphy,2026,149,0.5256,0.5933,0.547,0.0214,-0.0463,-0.0463
Johnny Juzang,2026,38,0.5581,0.5356,0.5,-0.0581,-0.0356,-0.0356
Jonas Valanciunas,2026,390,0.5875,0.5707,0.5923,0.0048,0.0216,0.0216
Jonas Valaninas,2026,390,0.5875,0.5707,0.5923,0.0048,0.0216,0.0216
Jonathan Isaac,2026,109,0.5345,0.5851,0.4541,-0.0804,-0.131,-0.131
Jonathan Kuminga,2026,339,0.5232,0.5395,0.5147,-0.0085,-0.0248,-0.0248
Jonathan Mogbo,2026,42,0.5156,0.6248,0.5714,0.0558,-0.0534,-0.0534
Jordan Clarkson,2026,526,0.5069,0.5277,0.5171,0.0102,-0.0106,-0.0106
Jordan Goodwin,2026,555,0.5156,0.5396,0.5135,-0.0021,-0.0261,-0.0261
Jordan Hawkins,2026,257,0.4698,0.5057,0.4572,-0.0126,-0.0485,-0.0485
Jordan McLaughlin,2026,79,0.5493,0.5434,0.5253,-0.024,-0.0181,-0.0181
Jordan Miller,2026,395,0.559,0.5465,0.5797,0.0207,0.0332,0.0332
Jordan Poole,2026,444,0.5105,0.532,0.4797,-0.0308,-0.0523,-0.0523
Jordan Walsh,2026,266,0.5674,0.5758,0.6015,0.0341,0.0257,0.0257
Jose Alvarado,2026,449,0.5208,0.5427,0.529,0.0082,-0.0137,-0.0137
Josh Giddey,2026,705,0.519,0.5387,0.5206,0.0016,-0.0181,-0.0181
Josh Green,2026,181,0.5681,0.5635,0.6188,0.0507,0.0553,0.0553
Josh Hart,2026,592,0.5578,0.5456,0.5929,0.0351,0.0473,0.0473
Josh Minott,2026,244,0.5904,0.5683,0.623,0.0326,0.0547,0.0547
Josh Oduro,2026,17,0.6471,0.64,0.6471,0.0,0.0071,0.0071
Josh Okogie,2026,287,0.5031,0.579,0.5279,0.0248,-0.0511,-0.0511
Jrue Holiday,2026,698,0.5621,0.5243,0.5501,-0.012,0.0258,0.0258
Julian Champagnie,2026,679,0.5557,0.5583,0.5817,0.026,0.0234,0.0234
Julian Phillips,2026,121,0.5246,0.5939,0.5041,-0.0205,-0.0898,-0.0898
Julian Reese,2026,119,0.5294,0.5973,0.5294,0.0,-0.0679,-0.0679
Julian Strawther,2026,319,0.5223,0.5539,0.558,0.0357,0.0041,0.0041
Julius Randle,2026,1173,0.5437,0.5356,0.5269,-0.0168,-0.0087,-0.0087
Justin Champagnie,2026,459,0.5652,0.5995,0.561,-0.0042,-0.0385,-0.0385
Justin Edwards,2026,313,0.5538,0.5389,0.5511,-0.0027,0.0122,0.0122
Jusuf Nurkic,2026,357,0.5709,0.6101,0.5392,-0.0317,-0.0709,-0.0709
Jusuf Nurki,2026,357,0.5709,0.6101,0.5392,-0.0317,-0.0709,-0.0709
Kadary Richmond,2026,16,0.6875,0.56,0.6875,0.0,0.1275,0.1275
Kam Jones,2026,169,0.4675,0.5446,0.4675,0.0,-0.0771,-0.0771
Karl-Anthony Towns,2026,1032,0.585,0.5696,0.5557,-0.0293,-0.0139,-0.0139
Karlo Matkovi,2026,235,0.6427,0.6331,0.6851,0.0424,0.052,0.052
Kasparas Jakuionis,2026,232,0.5711,0.5596,0.5711,0.0,0.0115,0.0115
Kawhi Leonard,2026,1242,0.5717,0.5068,0.5729,0.0012,0.0661,0.0661
Keaton Wallace,2026,171,0.5073,0.5207,0.5088,0.0015,-0.0119,-0.0119
Keegan Murray,2026,299,0.4979,0.5209,0.4699,-0.028,-0.051,-0.051
Kel'el Ware,2026,625,0.6018,0.6003,0.6032,0.0014,0.0029,0.0029
Keldon Johnson,2026,781,0.5576,0.5546,0.5832,0.0256,0.0286,0.0286
Kelly Olynyk,2026,96,0.6063,0.5785,0.5521,-0.0542,-0.0264,-0.0264
Kelly Oubre Jr.,2026,544,0.5119,0.5494,0.546,0.0341,-0.0034,-0.0034
Kennedy Chandler,2026,128,0.4941,0.5552,0.5078,0.0137,-0.0474,-0.0474
Kenrich Williams,2026,294,0.5453,0.5605,0.5612,0.0159,0.0007,0.0007
Kentavious Caldwell-Pope,2026,365,0.5275,0.5261,0.4863,-0.0412,-0.0398,-0.0398
Keon Ellis,2026,384,0.6034,0.5628,0.5586,-0.0448,-0.0042,-0.0042
Keshad Johnson,2026,104,0.5643,0.5862,0.5433,-0.021,-0.0429,-0.0429
Keshon Gilbert,2026,12,0.4167,0.4873,0.4167,0.0,-0.0706,-0.0706
Kevin Durant,2026,1339,0.5883,0.4742,0.5855,-0.0028,0.1113,0.1113
Kevin Huerter,2026,593,0.5662,0.5667,0.5337,-0.0325,-0.033,-0.033
Kevin Love,2026,188,0.5489,0.5678,0.5426,-0.0063,-0.0252,-0.0252
Kevin McCullar Jr.,2026,47,0.5,0.5486,0.5106,0.0106,-0.038,-0.038
Kevin Porter Jr.,2026,513,0.4942,0.5035,0.5107,0.0165,0.0072,0.0072
Kevon Looney,2026,60,0.4775,0.5536,0.4333,-0.0442,-0.1203,-0.1203
Keyonte George,2026,868,0.4985,0.5164,0.5288,0.0303,0.0124,0.0124
Khaman Maluach,2026,104,0.5529,0.6388,0.5529,0.0,-0.0859,-0.0859
Khris Middleton,2026,532,0.5308,0.5015,0.4831,-0.0477,-0.0184,-0.0184
Killian Hayes,2026,138,0.3859,0.5095,0.3659,-0.02,-0.1436,-0.1436
KJ Simpson,2026,99,0.3991,0.5276,0.404,0.0049,-0.1236,-0.1236
Klay Thompson,2026,702,0.5487,0.5208,0.5242,-0.0245,0.0034,0.0034
Kobe Brown,2026,271,0.5431,0.5673,0.5646,0.0215,-0.0027,-0.0027
Kobe Bufkin,2026,50,0.3473,0.5259,0.35,0.0027,-0.1759,-0.1759
Kobe Sanders,2026,374,0.5602,0.5403,0.5602,0.0,0.0199,0.0199
Koby Brea,2026,36,0.5972,0.5387,0.5972,0.0,0.0585,0.0585
Kon Knueppel,2026,1084,0.601,0.5276,0.601,0.0,0.0734,0.0734
Kris Dunn,2026,473,0.5472,0.5676,0.5592,0.012,-0.0084,-0.0084
Kris Murray,2026,265,0.4979,0.5822,0.5208,0.0229,-0.0614,-0.0614
Kristaps Porzingis,2026,372,0.5458,0.5457,0.5161,-0.0297,-0.0296,-0.0296
Kristaps Porziis,2026,372,0.5458,0.5457,0.5161,-0.0297,-0.0296,-0.0296
Kyle Anderson,2026,193,0.5459,0.5459,0.5492,0.0033,0.0033,0.0033
Kyle Filipowski,2026,637,0.5537,0.573,0.5487,-0.005,-0.0243,-0.0243
Kyle Kuzma,2026,677,0.5544,0.5671,0.5547,0.0003,-0.0124,-0.0124
Kyle Lowry,2026,26,0.5305,0.5532,0.2308,-0.2997,-0.3224,-0.3224
Kyshawn George,2026,577,0.4904,0.5286,0.5243,0.0339,-0.0043,-0.0043
Lachlan Olbrich,2026,71,0.493,0.6026,0.493,0.0,-0.1096,-0.1096
LaMelo Ball,2026,1244,0.5075,0.5245,0.5161,0.0086,-0.0084,-0.0084
Landry Shamet,2026,364,0.5657,0.5451,0.5783,0.0126,0.0332,0.0332
Larry Nance Jr.,2026,124,0.621,0.609,0.504,-0.117,-0.105,-0.105
Lauri Markkanen,2026,779,0.5629,0.5625,0.5475,-0.0154,-0.015,-0.015
Lawson Lovering,2026,10,0.6,0.6695,0.6,0.0,-0.0695,-0.0695
Leaky Black,2026,96,0.4849,0.5327,0.474,-0.0109,-0.0587,-0.0587
LeBron James,2026,919,0.5848,0.5546,0.5566,-0.0282,0.002,0.002
Leonard Miller,2026,244,0.626,0.6192,0.6189,-0.0071,-0.0003,-0.0003
Liam McNeeley,2026,95,0.5263,0.5495,0.5263,0.0,-0.0232,-0.0232
Lindy Waters III,2026,88,0.5403,0.5497,0.5284,-0.0119,-0.0213,-0.0213
LJ Cryer,2026,105,0.5286,0.5328,0.5286,0.0,-0.0042,-0.0042
Lonzo Ball,2026,175,0.4673,0.5537,0.4171,-0.0502,-0.1366,-0.1366
Lucas Williamson,2026,75,0.4333,0.5562,0.4333,0.0,-0.1229,-0.1229
Luguentz Dort,2026,519,0.5288,0.5514,0.5106,-0.0182,-0.0408,-0.0408
Luka Doni,2026,1454,0.5547,0.5005,0.5633,0.0086,0.0628,0.0628
Luka Garza,2026,357,0.6318,0.612,0.6541,0.0223,0.0421,0.0421
Luke Kennard,2026,444,0.6536,0.5413,0.6633,0.0097,0.122,0.122
Luke Kornet,2026,268,0.6892,0.6598,0.6455,-0.0437,-0.0143,-0.0143
Luke Travers,2026,36,0.2546,0.5466,0.2639,0.0093,-0.2827,-0.2827
Mac McClung,2026,59,0.4741,0.5521,0.4492,-0.0249,-0.1029,-0.1029
Malachi Smith,2026,96,0.5781,0.5401,0.5781,0.0,0.038,0.038
Malaki Branham,2026,91,0.4909,0.5428,0.5495,0.0586,0.0067,0.0067
Malevy Leons,2026,72,0.4639,0.5867,0.4722,0.0083,-0.1145,-0.1145
Malik Monk,2026,632,0.5211,0.5332,0.5364,0.0153,0.0032,0.0032
Marcus Sasser,2026,176,0.538,0.5359,0.517,-0.021,-0.0189,-0.0189
Marcus Smart,2026,475,0.5151,0.5449,0.4958,-0.0193,-0.0491,-0.0491
MarJon Beauchamp,2026,62,0.5741,0.5649,0.5806,0.0065,0.0157,0.0157
Mark Sears,2026,13,0.6154,0.5254,0.6154,0.0,0.09,0.09
Mark Williams,2026,437,0.6538,0.6448,0.6442,-0.0096,-0.0006,-0.0006
Markelle Fultz,2026,8,0.4395,0.4418,0.125,-0.3145,-0.3168,-0.3168
Marvin Bagley III,2026,407,0.6247,0.6073,0.645,0.0203,0.0377,0.0377
Mason Plumlee,2026,14,0.7006,0.6604,0.7857,0.0851,0.1253,0.1253
Matas Buzelis,2026,950,0.5439,0.5539,0.5521,0.0082,-0.0018,-0.0018
Matisse Thybulle,2026,129,0.5519,0.5625,0.5659,0.014,0.0034,0.0034
Max Christie,2026,705,0.5363,0.5304,0.5574,0.0211,0.027,0.027
Max Shulga,2026,8,0.3125,0.5063,0.3125,0.0,-0.1938,-0.1938
Max Strus,2026,107,0.5444,0.5457,0.5935,0.0491,0.0478,0.0478
Maxi Kleber,2026,73,0.5732,0.6025,0.4932,-0.08,-0.1093,-0.1093
Maxime Raynaud,2026,671,0.5887,0.6261,0.5887,0.0,-0.0374,-0.0374
Micah Peavy,2026,275,0.4364,0.5815,0.4364,0.0,-0.1451,-0.1451
Micah Potter,2026,293,0.6304,0.5917,0.6365,0.0061,0.0448,0.0448
Michael Porter Jr.,2026,958,0.5599,0.5215,0.5553,-0.0046,0.0338,0.0338
Mikal Bridges,2026,961,0.5672,0.5463,0.5708,0.0036,0.0245,0.0245
Mike Conley,2026,213,0.5589,0.5427,0.4624,-0.0965,-0.0803,-0.0803
Miles Bridges,2026,1042,0.532,0.5432,0.5307,-0.0013,-0.0125,-0.0125
Miles Kelly,2026,44,0.4773,0.5788,0.4773,0.0,-0.1015,-0.1015
Miles McBride,2026,404,0.5333,0.507,0.5619,0.0286,0.0549,0.0549
Mitchell Robinson,2026,206,0.6713,0.6407,0.7233,0.052,0.0826,0.0826
Mo Bamba,2026,11,0.4555,0.6147,0.4545,-0.001,-0.1602,-0.1602
Mohamed Diawara,2026,213,0.5352,0.5602,0.5352,0.0,-0.025,-0.025
Monte Morris,2026,20,0.5741,0.5775,0.4,-0.1741,-0.1775,-0.1775
Mont Morris,2026,20,0.5741,0.5775,0.4,-0.1741,-0.1775,-0.1775
Moritz Wagner,2026,193,0.55,0.5724,0.4741,-0.0759,-0.0983,-0.0983
Moses Moody,2026,539,0.5444,0.5386,0.5807,0.0363,0.0421,0.0421
Mouhamadou Gueye,2026,11,0.4515,0.6336,0.5909,0.1394,-0.0427,-0.0427
Mouhamed Gueye,2026,290,0.5115,0.5965,0.5207,0.0092,-0.0758,-0.0758
Moussa Cisse,2026,115,0.5739,0.6807,0.5739,0.0,-0.1068,-0.1068
Moussa Diabate,2026,363,0.6229,0.6438,0.6322,0.0093,-0.0116,-0.0116
Moussa Diabat,2026,363,0.6229,0.6438,0.6322,0.0093,-0.0116,-0.0116
Myles Turner,2026,624,0.5675,0.5666,0.5553,-0.0122,-0.0113,-0.0113
Myron Gardner,2026,116,0.5862,0.59,0.5862,0.0,-0.0038,-0.0038
N'Faly Dante,2026,4,0.4167,0.5646,0.25,-0.1667,-0.3146,-0.3146
Nae'Qwan Tomlin,2026,313,0.5204,0.6195,0.5192,-0.0012,-0.1003,-0.1003
Naji Marshall,2026,796,0.5325,0.5331,0.5452,0.0127,0.0121,0.0121
Nate Williams,2026,84,0.5208,0.5703,0.5774,0.0566,0.0071,0.0071
Naz Reid,2026,853,0.5609,0.5438,0.5492,-0.0117,0.0054,0.0054
Neemias Queta,2026,498,0.6449,0.6409,0.6556,0.0107,0.0147,0.0147
Nic Claxton,2026,573,0.592,0.5862,0.5768,-0.0152,-0.0094,-0.0094
Nick Richards,2026,193,0.6013,0.6158,0.5181,-0.0832,-0.0977,-0.0977
Nick Smith Jr.,2026,158,0.5134,0.5163,0.5253,0.0119,0.009,0.009
Nickeil Alexander-Walker,2026,1195,0.5445,0.5336,0.5636,0.0191,0.03,0.03
Nicolas Batum,2026,234,0.6143,0.5615,0.6004,-0.0139,0.0389,0.0389
Nigel Hayes,2026,46,0.3478,0.5221,0.3478,0.0,-0.1743,-0.1743
Nigel Hayes-Davis,2026,46,0.3478,0.5221,0.3478,0.0,-0.1743,-0.1743
Nikola Joki,2026,1125,0.615,0.5516,0.6178,0.0028,0.0662,0.0662
Nikola Jovi,2026,311,0.5036,0.57,0.4389,-0.0647,-0.1311,-0.1311
Nikola Topi,2026,51,0.4902,0.5302,0.4902,0.0,-0.04,-0.04
Nikola Vucevic,2026,799,0.5647,0.5695,0.5557,-0.009,-0.0138,-0.0138
Nikola Vuevi,2026,799,0.5647,0.5695,0.5557,-0.009,-0.0138,-0.0138
Nique Clifford,2026,596,0.4824,0.5392,0.4824,0.0,-0.0568,-0.0568
Noa Essengue,2026,3,0.0,0.5931,0.0,0.0,-0.5931,-0.5931
Noah Clowney,2026,631,0.4848,0.543,0.4984,0.0136,-0.0446,-0.0446
Noah Penda,2026,203,0.4778,0.5407,0.4778,0.0,-0.0629,-0.0629
Nolan Traore,2026,473,0.4493,0.5246,0.4493,0.0,-0.0753,-0.0753
Norchad Omier,2026,10,0.7,0.5959,0.7,0.0,0.1041,0.1041
Norman Powell,2026,853,0.5688,0.5117,0.561,-0.0078,0.0493,0.0493
Obi Toppin,2026,200,0.5636,0.5741,0.5925,0.0289,0.0184,0.0184
Ochai Agbaji,2026,279,0.5548,0.6022,0.4982,-0.0566,-0.104,-0.104
OG Anunoby,2026,804,0.5742,0.5575,0.5815,0.0073,0.024,0.024
Olivier Sarr,2026,7,0.8,0.6485,0.8571,0.0571,0.2086,0.2086
Olivier-Maxence Prosper,2026,350,0.58,0.5959,0.6343,0.0543,0.0384,0.0384
Omer Yurtseven,2026,26,0.542,0.6118,0.4231,-0.1189,-0.1887,-0.1887
Onyeka Okongwu,2026,860,0.5634,0.5792,0.564,0.0006,-0.0152,-0.0152
Orlando Robinson,2026,5,0.5123,0.5458,0.7,0.1877,0.1542,0.1542
Oscar Tshiebwe,2026,137,0.6346,0.6435,0.6277,-0.0069,-0.0158,-0.0158
Oso Ighodaro,2026,359,0.644,0.623,0.6462,0.0022,0.0232,0.0232
Ousmane Dieng,2026,393,0.4651,0.5184,0.4987,0.0336,-0.0197,-0.0197
P.J. Washington,2026,650,0.5172,0.5684,0.5054,-0.0118,-0.063,-0.063
Pacme Dadiet,2026,49,0.4044,0.5375,0.398,-0.0064,-0.1395,-0.1395
Paolo Banchero,2026,1149,0.5039,0.5273,0.4952,-0.0087,-0.0321,-0.0321
Pascal Siakam,2026,1155,0.5399,0.5293,0.5294,-0.0105,0.0001,0.0001
Pat Connaughton,2026,85,0.541,0.5515,0.5706,0.0296,0.0191,0.0191
Pat Spencer,2026,429,0.4984,0.519,0.4942,-0.0042,-0.0248,-0.0248
Patrick Baldwin Jr.,2026,27,0.5375,0.5762,0.5185,-0.019,-0.0577,-0.0577
Patrick Williams,2026,476,0.4926,0.5364,0.4716,-0.021,-0.0648,-0.0648
Paul George,2026,513,0.5528,0.5025,0.5361,-0.0167,0.0336,0.0336
Paul Reed,2026,326,0.5984,0.5909,0.635,0.0366,0.0441,0.0441
Payton Pritchard,2026,1093,0.5684,0.5101,0.5599,-0.0085,0.0498,0.0498
Payton Sandfort,2026,26,0.6346,0.5662,0.6346,0.0,0.0684,0.0684
Pelle Larsson,2026,537,0.5508,0.5852,0.5596,0.0088,-0.0256,-0.0256
Pete Nance,2026,184,0.6697,0.5999,0.663,-0.0067,0.0631,0.0631
Peyton Watson,2026,581,0.5128,0.5628,0.5602,0.0474,-0.0026,-0.0026
PJ Hall,2026,59,0.5662,0.6265,0.5339,-0.0323,-0.0926,-0.0926
Precious Achiuwa,2026,597,0.541,0.581,0.5519,0.0109,-0.0291,-0.0291
Quentin Grimes,2026,754,0.542,0.5436,0.5338,-0.0082,-0.0098,-0.0098
Quenton Jackson,2026,328,0.5228,0.5649,0.5335,0.0107,-0.0314,-0.0314
Quinten Post,2026,437,0.5608,0.5756,0.5481,-0.0127,-0.0275,-0.0275
Rasheer Fleming,2026,210,0.5095,0.5695,0.5095,0.0,-0.06,-0.06
Rayan Rupert,2026,313,0.4587,0.56,0.4633,0.0046,-0.0967,-0.0967
RayJ Dennis,2026,83,0.3979,0.5199,0.3976,-0.0003,-0.1223,-0.1223
Reed Sheppard,2026,911,0.5347,0.5258,0.5483,0.0136,0.0225,0.0225
Riley Minix,2026,23,0.6957,0.5941,0.6957,0.0,0.1016,0.1016
RJ Barrett,2026,789,0.5436,0.5655,0.5412,-0.0024,-0.0243,-0.0243
Rob Dillingham,2026,396,0.4681,0.5248,0.4419,-0.0262,-0.0829,-0.0829
Robert Williams III,2026,249,0.724,0.6473,0.7249,0.0009,0.0776,0.0776
Rocco Zikarsky,2026,8,0.625,0.5655,0.625,0.0,0.0595,0.0595
Ron Harper Jr.,2026,110,0.531,0.5602,0.5455,0.0145,-0.0147,-0.0147
Ronald Holland II,2026,532,0.4803,0.578,0.4737,-0.0066,-0.1043,-0.1043
Royce O'Neale,2026,615,0.5675,0.5638,0.5927,0.0252,0.0289,0.0289
Rudy Gobert,2026,476,0.6796,0.6617,0.6786,-0.001,0.0169,0.0169
Rui Hachimura,2026,593,0.5955,0.5414,0.6096,0.0141,0.0682,0.0682
Russell Westbrook,2026,839,0.4695,0.5376,0.503,0.0335,-0.0346,-0.0346
Ryan Dunn,2026,353,0.5364,0.6012,0.5297,-0.0067,-0.0715,-0.0715
Ryan Kalkbrenner,2026,291,0.7526,0.6551,0.7526,0.0,0.0975,0.0975
Ryan Nembhard,2026,375,0.4812,0.5035,0.4813,0.0001,-0.0222,-0.0222
Ryan Rollins,2026,992,0.5561,0.5158,0.564,0.0079,0.0482,0.0482
Saddiq Bey,2026,966,0.5066,0.5401,0.5285,0.0219,-0.0116,-0.0116
Sam Hauser,2026,601,0.611,0.5444,0.584,-0.027,0.0396,0.0396
Sam Merrill,2026,471,0.5804,0.5379,0.621,0.0406,0.0831,0.0831
Sandro Mamukelashvili,2026,613,0.5885,0.6034,0.6126,0.0241,0.0092,0.0092
Santi Aldama,2026,476,0.5552,0.5647,0.5525,-0.0027,-0.0122,-0.0122
Scoot Henderson,2026,335,0.488,0.5257,0.4985,0.0105,-0.0272,-0.0272
Scottie Barnes,2026,1103,0.5182,0.5415,0.5326,0.0144,-0.0089,-0.0089
Scotty Pippen Jr.,2026,96,0.498,0.5371,0.5,0.002,-0.0371,-0.0371
Sean Pedulla,2026,13,0.4231,0.5221,0.4231,0.0,-0.099,-0.099
Seth Curry,2026,49,0.5598,0.5069,0.6122,0.0524,0.1053,0.1053
Shaedon Sharpe,2026,868,0.5198,0.5341,0.5109,-0.0089,-0.0232,-0.0232
Shai Gilgeous-Alexander,2026,1310,0.561,0.501,0.5954,0.0344,0.0944,0.0944
Sharife Cooper,2026,246,0.5752,0.5196,0.5752,0.0,0.0556,0.0556
Sidy Cissoko,2026,329,0.4809,0.5724,0.4848,0.0039,-0.0876,-0.0876
Simone Fontecchio,2026,469,0.5485,0.5533,0.5426,-0.0059,-0.0107,-0.0107
Sion James,2026,372,0.4825,0.5585,0.4825,0.0,-0.076,-0.076
Skal Labissiere,2026,10,0.7,0.5824,0.65,-0.05,0.0676,0.0676
Spencer Jones,2026,262,0.5938,0.6148,0.6126,0.0188,-0.0022,-0.0022
Stanley Umude,2026,2,0.75,0.4731,0.5,-0.25,0.0269,0.0269
Stephen Curry,2026,799,0.6074,0.5319,0.587,-0.0204,0.0551,0.0551
Stephon Castle,2026,800,0.5065,0.5449,0.5194,0.0129,-0.0255,-0.0255
Steven Adams,2026,137,0.5552,0.6021,0.5036,-0.0516,-0.0985,-0.0985
Svi Mykhailiuk,2026,362,0.5852,0.5477,0.6133,0.0281,0.0656,0.0656
T.J. McConnell,2026,449,0.5418,0.499,0.5546,0.0128,0.0556,0.0556
Taelon Peter,2026,158,0.5095,0.5754,0.5095,0.0,-0.0659,-0.0659
Taj Gibson,2026,26,0.5989,0.5737,0.5192,-0.0797,-0.0545,-0.0545
Tari Eason,2026,560,0.4912,0.5475,0.4991,0.0079,-0.0484,-0.0484
Taurean Prince,2026,184,0.5996,0.5216,0.6196,0.02,0.098,0.098
Taylor Hendricks,2026,351,0.5491,0.5662,0.5499,0.0008,-0.0163,-0.0163
Terance Mann,2026,367,0.5513,0.5366,0.5341,-0.0172,-0.0025,-0.0025
Terrence Shannon Jr.,2026,171,0.536,0.5531,0.5409,0.0049,-0.0122,-0.0122
Thanasis Antetokounmpo,2026,32,0.426,0.6062,0.4688,0.0428,-0.1374,-0.1374
Thomas Bryant,2026,267,0.6047,0.6066,0.5936,-0.0111,-0.013,-0.013
Tidjane Salan,2026,159,0.5363,0.578,0.6164,0.0801,0.0384,0.0384
Tim Hardaway Jr.,2026,777,0.5473,0.5345,0.5907,0.0434,0.0562,0.0562
Tobias Harris,2026,641,0.5454,0.5319,0.5234,-0.022,-0.0085,-0.0085
Toby Okani,2026,70,0.4214,0.5513,0.4214,0.0,-0.1299,-0.1299
Tolu Smith,2026,36,0.5139,0.6195,0.5,-0.0139,-0.1195,-0.1195
Tony Bradley,2026,117,0.571,0.6213,0.5556,-0.0154,-0.0657,-0.0657
Tosan Evbuomwan,2026,1,0.0,0.5604,0.0,0.0,-0.5604,-0.5604
Toumani Camara,2026,877,0.5425,0.5743,0.5553,0.0128,-0.019,-0.019
Trae Young,2026,173,0.4879,0.5167,0.5405,0.0526,0.0238,0.0238
Trayce Jackson-Davis,2026,124,0.6553,0.6538,0.5766,-0.0787,-0.0772,-0.0772
Tre Johnson,2026,642,0.5055,0.5203,0.5055,0.0,-0.0148,-0.0148
Tre Jones,2026,597,0.5664,0.5451,0.5829,0.0165,0.0378,0.0378
Tre Mann,2026,303,0.4768,0.5152,0.4422,-0.0346,-0.073,-0.073
Trendon Watford,2026,260,0.5499,0.5489,0.5308,-0.0191,-0.0181,-0.0181
Trentyn Flowers,2026,3,0.6667,0.6296,0.6667,0.0,0.0371,0.0371
Trevon Scott,2026,50,0.44,0.5535,0.44,0.0,-0.1135,-0.1135
Trevor Keels,2026,12,0.375,0.5019,0.3333,-0.0417,-0.1686,-0.1686
Trey Alexander,2026,37,0.4845,0.5417,0.5946,0.1101,0.0529,0.0529
Trey Jemison,2026,10,0.3709,0.5791,0.6,0.2291,0.0209,0.0209
Trey Jemison III,2026,10,0.3709,0.5791,0.6,0.2291,0.0209,0.0209
Trey Murphy III,2026,1049,0.5661,0.5545,0.572,0.0059,0.0175,0.0175
Tristan da Silva,2026,619,0.5342,0.5598,0.546,0.0118,-0.0138,-0.0138
Tristan Enaruna,2026,28,0.5536,0.569,0.5536,0.0,-0.0154,-0.0154
Tristan Vukcevic,2026,317,0.5562,0.5653,0.5584,0.0022,-0.0069,-0.0069
Tristen Newton,2026,9,0.5556,0.5504,0.5556,0.0,0.0052,0.0052
Ty Jerome,2026,215,0.5909,0.5076,0.5721,-0.0188,0.0645,0.0645
Tyler Burton,2026,112,0.4732,0.5577,0.4732,0.0,-0.0845,-0.0845
Tyler Herro,2026,473,0.5443,0.5129,0.555,0.0107,0.0421,0.0421
Tyler Kolek,2026,248,0.5158,0.5281,0.5242,0.0084,-0.0039,-0.0039
Tyler Smith,2026,50,0.5147,0.5927,0.52,0.0053,-0.0727,-0.0727
Tyrese Martin,2026,276,0.4914,0.5402,0.4873,-0.0041,-0.0529,-0.0529
Tyrese Maxey,2026,1501,0.5396,0.5313,0.5356,-0.004,0.0043,0.0043
Tyrese Proctor,2026,226,0.5133,0.5446,0.5133,0.0,-0.0313,-0.0313
Tyson Etienne,2026,136,0.5204,0.5401,0.5331,0.0127,-0.007,-0.007
TyTy Washington Jr.,2026,15,0.4127,0.5444,0.6333,0.2206,0.0889,0.0889
Tyus Jones,2026,217,0.5592,0.5328,0.4424,-0.1168,-0.0904,-0.0904
Victor Wembanyama,2026,1035,0.5491,0.5544,0.5676,0.0185,0.0132,0.0132
Vince Williams Jr.,2026,292,0.4617,0.53,0.4469,-0.0148,-0.0831,-0.0831
Vit Krejci,2026,430,0.6153,0.5304,0.5953,-0.02,0.0649,0.0649
VJ Edgecombe,2026,1002,0.5071,0.5286,0.507,-0.0001,-0.0216,-0.0216
Vladislav Goldin,2026,4,0.75,0.724,0.75,0.0,0.026,0.026
Vt Krej,2026,430,0.6153,0.5304,0.5953,-0.02,0.0649,0.0649
Walker Kessler,2026,37,0.7107,0.6294,0.7838,0.0731,0.1544,0.1544
Walter Clayton Jr.,2026,450,0.4633,0.5222,0.4633,0.0,-0.0589,-0.0589
Wendell Carter Jr.,2026,635,0.5687,0.5846,0.5669,-0.0018,-0.0177,-0.0177
Wendell Moore Jr.,2026,7,0.652,0.5788,0.5714,-0.0806,-0.0074,-0.0074
Will Richard,2026,341,0.5616,0.5967,0.5616,0.0,-0.0351,-0.0351
Will Riley,2026,616,0.5032,0.5391,0.5032,0.0,-0.0359,-0.0359
Xavier Tillman,2026,46,0.468,0.5774,0.4674,-0.0006,-0.11,-0.11
Yang Hansen,2026,98,0.3214,0.5748,0.3214,0.0,-0.2534,-0.2534
Yanic Konan Niederhuser,2026,99,0.6414,0.6187,0.6414,0.0,0.0227,0.0227
Yuki Kawamura,2026,51,0.3898,0.5412,0.4412,0.0514,-0.1,-0.1
Yves Missi,2026,293,0.5283,0.5881,0.5461,0.0178,-0.042,-0.042
Zaccharie Risacher,2026,534,0.5216,0.5795,0.5412,0.0196,-0.0383,-0.0383
Zach Collins,2026,64,0.593,0.6089,0.6484,0.0554,0.0395,0.0395
Zach Edey,2026,98,0.6038,0.6272,0.6378,0.034,0.0106,0.0106
Zach LaVine,2026,547,0.5979,0.5326,0.5695,-0.0284,0.0369,0.0369
Zeke Nnaji,2026,151,0.5201,0.5977,0.5166,-0.0035,-0.0811,-0.0811
Ziaire Williams,2026,427,0.5052,0.5565,0.5211,0.0159,-0.0354,-0.0354
Zion Williamson,2026,805,0.6012,0.5566,0.6006,-0.0006,0.044,0.044
Zyon Pullin,2026,13,0.6923,0.5322,0.7308,0.0385,0.1986,0.1986
