player,team,season_year,total_fga,avg_efg,fga_4_6_feet___open,fga_6+_feet___wide_open,fga_2_4_feet___tight,fga_0_2_feet___very_tight,open_shot_rate,tight_shot_rate,creation_pressure
A.J. Lawson,TOR,2025,5,1.1,5.0,0.0,0.0,0.0,1.0,0.0,0.0
A.J. Lawson,TOR,2026,4,0.625,4.0,0.0,0.0,0.0,1.0,0.0,0.0
AJ Green,MIL,2025,17,0.55,4.0,13.0,0.0,0.0,1.0,0.0,0.0
AJ Green,MIL,2026,26,0.625,18.0,0.0,8.0,0.0,0.6923,0.3076923076923077,0.3077
AJ Johnson,DAL,2026,8,0.375,0.0,0.0,8.0,0.0,0.0,1.0,1.0
AJ Johnson,WAS,2025,12,0.20833333333333334,0.0,8.0,4.0,0.0,0.6667,0.3333333333333333,0.3333
Aaron Gordon,DEN,2025,14,0.666675,4.0,4.0,6.0,0.0,0.5714,0.42857142857142855,0.4286
Aaron Gordon,DEN,2026,20,0.825,4.0,4.0,12.0,0.0,0.4,0.6,0.6
Aaron Holiday,HOU,2026,12,0.625,0.0,12.0,0.0,0.0,1.0,0.0,0.0
Aaron Nesmith,IND,2025,20,0.6241,0.0,20.0,0.0,0.0,1.0,0.0,0.0
Aaron Nesmith,IND,2026,38,0.4875,15.0,23.0,0.0,0.0,1.0,0.0,0.0
Aaron Wiggins,OKC,2025,41,0.713488888888889,0.0,32.0,9.0,0.0,0.7805,0.21951219512195122,0.2195
Aaron Wiggins,OKC,2026,18,0.6,0.0,18.0,0.0,0.0,1.0,0.0,0.0
Ace Bailey,UTA,2026,28,0.6107142857142858,3.0,25.0,0.0,0.0,1.0,0.0,0.0
Adam Flagler,OKC,2025,6,0.25,0.0,6.0,0.0,0.0,1.0,0.0,0.0
Adem Bona,PHI,2025,4,1.0,0.0,0.0,4.0,0.0,0.0,1.0,1.0
Adem Bona,PHI,2026,4,0.5,0.0,0.0,4.0,0.0,0.0,1.0,1.0
Ajay Mitchell,OKC,2025,6,0.66665,3.0,3.0,0.0,0.0,1.0,0.0,0.0
Ajay Mitchell,OKC,2026,14,0.520825,0.0,3.0,11.0,0.0,0.2143,0.7857142857142857,0.7857
Al Horford,BOS,2025,106,0.5583826086956521,0.0,102.0,4.0,0.0,0.9623,0.03773584905660377,0.0377
Al Horford,GSW,2026,26,0.43571428571428567,4.0,22.0,0.0,0.0,1.0,0.0,0.0
Alec Burks,MIA,2025,12,0.625,8.0,4.0,0.0,0.0,1.0,0.0,0.0
Alex Caruso,OKC,2025,9,0.3375,0.0,9.0,0.0,0.0,1.0,0.0,0.0
Alex Caruso,OKC,2026,26,0.25166,0.0,26.0,0.0,0.0,1.0,0.0,0.0
Alex Reese,PHI,2025,4,0.75,0.0,4.0,0.0,0.0,1.0,0.0,0.0
Alex Sarr,WAS,2025,55,0.5095214285714286,15.0,37.0,3.0,0.0,0.9455,0.05454545454545454,0.0545
Alex Sarr,WAS,2026,48,0.6840333333333333,9.0,11.0,28.0,0.0,0.4167,0.5833333333333334,0.5833
Alperen Sengun,HOU,2025,34,0.6499999999999999,0.0,0.0,31.0,3.0,0.0,1.0,1.0
Alperen Sengun,HOU,2026,24,0.5892857142857143,4.0,3.0,17.0,0.0,0.2917,0.7083333333333334,0.7083
Amen Thompson,HOU,2025,9,0.5,0.0,6.0,3.0,0.0,0.6667,0.3333333333333333,0.3333
Amen Thompson,HOU,2026,28,0.6881,4.0,0.0,24.0,0.0,0.1429,0.8571428571428571,0.8571
Amir Coffey,LAC,2025,11,0.9166666666666666,7.0,4.0,0.0,0.0,1.0,0.0,0.0
Andre Drummond,PHI,2025,13,0.5777666666666667,5.0,0.0,8.0,0.0,0.3846,0.6153846153846154,0.6154
Andre Drummond,PHI,2026,11,0.4222333333333333,0.0,0.0,11.0,0.0,0.0,1.0,1.0
Andre Jackson Jr.,MIL,2025,3,0.0,0.0,3.0,0.0,0.0,1.0,0.0,0.0
Andrew Nembhard,IND,2025,8,0.3125,0.0,8.0,0.0,0.0,1.0,0.0,0.0
Andrew Nembhard,IND,2026,27,0.515625,9.0,18.0,0.0,0.0,1.0,0.0,0.0
Andrew Wiggins,GSW,2025,13,0.5083333333333333,0.0,4.0,9.0,0.0,0.3077,0.6923076923076923,0.6923
Andrew Wiggins,MIA,2025,4,0.625,0.0,0.0,4.0,0.0,0.0,1.0,1.0
Andrew Wiggins,MIA,2026,19,0.53666,3.0,0.0,16.0,0.0,0.1579,0.8421052631578947,0.8421
Anfernee Simons,BOS,2026,16,0.625,13.0,3.0,0.0,0.0,1.0,0.0,0.0
Anfernee Simons,POR,2025,78,0.6170619047619047,25.0,18.0,35.0,0.0,0.5513,0.44871794871794873,0.4487
Anthony Black,ORL,2025,12,0.20833333333333334,0.0,4.0,8.0,0.0,0.3333,0.6666666666666666,0.6667
Anthony Black,ORL,2026,22,0.5625,3.0,12.0,7.0,0.0,0.6818,0.3181818181818182,0.3182
Anthony Davis,DAL,2025,6,0.0,0.0,6.0,0.0,0.0,1.0,0.0,0.0
Anthony Davis,DAL,2026,18,0.5277666666666666,9.0,0.0,9.0,0.0,0.5,0.5,0.5
Anthony Davis,LAL,2025,77,0.67834,10.0,5.0,62.0,0.0,0.1948,0.8051948051948052,0.8052
Anthony Edwards,MIN,2025,107,0.5198692307692308,64.0,0.0,43.0,0.0,0.5981,0.40186915887850466,0.4019
Anthony Edwards,MIN,2026,101,0.599,49.0,9.0,43.0,0.0,0.5743,0.42574257425742573,0.4257
Antonio Reeves,NOP,2025,12,0.875,0.0,12.0,0.0,0.0,1.0,0.0,0.0
Ausar Thompson,DET,2025,7,0.125,0.0,3.0,4.0,0.0,0.4286,0.5714285714285714,0.5714
Ausar Thompson,DET,2026,3,0.6667,0.0,0.0,3.0,0.0,0.0,1.0,1.0
Austin Reaves,LAL,2025,48,0.6694416666666667,5.0,39.0,4.0,0.0,0.9167,0.08333333333333333,0.0833
Austin Reaves,LAL,2026,35,0.6073999999999999,8.0,21.0,0.0,6.0,0.8286,0.17142857142857143,0.1714
Ayo Dosunmu,CHI,2025,17,0.46875,0.0,17.0,0.0,0.0,1.0,0.0,0.0
Ayo Dosunmu,CHI,2026,12,0.7166666666666667,0.0,8.0,4.0,0.0,0.6667,0.3333333333333333,0.3333
Ayo Dosunmu,MIN,2026,4,0.75,0.0,0.0,4.0,0.0,0.0,1.0,1.0
Bam Adebayo,MIA,2025,32,0.4166625,10.0,15.0,7.0,0.0,0.7812,0.21875,0.2188
Bam Adebayo,MIA,2026,57,0.7012769230769231,3.0,50.0,4.0,0.0,0.9298,0.07017543859649122,0.0702
Baylor Scheierman,BOS,2025,4,0.75,0.0,4.0,0.0,0.0,1.0,0.0,0.0
Baylor Scheierman,BOS,2026,17,0.525,0.0,17.0,0.0,0.0,1.0,0.0,0.0
Ben Saraf,BKN,2026,9,0.3375,0.0,9.0,0.0,0.0,1.0,0.0,0.0
Ben Sheppard,IND,2025,10,0.7083333333333334,0.0,10.0,0.0,0.0,1.0,0.0,0.0
Ben Sheppard,IND,2026,5,0.3,0.0,5.0,0.0,0.0,1.0,0.0,0.0
Bennedict Mathurin,IND,2025,7,0.75,0.0,0.0,7.0,0.0,0.0,1.0,1.0
Bennedict Mathurin,IND,2026,22,0.6368999999999999,10.0,6.0,6.0,0.0,0.7273,0.2727272727272727,0.2727
Bilal Coulibaly,WAS,2025,28,0.5642857142857143,7.0,21.0,0.0,0.0,1.0,0.0,0.0
Bilal Coulibaly,WAS,2026,20,0.56334,0.0,17.0,3.0,0.0,0.85,0.15,0.15
Bismack Biyombo,SAS,2025,4,0.5,0.0,0.0,4.0,0.0,0.0,1.0,1.0
Blake Hinson,UTA,2026,5,0.9,5.0,0.0,0.0,0.0,1.0,0.0,0.0
Bobby Portis,MIL,2025,36,0.53333,22.0,4.0,10.0,0.0,0.7222,0.2777777777777778,0.2778
Bobby Portis,MIL,2026,57,0.754675,43.0,11.0,3.0,0.0,0.9474,0.05263157894736842,0.0526
Bogdan Bogdanovic,ATL,2025,3,0.3333,3.0,0.0,0.0,0.0,1.0,0.0,0.0
Bogdan Bogdanovic,LAC,2025,8,0.3125,0.0,4.0,4.0,0.0,0.5,0.5,0.5
Bogdan Bogdanović,LAC,2025,8,0.3125,0.0,4.0,4.0,0.0,0.5,0.5,0.5
Bones Hyland,MIN,2026,7,0.875,0.0,3.0,4.0,0.0,0.4286,0.5714285714285714,0.5714
Bradley Beal,PHX,2025,22,0.5972166666666666,12.0,7.0,3.0,0.0,0.8636,0.13636363636363635,0.1364
Branden Carlson,OKC,2026,16,0.585425,4.0,9.0,3.0,0.0,0.8125,0.1875,0.1875
Brandin Podziemski,GSW,2025,19,0.52,3.0,16.0,0.0,0.0,1.0,0.0,0.0
Brandin Podziemski,GSW,2026,28,0.5928571428571429,0.0,28.0,0.0,0.0,1.0,0.0,0.0
Brandon Boston,NOP,2025,7,0.0,0.0,0.0,7.0,0.0,0.0,1.0,1.0
Brandon Boston Jr.,NOP,2025,7,0.0,0.0,0.0,7.0,0.0,0.0,1.0,1.0
Brandon Clarke,MEM,2025,8,0.625,4.0,0.0,4.0,0.0,0.5,0.5,0.5
Brandon Ingram,NOP,2025,8,0.375,8.0,0.0,0.0,0.0,1.0,0.0,0.0
Brandon Ingram,TOR,2026,29,0.5629777777777778,3.0,0.0,26.0,0.0,0.1034,0.896551724137931,0.8966
Brandon Miller,CHA,2025,18,0.4,6.0,8.0,4.0,0.0,0.7778,0.2222222222222222,0.2222
Brandon Miller,CHA,2026,53,0.6684571428571429,3.0,38.0,12.0,0.0,0.7736,0.22641509433962265,0.2264
Brandon Williams,DAL,2026,10,0.0,0.0,6.0,4.0,0.0,0.6,0.4,0.4
Brice Sensabaugh,UTA,2025,25,0.6835333333333334,7.0,15.0,3.0,0.0,0.88,0.12,0.12
Brice Sensabaugh,UTA,2026,17,0.34375,17.0,0.0,0.0,0.0,1.0,0.0,0.0
Brook Lopez,LAC,2026,53,0.7825272727272726,3.0,50.0,0.0,0.0,1.0,0.0,0.0
Brook Lopez,MIL,2025,94,0.6471318181818182,12.0,69.0,13.0,0.0,0.8617,0.13829787234042554,0.1383
Brooks Barnhizer,OKC,2026,7,0.8571,0.0,7.0,0.0,0.0,1.0,0.0,0.0
Bruce Brown,DEN,2026,3,0.6667,0.0,0.0,3.0,0.0,0.0,1.0,1.0
Bruce Brown,TOR,2025,4,1.0,0.0,4.0,0.0,0.0,1.0,0.0,0.0
Bryce McGowens,NOP,2026,11,0.5555666666666667,0.0,4.0,7.0,0.0,0.3636,0.6363636363636364,0.6364
Bub Carrington,WAS,2025,21,0.5208333333333334,10.0,11.0,0.0,0.0,1.0,0.0,0.0
Bub Carrington,WAS,2026,14,0.65625,3.0,11.0,0.0,0.0,1.0,0.0,0.0
Buddy Hield,GSW,2025,46,0.8409749999999999,11.0,32.0,3.0,0.0,0.9348,0.06521739130434782,0.0652
Buddy Hield,GSW,2026,3,0.5,0.0,3.0,0.0,0.0,1.0,0.0,0.0
CJ McCollum,ATL,2026,7,0.5,0.0,3.0,4.0,0.0,0.4286,0.5714285714285714,0.5714
CJ McCollum,NOP,2025,38,0.6969636363636363,17.0,7.0,14.0,0.0,0.6316,0.3684210526315789,0.3684
CJ McCollum,WAS,2026,35,0.8030363636363638,16.0,7.0,12.0,0.0,0.6571,0.34285714285714286,0.3429
Cade Cunningham,DET,2025,142,0.4956235294117647,3.0,6.0,130.0,3.0,0.0634,0.9366197183098591,0.9366
Cade Cunningham,DET,2026,81,0.49324761904761905,12.0,7.0,62.0,0.0,0.2346,0.7654320987654321,0.7654
Caleb Houstan,ORL,2025,9,1.0,0.0,9.0,0.0,0.0,1.0,0.0,0.0
Caleb Love,POR,2026,29,0.6322875,11.0,15.0,3.0,0.0,0.8966,0.10344827586206896,0.1034
Caleb Martin,DAL,2026,4,1.125,0.0,4.0,0.0,0.0,1.0,0.0,0.0
Caleb Martin,PHI,2025,3,0.5,3.0,0.0,0.0,0.0,1.0,0.0,0.0
Cam Spencer,MEM,2025,4,1.5,0.0,4.0,0.0,0.0,1.0,0.0,0.0
Cam Thomas,BKN,2025,15,0.541675,0.0,0.0,15.0,0.0,0.0,1.0,1.0
Cam Thomas,BKN,2026,11,0.4222333333333333,5.0,0.0,6.0,0.0,0.4545,0.5454545454545454,0.5455
Cam Whitmore,HOU,2025,5,1.0,5.0,0.0,0.0,0.0,1.0,0.0,0.0
Cameron Johnson,BKN,2025,26,0.5595285714285715,8.0,15.0,3.0,0.0,0.8846,0.11538461538461539,0.1154
Cameron Johnson,DEN,2026,26,0.6803499999999999,0.0,26.0,0.0,0.0,1.0,0.0,0.0
Cameron Payne,NYK,2025,3,0.0,0.0,0.0,3.0,0.0,0.0,1.0,1.0
Cameron Payne,PHI,2026,4,0.75,4.0,0.0,0.0,0.0,1.0,0.0,0.0
Caris LeVert,CLE,2025,4,1.125,0.0,4.0,0.0,0.0,1.0,0.0,0.0
Caris LeVert,DET,2026,7,0.875,0.0,7.0,0.0,0.0,1.0,0.0,0.0
Carter Bryant,SAS,2026,13,0.725,0.0,13.0,0.0,0.0,1.0,0.0,0.0
Cason Wallace,OKC,2025,7,0.8125,3.0,4.0,0.0,0.0,1.0,0.0,0.0
Cason Wallace,OKC,2026,23,0.95555,0.0,23.0,0.0,0.0,1.0,0.0,0.0
Cedric Coward,MEM,2026,9,1.1666666666666667,0.0,6.0,3.0,0.0,0.6667,0.3333333333333333,0.3333
Chaney Johnson,BKN,2026,8,0.375,0.0,8.0,0.0,0.0,1.0,0.0,0.0
Charles Bassey,GSW,2026,4,0.75,0.0,0.0,4.0,0.0,0.0,1.0,1.0
Charles Bassey,SAS,2025,8,0.5,0.0,0.0,8.0,0.0,0.0,1.0,1.0
Chaz Lanier,DET,2026,5,0.9,0.0,5.0,0.0,0.0,1.0,0.0,0.0
Chet Holmgren,OKC,2025,7,0.6875,0.0,4.0,3.0,0.0,0.5714,0.42857142857142855,0.4286
Chet Holmgren,OKC,2026,40,0.734090909090909,14.0,16.0,7.0,3.0,0.75,0.25,0.25
Chris Boucher,TOR,2025,8,1.1,8.0,0.0,0.0,0.0,1.0,0.0,0.0
Chris Paul,SAS,2025,10,0.5139,10.0,0.0,0.0,0.0,1.0,0.0,0.0
Chris Youngblood,OKC,2026,7,0.1875,0.0,7.0,0.0,0.0,1.0,0.0,0.0
Christian Braun,DEN,2025,19,0.7033400000000001,3.0,5.0,11.0,0.0,0.4211,0.5789473684210527,0.5789
Christian Braun,DEN,2026,43,0.6305555555555555,0.0,39.0,4.0,0.0,0.907,0.09302325581395349,0.093
Clint Capela,ATL,2025,19,0.6,0.0,0.0,19.0,0.0,0.0,1.0,1.0
Clint Capela,HOU,2026,7,0.29164999999999996,0.0,0.0,7.0,0.0,0.0,1.0,1.0
Coby White,CHI,2025,31,0.6522,6.0,19.0,6.0,0.0,0.8065,0.1935483870967742,0.1935
Coby White,CHI,2026,17,0.515625,0.0,14.0,3.0,0.0,0.8235,0.17647058823529413,0.1765
Cody Martin,CHA,2025,3,0.8333,3.0,0.0,0.0,0.0,1.0,0.0,0.0
Cody Martin,PHX,2025,8,0.1875,0.0,8.0,0.0,0.0,1.0,0.0,0.0
Cody Williams,UTA,2025,5,0.0,0.0,5.0,0.0,0.0,1.0,0.0,0.0
Cole Anthony,MIL,2026,3,1.0,3.0,0.0,0.0,0.0,1.0,0.0,0.0
Cole Anthony,ORL,2025,10,0.3611,0.0,3.0,7.0,0.0,0.3,0.7,0.7
Cole Swider,TOR,2025,4,0.375,4.0,0.0,0.0,0.0,1.0,0.0,0.0
Collin Gillespie,PHX,2025,4,0.75,0.0,4.0,0.0,0.0,1.0,0.0,0.0
Collin Gillespie,PHX,2026,22,0.5652833333333334,3.0,19.0,0.0,0.0,1.0,0.0,0.0
Collin Murray-Boyles,TOR,2026,3,1.0,0.0,0.0,3.0,0.0,0.0,1.0,1.0
Collin Sexton,CHA,2026,6,0.16665,0.0,3.0,3.0,0.0,0.5,0.5,0.5
Collin Sexton,UTA,2025,7,0.41664999999999996,3.0,0.0,4.0,0.0,0.4286,0.5714285714285714,0.5714
Cooper Flagg,DAL,2026,66,0.52,0.0,0.0,66.0,0.0,0.0,1.0,1.0
Corey Kispert,ATL,2026,4,0.625,4.0,0.0,0.0,0.0,1.0,0.0,0.0
Corey Kispert,WAS,2025,27,0.44642857142857145,4.0,23.0,0.0,0.0,1.0,0.0,0.0
Cory Joseph,ORL,2025,4,0.375,0.0,4.0,0.0,0.0,1.0,0.0,0.0
D'Angelo Russell,BKN,2025,12,0.625,0.0,0.0,12.0,0.0,0.0,1.0,1.0
D'Angelo Russell,DAL,2026,20,0.5766600000000001,8.0,4.0,8.0,0.0,0.6,0.4,0.4
D'Angelo Russell,LAL,2025,14,0.6146,7.0,4.0,3.0,0.0,0.7857,0.21428571428571427,0.2143
DaQuan Jeffries,CHA,2025,15,0.458325,8.0,4.0,3.0,0.0,0.8,0.2,0.2
DaRon Holmes II,DEN,2026,7,0.4375,0.0,7.0,0.0,0.0,1.0,0.0,0.0
Daeqwon Plowden,SAC,2026,36,0.5415125000000001,32.0,4.0,0.0,0.0,1.0,0.0,0.0
Dalano Banton,POR,2025,26,0.5875,9.0,13.0,4.0,0.0,0.8462,0.15384615384615385,0.1538
Dalen Terry,CHI,2025,8,0.9375,0.0,8.0,0.0,0.0,1.0,0.0,0.0
Dalton Knecht,LAL,2025,21,0.78334,14.0,0.0,7.0,0.0,0.6667,0.3333333333333333,0.3333
Damian Lillard,MIL,2025,42,0.7007545454545455,7.0,7.0,28.0,0.0,0.3333,0.6666666666666666,0.6667
Daniel Gafford,DAL,2025,31,0.68125,0.0,0.0,31.0,0.0,0.0,1.0,1.0
Daniel Gafford,DAL,2026,8,0.625,0.0,0.0,8.0,0.0,0.0,1.0,1.0
Daniel Theis,NOP,2025,3,0.3333,0.0,3.0,0.0,0.0,1.0,0.0,0.0
Danny Wolf,BKN,2026,39,0.43416999999999994,0.0,27.0,12.0,0.0,0.6923,0.3076923076923077,0.3077
Dario Saric,DEN,2025,4,0.75,0.0,4.0,0.0,0.0,1.0,0.0,0.0
Dario Šarić,DEN,2025,4,0.75,0.0,4.0,0.0,0.0,1.0,0.0,0.0
Dariq Whitehead,BKN,2025,9,1.0125,4.0,5.0,0.0,0.0,1.0,0.0,0.0
Dariq Whitehead,MEM,2026,4,0.25,0.0,0.0,4.0,0.0,0.0,1.0,1.0
Darius Garland,CLE,2025,30,0.6018444444444444,3.0,12.0,15.0,0.0,0.5,0.5,0.5
Darius Garland,CLE,2026,19,0.4861,0.0,7.0,12.0,0.0,0.3684,0.631578947368421,0.6316
Darius Garland,LAC,2026,8,0.375,0.0,0.0,8.0,0.0,0.0,1.0,1.0
David Roddy,DEN,2026,5,0.2,0.0,0.0,5.0,0.0,0.0,1.0,1.0
Davion Mitchell,MIA,2025,4,1.5,0.0,4.0,0.0,0.0,1.0,0.0,0.0
Davion Mitchell,MIA,2026,9,0.4875,0.0,9.0,0.0,0.0,1.0,0.0,0.0
Day'Ron Sharpe,BKN,2025,4,0.75,0.0,0.0,4.0,0.0,0.0,1.0,1.0
Day'Ron Sharpe,BKN,2026,3,1.0,0.0,0.0,3.0,0.0,0.0,1.0,1.0
De'Aaron Fox,SAC,2025,58,0.6533333333333334,25.0,3.0,30.0,0.0,0.4828,0.5172413793103449,0.5172
De'Aaron Fox,SAS,2025,4,0.75,0.0,0.0,4.0,0.0,0.0,1.0,1.0
De'Aaron Fox,SAS,2026,36,0.6599999999999999,13.0,6.0,17.0,0.0,0.5278,0.4722222222222222,0.4722
De'Andre Hunter,ATL,2025,27,0.7083375,0.0,21.0,6.0,0.0,0.7778,0.2222222222222222,0.2222
De'Andre Hunter,CLE,2025,14,0.5,5.0,9.0,0.0,0.0,1.0,0.0,0.0
De'Andre Hunter,CLE,2026,19,0.675,7.0,12.0,0.0,0.0,1.0,0.0,0.0
De'Anthony Melton,GSW,2025,7,0.4375,3.0,4.0,0.0,0.0,1.0,0.0,0.0
De'Anthony Melton,GSW,2026,8,0.46665,0.0,3.0,5.0,0.0,0.375,0.625,0.625
DeJon Jarreau,MEM,2026,6,0.6667,0.0,6.0,0.0,0.0,1.0,0.0,0.0
DeMar DeRozan,SAC,2025,53,0.5986166666666667,0.0,5.0,48.0,0.0,0.0943,0.9056603773584906,0.9057
DeMar DeRozan,SAC,2026,63,0.6009823529411764,11.0,0.0,52.0,0.0,0.1746,0.8253968253968254,0.8254
Dean Wade,CLE,2025,19,0.63,0.0,19.0,0.0,0.0,1.0,0.0,0.0
Dean Wade,CLE,2026,15,0.84375,3.0,12.0,0.0,0.0,1.0,0.0,0.0
Deandre Ayton,LAL,2026,51,0.6858923076923076,14.0,0.0,37.0,0.0,0.2745,0.7254901960784313,0.7255
Deandre Ayton,POR,2025,64,0.59688125,26.0,0.0,38.0,0.0,0.4062,0.59375,0.5938
Dejounte Murray,NOP,2025,24,0.47024285714285713,21.0,0.0,3.0,0.0,0.875,0.125,0.125
Dejounte Murray,NOP,2026,9,0.675,0.0,0.0,9.0,0.0,0.0,1.0,1.0
Deni Avdija,POR,2025,35,0.6175888888888889,6.0,14.0,15.0,0.0,0.5714,0.42857142857142855,0.4286
Deni Avdija,POR,2026,61,0.6686294117647059,14.0,25.0,22.0,0.0,0.6393,0.36065573770491804,0.3607
Dennis Schroder,BKN,2025,6,0.33335,0.0,3.0,3.0,0.0,0.5,0.5,0.5
Dennis Schroder,DET,2025,4,0.5,0.0,0.0,4.0,0.0,0.0,1.0,1.0
Dennis Schroder,GSW,2025,9,0.6666666666666666,6.0,0.0,3.0,0.0,0.6667,0.3333333333333333,0.3333
Dennis Schroder,SAC,2026,7,0.75,0.0,0.0,7.0,0.0,0.0,1.0,1.0
Dennis Schröder,BKN,2025,6,0.33335,0.0,3.0,3.0,0.0,0.5,0.5,0.5
Dennis Schröder,DET,2025,4,0.5,0.0,0.0,4.0,0.0,0.0,1.0,1.0
Dennis Schröder,GSW,2025,9,0.6666666666666666,6.0,0.0,3.0,0.0,0.6667,0.3333333333333333,0.3333
Dennis Schröder,SAC,2026,7,0.75,0.0,0.0,7.0,0.0,0.0,1.0,1.0
Dereck Lively II,DAL,2025,20,0.5277833333333334,0.0,0.0,20.0,0.0,0.0,1.0,1.0
Derik Queen,NOP,2026,3,1.0,0.0,0.0,3.0,0.0,0.0,1.0,1.0
Derrick Jones Jr.,LAC,2025,27,0.5104124999999999,0.0,24.0,3.0,0.0,0.8889,0.1111111111111111,0.1111
Derrick Jones Jr.,LAC,2026,12,0.375,4.0,8.0,0.0,0.0,1.0,0.0,0.0
Derrick White,BOS,2025,57,0.4766666666666666,17.0,40.0,0.0,0.0,1.0,0.0,0.0
Derrick White,BOS,2026,47,0.5237153846153846,20.0,20.0,7.0,0.0,0.8511,0.14893617021276595,0.1489
Desmond Bane,MEM,2025,12,0.66665,6.0,3.0,3.0,0.0,0.75,0.25,0.25
Desmond Bane,ORL,2026,16,0.55002,3.0,0.0,13.0,0.0,0.1875,0.8125,0.8125
Devin Booker,PHX,2025,53,0.5179461538461538,31.0,4.0,18.0,0.0,0.6604,0.33962264150943394,0.3396
Devin Booker,PHX,2026,51,0.5297642857142857,24.0,0.0,27.0,0.0,0.4706,0.5294117647058824,0.5294
Devin Carter,SAC,2026,8,0.5625,0.0,4.0,4.0,0.0,0.5,0.5,0.5
Devin Vassell,SAS,2026,37,0.7159090909090909,28.0,9.0,0.0,0.0,1.0,0.0,0.0
Dillon Brooks,HOU,2025,68,0.54106875,7.0,57.0,4.0,0.0,0.9412,0.058823529411764705,0.0588
Dillon Brooks,PHX,2026,80,0.44875,21.0,37.0,22.0,0.0,0.725,0.275,0.275
Dillon Jones,OKC,2025,8,0.3,0.0,8.0,0.0,0.0,1.0,0.0,0.0
Domantas Sabonis,SAC,2025,76,0.699995,0.0,23.0,50.0,3.0,0.3026,0.6973684210526315,0.6974
Domantas Sabonis,SAC,2026,4,0.25,0.0,0.0,4.0,0.0,0.0,1.0,1.0
Dominick Barlow,PHI,2026,11,0.625,0.0,4.0,7.0,0.0,0.3636,0.6363636363636364,0.6364
Donovan Clingan,POR,2025,20,0.62334,0.0,0.0,20.0,0.0,0.0,1.0,1.0
Donovan Clingan,POR,2026,36,0.6851777777777778,3.0,11.0,22.0,0.0,0.3889,0.6111111111111112,0.6111
Donovan Mitchell,CLE,2025,60,0.5874928571428571,14.0,9.0,37.0,0.0,0.3833,0.6166666666666667,0.6167
Donovan Mitchell,CLE,2026,77,0.7,17.0,4.0,56.0,0.0,0.2727,0.7272727272727273,0.7273
Donte DiVincenzo,MIN,2025,33,0.540625,3.0,30.0,0.0,0.0,1.0,0.0,0.0
Donte DiVincenzo,MIN,2026,78,0.4368421052631579,21.0,57.0,0.0,0.0,1.0,0.0,0.0
Dorian Finney-Smith,BKN,2025,19,0.8300000000000001,0.0,19.0,0.0,0.0,1.0,0.0,0.0
Dorian Finney-Smith,HOU,2026,4,0.375,0.0,4.0,0.0,0.0,1.0,0.0,0.0
Dorian Finney-Smith,LAL,2025,33,0.7387714285714286,0.0,33.0,0.0,0.0,1.0,0.0,0.0
Doug McDermott,SAC,2025,4,1.5,0.0,4.0,0.0,0.0,1.0,0.0,0.0
Drake Powell,BKN,2026,4,0.375,4.0,0.0,0.0,0.0,1.0,0.0,0.0
Draymond Green,GSW,2025,54,0.4942307692307692,0.0,50.0,4.0,0.0,0.9259,0.07407407407407407,0.0741
Draymond Green,GSW,2026,58,0.6416692307692308,4.0,54.0,0.0,0.0,1.0,0.0,0.0
Drew Eubanks,UTA,2025,4,1.0,0.0,0.0,4.0,0.0,0.0,1.0,1.0
Drew Timme,BKN,2025,4,0.5,0.0,0.0,4.0,0.0,0.0,1.0,1.0
Dru Smith,MIA,2026,7,1.0625,0.0,7.0,0.0,0.0,1.0,0.0,0.0
Duncan Robinson,DET,2026,12,1.0,8.0,4.0,0.0,0.0,1.0,0.0,0.0
Duncan Robinson,MIA,2025,22,0.6041666666666666,7.0,8.0,7.0,0.0,0.6818,0.3181818181818182,0.3182
Duop Reath,POR,2025,9,0.675,0.0,9.0,0.0,0.0,1.0,0.0,0.0
Dwight Powell,DAL,2026,5,0.6,0.0,0.0,5.0,0.0,0.0,1.0,1.0
Dylan Cardwell,SAC,2026,8,0.375,0.0,0.0,8.0,0.0,0.0,1.0,1.0
Dylan Harper,SAS,2026,9,0.4444333333333333,0.0,0.0,9.0,0.0,0.0,1.0,1.0
Dyson Daniels,ATL,2025,16,0.7625,0.0,12.0,4.0,0.0,0.75,0.25,0.25
Dyson Daniels,ATL,2026,21,0.4194333333333333,0.0,14.0,7.0,0.0,0.6667,0.3333333333333333,0.3333
Egor Dëmin,BKN,2026,23,0.4722166666666667,14.0,9.0,0.0,0.0,1.0,0.0,0.0
Elijah Harkless,UTA,2026,4,0.375,4.0,0.0,0.0,0.0,1.0,0.0,0.0
Emoni Bates,CLE,2025,5,0.6,0.0,5.0,0.0,0.0,1.0,0.0,0.0
Eric Gordon,PHI,2025,19,0.7634,0.0,19.0,0.0,0.0,1.0,0.0,0.0
Eric Gordon,PHI,2026,3,1.0,0.0,3.0,0.0,0.0,1.0,0.0,0.0
Ethan Thompson,IND,2026,11,0.4166666666666667,7.0,4.0,0.0,0.0,1.0,0.0,0.0
Evan Mobley,CLE,2025,34,0.8629555555555556,9.0,10.0,15.0,0.0,0.5588,0.4411764705882353,0.4412
Evan Mobley,CLE,2026,40,0.6363636363636364,6.0,10.0,24.0,0.0,0.4,0.6,0.6
Franz Wagner,ORL,2025,35,0.5277777777777778,4.0,22.0,9.0,0.0,0.7429,0.2571428571428571,0.2571
Franz Wagner,ORL,2026,18,0.53334,8.0,3.0,7.0,0.0,0.6111,0.3888888888888889,0.3889
Fred VanVleet,HOU,2025,19,0.7266600000000001,6.0,13.0,0.0,0.0,1.0,0.0,0.0
GG Jackson,MEM,2026,15,0.375,0.0,7.0,8.0,0.0,0.4667,0.5333333333333333,0.5333
Gabe Vincent,LAL,2025,4,0.75,0.0,4.0,0.0,0.0,1.0,0.0,0.0
Garrison Mathews,ATL,2025,25,0.65625,13.0,12.0,0.0,0.0,1.0,0.0,0.0
Garrison Mathews,IND,2026,6,0.5,3.0,0.0,3.0,0.0,0.5,0.5,0.5
Gary Harris,MIL,2026,3,0.5,3.0,0.0,0.0,0.0,1.0,0.0,0.0
Gary Payton II,GSW,2025,4,0.375,0.0,4.0,0.0,0.0,1.0,0.0,0.0
Gary Payton II,GSW,2026,21,0.545,0.0,17.0,4.0,0.0,0.8095,0.19047619047619047,0.1905
Gary Trent Jr.,MIL,2025,66,0.5497375,11.0,52.0,3.0,0.0,0.9545,0.045454545454545456,0.0455
Gary Trent Jr.,MIL,2026,11,0.7555666666666667,0.0,8.0,3.0,0.0,0.7273,0.2727272727272727,0.2727
Georges Niang,ATL,2025,23,0.8949999999999999,5.0,18.0,0.0,0.0,1.0,0.0,0.0
Georges Niang,CLE,2025,31,0.709375,0.0,31.0,0.0,0.0,1.0,0.0,0.0
Giannis Antetokounmpo,MIL,2025,50,0.49405,13.0,0.0,37.0,0.0,0.26,0.74,0.74
Giannis Antetokounmpo,MIL,2026,20,0.7,0.0,0.0,20.0,0.0,0.0,1.0,1.0
Goga Bitadze,ORL,2025,14,0.625,0.0,0.0,10.0,4.0,0.0,1.0,1.0
Gradey Dick,TOR,2025,11,0.4583333333333333,11.0,0.0,0.0,0.0,1.0,0.0,0.0
Gradey Dick,TOR,2026,3,1.0,0.0,3.0,0.0,0.0,1.0,0.0,0.0
Grant Williams,CHA,2025,12,0.43333333333333335,0.0,12.0,0.0,0.0,1.0,0.0,0.0
Grayson Allen,PHX,2025,39,0.7583333333333333,0.0,39.0,0.0,0.0,1.0,0.0,0.0
Grayson Allen,PHX,2026,34,0.6625,0.0,34.0,0.0,0.0,1.0,0.0,0.0
Guerschon Yabusele,CHI,2026,4,0.375,4.0,0.0,0.0,0.0,1.0,0.0,0.0
Guerschon Yabusele,PHI,2025,17,0.8833399999999999,0.0,11.0,6.0,0.0,0.6471,0.35294117647058826,0.3529
Gui Santos,GSW,2025,8,1.125,0.0,8.0,0.0,0.0,1.0,0.0,0.0
Gui Santos,GSW,2026,20,0.635425,6.0,14.0,0.0,0.0,1.0,0.0,0.0
Harrison Barnes,SAS,2025,17,1.05,5.0,12.0,0.0,0.0,1.0,0.0,0.0
Harrison Barnes,SAS,2026,34,0.66667,3.0,28.0,3.0,0.0,0.9118,0.08823529411764706,0.0882
Haywood Highsmith,MIA,2025,27,0.35714285714285715,0.0,27.0,0.0,0.0,1.0,0.0,0.0
Herbert Jones,NOP,2025,24,0.6690428571428572,6.0,15.0,3.0,0.0,0.875,0.125,0.125
Herbert Jones,NOP,2026,24,0.65,0.0,24.0,0.0,0.0,1.0,0.0,0.0
Hugo González,BOS,2026,8,0.7,0.0,8.0,0.0,0.0,1.0,0.0,0.0
Immanuel Quickley,TOR,2026,66,0.6,0.0,63.0,3.0,0.0,0.9545,0.045454545454545456,0.0455
Isaac Okoro,CHI,2026,22,0.7430499999999999,0.0,22.0,0.0,0.0,1.0,0.0,0.0
Isaac Okoro,CLE,2025,12,0.625,0.0,12.0,0.0,0.0,1.0,0.0,0.0
Isaiah Collier,UTA,2025,3,0.3333,0.0,0.0,3.0,0.0,0.0,1.0,1.0
Isaiah Collier,UTA,2026,4,1.0,0.0,0.0,4.0,0.0,0.0,1.0,1.0
Isaiah Hartenstein,OKC,2025,43,0.7181818181818183,11.0,4.0,28.0,0.0,0.3488,0.6511627906976745,0.6512
Isaiah Hartenstein,OKC,2026,30,0.5785714285714285,10.0,3.0,17.0,0.0,0.4333,0.5666666666666667,0.5667
Isaiah Jackson,IND,2025,6,0.66665,0.0,0.0,6.0,0.0,0.0,1.0,1.0
Isaiah Jackson,IND,2026,4,1.0,0.0,0.0,4.0,0.0,0.0,1.0,1.0
Isaiah Joe,OKC,2025,27,0.5357142857142857,8.0,19.0,0.0,0.0,1.0,0.0,0.0
Isaiah Joe,OKC,2026,31,0.50695,10.0,21.0,0.0,0.0,1.0,0.0,0.0
Isaiah Stewart,DET,2025,8,0.8,0.0,0.0,8.0,0.0,0.0,1.0,1.0
Isaiah Stewart,DET,2026,25,0.5357142857142857,0.0,15.0,10.0,0.0,0.6,0.4,0.4
Ivica Zubac,LAC,2025,80,0.7086526315789473,12.0,0.0,68.0,0.0,0.15,0.85,0.85
Ivica Zubac,LAC,2026,31,0.53125,0.0,0.0,31.0,0.0,0.0,1.0,1.0
Ja Morant,MEM,2025,25,0.7736166666666667,0.0,4.0,21.0,0.0,0.16,0.84,0.84
Ja Morant,MEM,2026,21,0.6541833333333333,6.0,7.0,8.0,0.0,0.619,0.38095238095238093,0.381
Ja'Kobe Walter,TOR,2025,15,0.78125,0.0,15.0,0.0,0.0,1.0,0.0,0.0
Ja'Kobe Walter,TOR,2026,19,0.84375,9.0,10.0,0.0,0.0,1.0,0.0,0.0
Jabari Smith Jr.,HOU,2025,20,0.47334,4.0,5.0,11.0,0.0,0.45,0.55,0.55
Jabari Smith Jr.,HOU,2026,71,0.5527777777777777,49.0,18.0,4.0,0.0,0.9437,0.056338028169014086,0.0563
Jabari Walker,PHI,2026,11,0.6944333333333333,3.0,4.0,4.0,0.0,0.6364,0.36363636363636365,0.3636
Jabari Walker,POR,2025,4,1.375,0.0,4.0,0.0,0.0,1.0,0.0,0.0
Jaden Hardy,DAL,2025,26,0.5222166666666667,26.0,0.0,0.0,0.0,1.0,0.0,0.0
Jaden Hardy,DAL,2026,14,0.447925,7.0,7.0,0.0,0.0,1.0,0.0,0.0
Jaden Hardy,WAS,2026,8,0.5625,8.0,0.0,0.0,0.0,1.0,0.0,0.0
Jaden Ivey,DET,2025,7,0.6875,0.0,7.0,0.0,0.0,1.0,0.0,0.0
Jaden Ivey,DET,2026,13,0.8125,0.0,13.0,0.0,0.0,1.0,0.0,0.0
Jaden McDaniels,MIN,2025,42,0.39375,0.0,36.0,6.0,0.0,0.8571,0.14285714285714285,0.1429
Jaden McDaniels,MIN,2026,18,0.73834,3.0,10.0,5.0,0.0,0.7222,0.2777777777777778,0.2778
Jahmai Mashack,MEM,2026,4,0.375,0.0,4.0,0.0,0.0,1.0,0.0,0.0
Jaime Jaquez Jr.,MIA,2025,17,0.76666,0.0,6.0,11.0,0.0,0.3529,0.6470588235294118,0.6471
Jaime Jaquez Jr.,MIA,2026,45,0.7159749999999999,3.0,8.0,34.0,0.0,0.2444,0.7555555555555555,0.7556
Jake LaRavia,LAL,2026,21,0.60625,0.0,21.0,0.0,0.0,1.0,0.0,0.0
Jake LaRavia,SAC,2025,4,0.375,0.0,4.0,0.0,0.0,1.0,0.0,0.0
Jakob Poeltl,TOR,2025,39,0.56167,12.0,0.0,27.0,0.0,0.3077,0.6923076923076923,0.6923
Jakob Poeltl,TOR,2026,8,0.5,4.0,0.0,4.0,0.0,0.5,0.5,0.5
Jalen Brunson,NYK,2025,118,0.5853612903225807,40.0,0.0,78.0,0.0,0.339,0.6610169491525424,0.661
Jalen Brunson,NYK,2026,138,0.5321428571428571,33.0,4.0,101.0,0.0,0.2681,0.7318840579710145,0.7319
Jalen Duren,DET,2025,32,0.4952375,0.0,0.0,29.0,3.0,0.0,1.0,1.0
Jalen Duren,DET,2026,53,0.5904714285714286,0.0,0.0,53.0,0.0,0.0,1.0,1.0
Jalen Green,HOU,2025,70,0.5078666666666667,33.0,3.0,34.0,0.0,0.5143,0.4857142857142857,0.4857
Jalen Green,PHX,2026,8,0.8125,8.0,0.0,0.0,0.0,1.0,0.0,0.0
Jalen Johnson,ATL,2025,15,0.5625,4.0,7.0,4.0,0.0,0.7333,0.26666666666666666,0.2667
Jalen Johnson,ATL,2026,31,0.7037111111111112,9.0,16.0,6.0,0.0,0.8065,0.1935483870967742,0.1935
Jalen Pickett,DEN,2025,4,0.75,0.0,4.0,0.0,0.0,1.0,0.0,0.0
Jalen Pickett,DEN,2026,7,0.25,0.0,7.0,0.0,0.0,1.0,0.0,0.0
Jalen Slawson,IND,2026,4,0.75,0.0,4.0,0.0,0.0,1.0,0.0,0.0
Jalen Smith,CHI,2025,13,0.614575,0.0,10.0,3.0,0.0,0.7692,0.23076923076923078,0.2308
Jalen Smith,CHI,2026,22,0.4791666666666667,4.0,18.0,0.0,0.0,1.0,0.0,0.0
Jalen Suggs,ORL,2025,37,0.6037,7.0,27.0,3.0,0.0,0.9189,0.08108108108108109,0.0811
Jalen Suggs,ORL,2026,16,0.420825,0.0,13.0,3.0,0.0,0.8125,0.1875,0.1875
Jalen Williams,OKC,2025,47,0.5782076923076923,11.0,14.0,22.0,0.0,0.5319,0.46808510638297873,0.4681
Jalen Williams,OKC,2026,30,0.5926,7.0,0.0,23.0,0.0,0.2333,0.7666666666666667,0.7667
Jalen Wilson,BKN,2025,23,0.4523857142857143,6.0,14.0,3.0,0.0,0.8696,0.13043478260869565,0.1304
Jalen Wilson,BKN,2026,12,0.7000000000000001,0.0,12.0,0.0,0.0,1.0,0.0,0.0
Jamal Murray,DEN,2025,31,0.5100428571428571,15.0,0.0,16.0,0.0,0.4839,0.5161290322580645,0.5161
Jamal Murray,DEN,2026,80,0.6226190476190476,39.0,6.0,35.0,0.0,0.5625,0.4375,0.4375
Jamal Shead,TOR,2025,8,0.4375,0.0,4.0,4.0,0.0,0.5,0.5,0.5
Jamal Shead,TOR,2026,25,0.3690428571428571,0.0,19.0,6.0,0.0,0.76,0.24,0.24
Jamaree Bouyea,PHX,2026,7,0.875,0.0,7.0,0.0,0.0,1.0,0.0,0.0
James Harden,CLE,2026,18,0.64375,0.0,0.0,18.0,0.0,0.0,1.0,1.0
James Harden,LAC,2025,102,0.49199600000000004,13.0,0.0,89.0,0.0,0.1275,0.8725490196078431,0.8725
James Harden,LAC,2026,93,0.47999600000000003,14.0,0.0,79.0,0.0,0.1505,0.8494623655913979,0.8495
Jamir Watkins,WAS,2026,12,0.5,4.0,8.0,0.0,0.0,1.0,0.0,0.0
Jamison Battle,TOR,2025,11,0.5416666666666666,4.0,7.0,0.0,0.0,1.0,0.0,0.0
Jarace Walker,IND,2026,9,0.5,3.0,3.0,3.0,0.0,0.6667,0.3333333333333333,0.3333
Jared Butler,PHI,2025,13,0.6,0.0,9.0,4.0,0.0,0.6923,0.3076923076923077,0.3077
Jared Butler,WAS,2025,6,0.58335,0.0,3.0,3.0,0.0,0.5,0.5,0.5
Jared McCain,PHI,2025,4,0.75,0.0,4.0,0.0,0.0,1.0,0.0,0.0
Jared McCain,PHI,2026,6,0.75,0.0,6.0,0.0,0.0,1.0,0.0,0.0
Jared Rhoden,TOR,2025,4,0.75,4.0,0.0,0.0,0.0,1.0,0.0,0.0
Jaren Jackson Jr.,MEM,2025,159,0.5442275,0.0,67.0,92.0,0.0,0.4214,0.5786163522012578,0.5786
Jaren Jackson Jr.,MEM,2026,73,0.47541500000000003,0.0,42.0,31.0,0.0,0.5753,0.4246575342465753,0.4247
Jaren Jackson Jr.,UTA,2026,4,0.375,0.0,4.0,0.0,0.0,1.0,0.0,0.0
Jarred Vanderbilt,LAL,2026,3,0.5,0.0,3.0,0.0,0.0,1.0,0.0,0.0
Jarrett Allen,CLE,2025,65,0.7638944444444444,7.0,0.0,55.0,3.0,0.1077,0.8923076923076924,0.8923
Jarrett Allen,CLE,2026,43,0.5878818181818182,13.0,0.0,30.0,0.0,0.3023,0.6976744186046512,0.6977
Jase Richardson,ORL,2026,4,0.75,0.0,4.0,0.0,0.0,1.0,0.0,0.0
Javonte Green,CLE,2025,4,0.75,0.0,4.0,0.0,0.0,1.0,0.0,0.0
Javonte Green,DET,2026,28,0.7464285714285713,0.0,28.0,0.0,0.0,1.0,0.0,0.0
Jaxson Hayes,LAL,2025,5,0.8,0.0,0.0,5.0,0.0,0.0,1.0,1.0
Jaxson Hayes,LAL,2026,12,0.6833333333333332,0.0,0.0,12.0,0.0,0.0,1.0,1.0
Jay Huff,IND,2026,64,0.5588562499999999,0.0,57.0,7.0,0.0,0.8906,0.109375,0.1094
Jay Huff,MEM,2025,12,0.425,0.0,12.0,0.0,0.0,1.0,0.0,0.0
Jaylen Brown,BOS,2025,63,0.47695882352941177,18.0,11.0,34.0,0.0,0.4603,0.5396825396825397,0.5397
Jaylen Brown,BOS,2026,72,0.486665,28.0,0.0,44.0,0.0,0.3889,0.6111111111111112,0.6111
Jaylen Clark,MIN,2025,4,1.125,0.0,4.0,0.0,0.0,1.0,0.0,0.0
Jaylen Clark,MIN,2026,8,0.5625,4.0,4.0,0.0,0.0,1.0,0.0,0.0
Jaylen Wells,MEM,2025,39,0.36818181818181817,23.0,13.0,3.0,0.0,0.9231,0.07692307692307693,0.0769
Jaylen Wells,MEM,2026,27,0.5520875,14.0,10.0,3.0,0.0,0.8889,0.1111111111111111,0.1111
Jaylin Williams,OKC,2025,22,0.58055,0.0,22.0,0.0,0.0,1.0,0.0,0.0
Jaylin Williams,OKC,2026,54,0.5107166666666667,0.0,54.0,0.0,0.0,1.0,0.0,0.0
Jaylon Tyson,CLE,2025,5,0.3,0.0,5.0,0.0,0.0,1.0,0.0,0.0
Jaylon Tyson,CLE,2026,41,0.3825727272727273,15.0,16.0,10.0,0.0,0.7561,0.24390243902439024,0.2439
Jayson Tatum,BOS,2025,59,0.6297615384615385,22.0,0.0,37.0,0.0,0.3729,0.6271186440677966,0.6271
Jayson Tatum,BOS,2026,12,0.4166666666666667,8.0,0.0,4.0,0.0,0.6667,0.3333333333333333,0.3333
Jeff Green,HOU,2025,4,0.75,4.0,0.0,0.0,0.0,1.0,0.0,0.0
Jerami Grant,POR,2025,45,0.6854166666666667,31.0,9.0,5.0,0.0,0.8889,0.1111111111111111,0.1111
Jerami Grant,POR,2026,56,0.6230769230769231,19.0,31.0,6.0,0.0,0.8929,0.10714285714285714,0.1071
Jeremiah Fears,NOP,2026,26,0.6880857142857143,0.0,17.0,9.0,0.0,0.6538,0.34615384615384615,0.3462
Jeremiah Robinson-Earl,NOP,2025,7,0.1875,3.0,4.0,0.0,0.0,1.0,0.0,0.0
Jeremy Sochan,SAS,2025,28,0.647925,0.0,10.0,18.0,0.0,0.3571,0.6428571428571429,0.6429
Jericho Sims,MIL,2026,3,1.0,0.0,0.0,3.0,0.0,0.0,1.0,1.0
Jericho Sims,NYK,2025,4,0.5,0.0,0.0,4.0,0.0,0.0,1.0,1.0
Jett Howard,ORL,2025,11,0.6444333333333333,11.0,0.0,0.0,0.0,1.0,0.0,0.0
Jett Howard,ORL,2026,4,1.125,0.0,4.0,0.0,0.0,1.0,0.0,0.0
Jevon Carter,CHI,2025,3,1.0,0.0,3.0,0.0,0.0,1.0,0.0,0.0
Jevon Carter,ORL,2026,8,0.1875,0.0,8.0,0.0,0.0,1.0,0.0,0.0
Jimmy Butler,GSW,2025,4,0.375,0.0,4.0,0.0,0.0,1.0,0.0,0.0
Jimmy Butler,GSW,2026,7,0.70835,4.0,0.0,3.0,0.0,0.5714,0.42857142857142855,0.4286
Jimmy Butler,MIA,2025,3,0.8333,3.0,0.0,0.0,0.0,1.0,0.0,0.0
Jimmy Butler III,GSW,2025,4,0.375,0.0,4.0,0.0,0.0,1.0,0.0,0.0
Jimmy Butler III,GSW,2026,7,0.70835,4.0,0.0,3.0,0.0,0.5714,0.42857142857142855,0.4286
Jimmy Butler III,MIA,2025,3,0.8333,3.0,0.0,0.0,0.0,1.0,0.0,0.0
Joan Beringer,MIN,2026,9,0.45,0.0,0.0,9.0,0.0,0.0,1.0,1.0
Jock Landale,ATL,2026,4,0.5,0.0,0.0,4.0,0.0,0.0,1.0,1.0
Jock Landale,MEM,2026,36,0.622211111111111,11.0,16.0,9.0,0.0,0.75,0.25,0.25
Joel Embiid,PHI,2025,34,0.5583375,23.0,4.0,7.0,0.0,0.7941,0.20588235294117646,0.2059
Joel Embiid,PHI,2026,47,0.5173583333333333,22.0,16.0,9.0,0.0,0.8085,0.19148936170212766,0.1915
John Collins,LAC,2026,17,0.7375,0.0,17.0,0.0,0.0,1.0,0.0,0.0
John Collins,UTA,2025,30,0.8214285714285714,7.0,19.0,4.0,0.0,0.8667,0.13333333333333333,0.1333
John Konchar,UTA,2026,4,1.0,0.0,0.0,4.0,0.0,0.0,1.0,1.0
John Poulakidas,DAL,2026,5,0.6,0.0,5.0,0.0,0.0,1.0,0.0,0.0
Johnny Furphy,IND,2025,4,0.75,0.0,4.0,0.0,0.0,1.0,0.0,0.0
Johnny Juzang,UTA,2025,25,0.6825,25.0,0.0,0.0,0.0,1.0,0.0,0.0
Jonas Valanciunas,DEN,2026,18,0.65,0.0,0.0,18.0,0.0,0.0,1.0,1.0
Jonas Valanciunas,SAC,2025,13,0.6166666666666667,0.0,0.0,13.0,0.0,0.0,1.0,1.0
Jonas Valanciunas,WAS,2025,25,0.40475714285714287,0.0,3.0,22.0,0.0,0.12,0.88,0.88
Jonas Valančiūnas,DEN,2026,18,0.65,0.0,0.0,18.0,0.0,0.0,1.0,1.0
Jonas Valančiūnas,SAC,2025,13,0.6166666666666667,0.0,0.0,13.0,0.0,0.0,1.0,1.0
Jonas Valančiūnas,WAS,2025,25,0.40475714285714287,0.0,3.0,22.0,0.0,0.12,0.88,0.88
Jonathan Isaac,ORL,2025,9,0.525,0.0,5.0,4.0,0.0,0.5556,0.4444444444444444,0.4444
Jonathan Kuminga,ATL,2026,4,0.75,0.0,4.0,0.0,0.0,1.0,0.0,0.0
Jonathan Kuminga,GSW,2025,15,0.36666,6.0,6.0,3.0,0.0,0.8,0.2,0.2
Jonathan Kuminga,GSW,2026,3,0.5,0.0,3.0,0.0,0.0,1.0,0.0,0.0
Jordan Clarkson,NYK,2026,6,0.5,0.0,6.0,0.0,0.0,1.0,0.0,0.0
Jordan Clarkson,UTA,2025,14,0.33335,8.0,0.0,6.0,0.0,0.5714,0.42857142857142855,0.4286
Jordan Goodwin,LAL,2025,4,1.125,0.0,4.0,0.0,0.0,1.0,0.0,0.0
Jordan Goodwin,PHX,2026,30,0.640625,0.0,30.0,0.0,0.0,1.0,0.0,0.0
Jordan Hawkins,NOP,2025,6,1.0,3.0,3.0,0.0,0.0,1.0,0.0,0.0
Jordan Hawkins,NOP,2026,7,0.125,0.0,3.0,4.0,0.0,0.4286,0.5714285714285714,0.5714
Jordan Miller,LAC,2025,3,0.5,0.0,3.0,0.0,0.0,1.0,0.0,0.0
Jordan Miller,LAC,2026,4,0.5,0.0,0.0,4.0,0.0,0.0,1.0,1.0
Jordan Poole,NOP,2026,17,0.7,7.0,7.0,3.0,0.0,0.8235,0.17647058823529413,0.1765
Jordan Poole,WAS,2025,31,0.5481444444444444,8.0,13.0,10.0,0.0,0.6774,0.3225806451612903,0.3226
Jordan Walsh,BOS,2026,8,0.65,0.0,8.0,0.0,0.0,1.0,0.0,0.0
Jose Alvarado,NOP,2025,11,0.4166666666666667,0.0,11.0,0.0,0.0,1.0,0.0,0.0
Jose Alvarado,NOP,2026,7,0.4375,0.0,7.0,0.0,0.0,1.0,0.0,0.0
Josh Giddey,CHI,2025,37,0.26666666666666666,0.0,37.0,0.0,0.0,1.0,0.0,0.0
Josh Giddey,CHI,2026,51,0.48214285714285715,0.0,23.0,28.0,0.0,0.451,0.5490196078431373,0.549
Josh Green,CHA,2025,15,0.75625,12.0,3.0,0.0,0.0,1.0,0.0,0.0
Josh Hart,NYK,2025,27,0.6392857142857142,0.0,23.0,4.0,0.0,0.8519,0.14814814814814814,0.1481
Josh Hart,NYK,2026,14,0.4375,0.0,14.0,0.0,0.0,1.0,0.0,0.0
Josh Minott,BOS,2026,4,0.75,0.0,4.0,0.0,0.0,1.0,0.0,0.0
Josh Okogie,CHA,2025,4,0.375,0.0,4.0,0.0,0.0,1.0,0.0,0.0
Josh Okogie,HOU,2026,6,0.75,0.0,6.0,0.0,0.0,1.0,0.0,0.0
Josh Okogie,PHX,2025,3,0.5,0.0,3.0,0.0,0.0,1.0,0.0,0.0
Jrue Holiday,BOS,2025,24,0.6833333333333332,0.0,24.0,0.0,0.0,1.0,0.0,0.0
Jrue Holiday,POR,2026,17,0.73125,13.0,4.0,0.0,0.0,1.0,0.0,0.0
Julian Champagnie,SAS,2025,20,0.7638833333333334,14.0,3.0,3.0,0.0,0.85,0.15,0.15
Julian Champagnie,SAS,2026,34,0.6000000000000001,14.0,20.0,0.0,0.0,1.0,0.0,0.0
Julian Phillips,CHI,2025,15,0.46875,0.0,15.0,0.0,0.0,1.0,0.0,0.0
Julian Phillips,MIN,2026,4,0.75,0.0,4.0,0.0,0.0,1.0,0.0,0.0
Julian Reese,WAS,2026,12,0.5833333333333334,0.0,0.0,12.0,0.0,0.0,1.0,1.0
Julian Strawther,DEN,2025,16,0.55,0.0,16.0,0.0,0.0,1.0,0.0,0.0
Julian Strawther,DEN,2026,8,0.5625,0.0,8.0,0.0,0.0,1.0,0.0,0.0
Julius Randle,MIN,2025,37,0.6818181818181818,13.0,18.0,6.0,0.0,0.8378,0.16216216216216217,0.1622
Julius Randle,MIN,2026,31,0.3685222222222222,17.0,10.0,4.0,0.0,0.871,0.12903225806451613,0.129
Justin Champagnie,WAS,2025,14,1.0520749999999999,7.0,3.0,4.0,0.0,0.7143,0.2857142857142857,0.2857
Justin Champagnie,WAS,2026,10,1.0,0.0,6.0,4.0,0.0,0.6,0.4,0.4
Justin Edwards,PHI,2025,4,0.75,0.0,4.0,0.0,0.0,1.0,0.0,0.0
Justin Edwards,PHI,2026,19,0.705,15.0,4.0,0.0,0.0,1.0,0.0,0.0
Jusuf Nurkic,PHX,2025,3,0.3333,0.0,0.0,3.0,0.0,0.0,1.0,1.0
Jusuf Nurkic,UTA,2026,12,0.5639,0.0,4.0,8.0,0.0,0.3333,0.6666666666666666,0.6667
Jusuf Nurkić,PHX,2025,3,0.3333,0.0,0.0,3.0,0.0,0.0,1.0,1.0
Jusuf Nurkić,UTA,2026,12,0.5639,0.0,4.0,8.0,0.0,0.3333,0.6666666666666666,0.6667
KJ Martin,PHI,2025,7,0.54165,0.0,3.0,4.0,0.0,0.4286,0.5714285714285714,0.5714
KJ Martin,UTA,2025,8,0.5625,0.0,8.0,0.0,0.0,1.0,0.0,0.0
Karl-Anthony Towns,NYK,2025,60,0.6983333333333334,16.0,3.0,41.0,0.0,0.3167,0.6833333333333333,0.6833
Karl-Anthony Towns,NYK,2026,43,0.5916666666666667,11.0,17.0,15.0,0.0,0.6512,0.3488372093023256,0.3488
Karlo Matković,NOP,2026,8,0.25,0.0,3.0,5.0,0.0,0.375,0.625,0.625
Kasparas Jakučionis,MIA,2026,13,0.8250000000000001,5.0,8.0,0.0,0.0,1.0,0.0,0.0
Kawhi Leonard,LAC,2025,29,0.5142857142857143,16.0,5.0,8.0,0.0,0.7241,0.27586206896551724,0.2759
Kawhi Leonard,LAC,2026,52,0.5369071428571429,34.0,0.0,18.0,0.0,0.6538,0.34615384615384615,0.3462
Keaton Wallace,ATL,2025,4,0.75,0.0,4.0,0.0,0.0,1.0,0.0,0.0
Keegan Murray,SAC,2025,63,0.6014705882352941,10.0,53.0,0.0,0.0,1.0,0.0,0.0
Keegan Murray,SAC,2026,13,0.34375,6.0,7.0,0.0,0.0,1.0,0.0,0.0
Kel'el Ware,MIA,2025,31,0.7785714285714286,5.0,5.0,21.0,0.0,0.3226,0.6774193548387096,0.6774
Kel'el Ware,MIA,2026,36,0.6266700000000001,7.0,7.0,22.0,0.0,0.3889,0.6111111111111112,0.6111
Keldon Johnson,SAS,2025,13,0.375,0.0,3.0,10.0,0.0,0.2308,0.7692307692307693,0.7692
Keldon Johnson,SAS,2026,15,0.8125,0.0,12.0,3.0,0.0,0.8,0.2,0.2
Kelly Oubre Jr.,PHI,2025,21,0.7291666666666666,4.0,6.0,11.0,0.0,0.4762,0.5238095238095238,0.5238
Kelly Oubre Jr.,PHI,2026,21,0.63,13.0,8.0,0.0,0.0,1.0,0.0,0.0
Kennedy Chandler,UTA,2026,5,0.4,0.0,0.0,5.0,0.0,0.0,1.0,1.0
Kenrich Williams,OKC,2025,4,0.0,0.0,4.0,0.0,0.0,1.0,0.0,0.0
Kenrich Williams,OKC,2026,8,0.5166499999999999,5.0,0.0,3.0,0.0,0.625,0.375,0.375
Kentavious Caldwell-Pope,MEM,2026,9,0.5,9.0,0.0,0.0,0.0,1.0,0.0,0.0
Kentavious Caldwell-Pope,ORL,2025,20,0.875,4.0,13.0,3.0,0.0,0.85,0.15,0.15
Kenyon Martin Jr.,PHI,2025,7,0.54165,0.0,3.0,4.0,0.0,0.4286,0.5714285714285714,0.5714
Kenyon Martin Jr.,UTA,2025,8,0.5625,0.0,8.0,0.0,0.0,1.0,0.0,0.0
Keon Ellis,SAC,2025,15,0.9666666666666667,5.0,10.0,0.0,0.0,1.0,0.0,0.0
Keon Ellis,SAC,2026,8,0.375,8.0,0.0,0.0,0.0,1.0,0.0,0.0
Keon Johnson,BKN,2025,33,0.459375,17.0,16.0,0.0,0.0,1.0,0.0,0.0
Kevin Durant,HOU,2026,64,0.4604125,16.0,0.0,48.0,0.0,0.25,0.75,0.75
Kevin Durant,PHX,2025,60,0.5181352941176471,19.0,4.0,37.0,0.0,0.3833,0.6166666666666667,0.6167
Kevin Huerter,CHI,2025,12,0.7083333333333334,0.0,12.0,0.0,0.0,1.0,0.0,0.0
Kevin Huerter,CHI,2026,21,0.5625,14.0,7.0,0.0,0.0,1.0,0.0,0.0
Kevin Huerter,SAC,2025,6,1.25,0.0,6.0,0.0,0.0,1.0,0.0,0.0
Kevin Love,UTA,2026,20,0.6277833333333334,9.0,8.0,3.0,0.0,0.85,0.15,0.15
Kevin Porter Jr.,LAC,2025,9,0.3333333333333333,6.0,0.0,3.0,0.0,0.6667,0.3333333333333333,0.3333
Kevin Porter Jr.,MIL,2026,13,0.5416749999999999,10.0,0.0,3.0,0.0,0.7692,0.23076923076923078,0.2308
Kevon Looney,GSW,2025,10,0.3333333333333333,0.0,0.0,6.0,4.0,0.0,1.0,1.0
Keyonte George,UTA,2025,23,0.6805500000000001,8.0,8.0,7.0,0.0,0.6957,0.30434782608695654,0.3043
Keyonte George,UTA,2026,13,0.65625,10.0,0.0,3.0,0.0,0.7692,0.23076923076923078,0.2308
Khris Middleton,MIL,2025,6,0.3333,6.0,0.0,0.0,0.0,1.0,0.0,0.0
Khris Middleton,WAS,2026,12,0.666675,9.0,0.0,3.0,0.0,0.75,0.25,0.25
Killian Hayes,SAC,2026,4,0.5,4.0,0.0,0.0,0.0,1.0,0.0,0.0
Klay Thompson,DAL,2025,51,0.6488071428571428,32.0,15.0,4.0,0.0,0.9216,0.0784313725490196,0.0784
Klay Thompson,DAL,2026,54,0.6833333333333333,40.0,14.0,0.0,0.0,1.0,0.0,0.0
Kobe Brown,IND,2026,4,0.75,0.0,4.0,0.0,0.0,1.0,0.0,0.0
Kobe Brown,LAC,2026,5,0.3,0.0,5.0,0.0,0.0,1.0,0.0,0.0
Kobe Sanders,LAC,2026,7,1.04165,0.0,7.0,0.0,0.0,1.0,0.0,0.0
Kon Knueppel,CHA,2026,47,0.6935846153846155,17.0,27.0,3.0,0.0,0.9362,0.06382978723404255,0.0638
Kris Dunn,LAC,2025,44,0.4772727272727273,3.0,41.0,0.0,0.0,1.0,0.0,0.0
Kris Dunn,LAC,2026,42,0.5103222222222222,0.0,42.0,0.0,0.0,1.0,0.0,0.0
Kris Murray,POR,2025,4,0.375,0.0,4.0,0.0,0.0,1.0,0.0,0.0
Kris Murray,POR,2026,10,0.5833333333333334,0.0,10.0,0.0,0.0,1.0,0.0,0.0
Kristaps Porzingis,ATL,2026,4,0.75,0.0,4.0,0.0,0.0,1.0,0.0,0.0
Kristaps Porzingis,BOS,2025,51,0.5653846153846154,0.0,43.0,8.0,0.0,0.8431,0.1568627450980392,0.1569
Kristaps Porzingis,GSW,2026,14,0.7222333333333334,0.0,10.0,4.0,0.0,0.7143,0.2857142857142857,0.2857
Kristaps Porziņģis,ATL,2026,4,0.75,0.0,4.0,0.0,0.0,1.0,0.0,0.0
Kristaps Porziņģis,BOS,2025,51,0.5653846153846154,0.0,43.0,8.0,0.0,0.8431,0.1568627450980392,0.1569
Kristaps Porziņģis,GSW,2026,14,0.7222333333333334,0.0,10.0,4.0,0.0,0.7143,0.2857142857142857,0.2857
Kyle Anderson,GSW,2025,4,0.75,0.0,0.0,4.0,0.0,0.0,1.0,1.0
Kyle Filipowski,UTA,2025,13,0.30833333333333335,4.0,9.0,0.0,0.0,1.0,0.0,0.0
Kyle Filipowski,UTA,2026,11,0.625,4.0,7.0,0.0,0.0,1.0,0.0,0.0
Kyle Kuzma,MIL,2025,5,0.9,0.0,5.0,0.0,0.0,1.0,0.0,0.0
Kyle Kuzma,MIL,2026,12,0.5611,0.0,9.0,3.0,0.0,0.75,0.25,0.25
Kyle Kuzma,WAS,2025,20,0.31833999999999996,13.0,0.0,7.0,0.0,0.65,0.35,0.35
Kyrie Irving,DAL,2025,34,0.45832999999999996,6.0,0.0,28.0,0.0,0.1765,0.8235294117647058,0.8235
Kyshawn George,WAS,2025,19,0.36666,0.0,16.0,3.0,0.0,0.8421,0.15789473684210525,0.1579
Kyshawn George,WAS,2026,18,0.85,5.0,13.0,0.0,0.0,1.0,0.0,0.0
LJ Cryer,GSW,2026,4,0.375,0.0,4.0,0.0,0.0,1.0,0.0,0.0
LaMelo Ball,CHA,2025,61,0.5855533333333334,27.0,4.0,30.0,0.0,0.5082,0.4918032786885246,0.4918
LaMelo Ball,CHA,2026,72,0.6020749999999999,20.0,36.0,16.0,0.0,0.7778,0.2222222222222222,0.2222
Lamar Stevens,MEM,2025,6,0.25,0.0,6.0,0.0,0.0,1.0,0.0,0.0
Landry Shamet,NYK,2025,12,0.875,0.0,12.0,0.0,0.0,1.0,0.0,0.0
Landry Shamet,NYK,2026,23,0.53,0.0,23.0,0.0,0.0,1.0,0.0,0.0
Larry Nance Jr.,ATL,2025,23,0.8402833333333333,0.0,20.0,3.0,0.0,0.8696,0.13043478260869565,0.1304
Lauri Markkanen,UTA,2025,84,0.500415,56.0,13.0,15.0,0.0,0.8214,0.17857142857142858,0.1786
Lauri Markkanen,UTA,2026,70,0.5333333333333333,20.0,16.0,34.0,0.0,0.5143,0.4857142857142857,0.4857
LeBron James,LAL,2025,15,0.770825,11.0,0.0,4.0,0.0,0.7333,0.26666666666666666,0.2667
LeBron James,LAL,2026,25,0.6,9.0,0.0,16.0,0.0,0.36,0.64,0.64
Leaky Black,WAS,2026,4,0.375,0.0,4.0,0.0,0.0,1.0,0.0,0.0
Leonard Miller,CHI,2026,6,0.25,0.0,6.0,0.0,0.0,1.0,0.0,0.0
Liam McNeeley,CHA,2026,4,0.375,0.0,4.0,0.0,0.0,1.0,0.0,0.0
Lindy Waters III,DET,2025,4,0.0,4.0,0.0,0.0,0.0,1.0,0.0,0.0
Lindy Waters III,GSW,2025,13,0.8125,0.0,13.0,0.0,0.0,1.0,0.0,0.0
Lonnie Walker IV,PHI,2025,21,0.645,13.0,4.0,4.0,0.0,0.8095,0.19047619047619047,0.1905
Lonzo Ball,CHI,2025,13,0.53125,13.0,0.0,0.0,0.0,1.0,0.0,0.0
Lonzo Ball,CLE,2026,8,0.0,8.0,0.0,0.0,0.0,1.0,0.0,0.0
Lucas Williamson,MEM,2026,5,0.2,5.0,0.0,0.0,0.0,1.0,0.0,0.0
Luguentz Dort,OKC,2025,71,0.6532176470588235,28.0,43.0,0.0,0.0,1.0,0.0,0.0
Luguentz Dort,OKC,2026,52,0.5869083333333333,7.0,45.0,0.0,0.0,1.0,0.0,0.0
Luka Dončić,DAL,2025,39,0.44833,19.0,0.0,20.0,0.0,0.4872,0.5128205128205128,0.5128
Luka Dončić,LAL,2025,38,0.5833333333333334,30.0,0.0,8.0,0.0,0.7895,0.21052631578947367,0.2105
Luka Dončić,LAL,2026,160,0.5857166666666667,118.0,4.0,38.0,0.0,0.7625,0.2375,0.2375
Luka Garza,BOS,2026,26,0.8535714285714285,6.0,8.0,9.0,3.0,0.5385,0.46153846153846156,0.4615
Luke Kennard,ATL,2026,4,0.75,0.0,4.0,0.0,0.0,1.0,0.0,0.0
Luke Kennard,LAL,2026,9,0.6375,0.0,9.0,0.0,0.0,1.0,0.0,0.0
Luke Kennard,MEM,2025,10,0.9166666666666666,4.0,6.0,0.0,0.0,1.0,0.0,0.0
Luke Kornet,BOS,2025,12,0.8333333333333334,0.0,0.0,12.0,0.0,0.0,1.0,1.0
Luke Kornet,SAS,2026,3,0.3333,0.0,0.0,3.0,0.0,0.0,1.0,1.0
Malachi Smith,BKN,2026,4,0.0,0.0,4.0,0.0,0.0,1.0,0.0,0.0
Malaki Branham,SAS,2025,4,0.375,0.0,4.0,0.0,0.0,1.0,0.0,0.0
Malaki Branham,WAS,2026,3,0.3333,0.0,0.0,3.0,0.0,0.0,1.0,1.0
Malcolm Brogdon,WAS,2025,3,0.6667,0.0,0.0,3.0,0.0,0.0,1.0,1.0
Malik Beasley,DET,2025,82,0.4789666666666667,45.0,25.0,12.0,0.0,0.8537,0.14634146341463414,0.1463
Malik Monk,SAC,2025,31,0.390625,6.0,15.0,10.0,0.0,0.6774,0.3225806451612903,0.3226
Malik Monk,SAC,2026,12,0.5,8.0,4.0,0.0,0.0,1.0,0.0,0.0
Marcus Bagley,PHI,2025,4,0.375,0.0,4.0,0.0,0.0,1.0,0.0,0.0
Marcus Sasser,DET,2026,3,1.3333,0.0,3.0,0.0,0.0,1.0,0.0,0.0
Marcus Smart,LAL,2026,34,0.5331571428571429,0.0,34.0,0.0,0.0,1.0,0.0,0.0
Marcus Smart,MEM,2025,7,0.625,0.0,7.0,0.0,0.0,1.0,0.0,0.0
Mark Williams,CHA,2025,39,0.6166699999999999,7.0,0.0,28.0,4.0,0.1795,0.8205128205128205,0.8205
Mark Williams,PHX,2026,28,0.6547714285714286,0.0,0.0,28.0,0.0,0.0,1.0,1.0
Marvin Bagley III,DAL,2026,8,1.125,0.0,8.0,0.0,0.0,1.0,0.0,0.0
Marvin Bagley III,WAS,2026,14,0.770825,0.0,0.0,14.0,0.0,0.0,1.0,1.0
Mason Plumlee,PHX,2025,3,1.0,0.0,0.0,3.0,0.0,0.0,1.0,1.0
Matas Buzelis,CHI,2025,19,0.3,7.0,8.0,4.0,0.0,0.7895,0.21052631578947367,0.2105
Matas Buzelis,CHI,2026,25,0.5119,15.0,10.0,0.0,0.0,1.0,0.0,0.0
Matisse Thybulle,POR,2025,5,1.2,0.0,5.0,0.0,0.0,1.0,0.0,0.0
Matisse Thybulle,POR,2026,8,0.875,0.0,8.0,0.0,0.0,1.0,0.0,0.0
Max Christie,DAL,2026,19,0.15,15.0,4.0,0.0,0.0,1.0,0.0,0.0
Max Christie,LAL,2025,12,0.7083333333333334,4.0,8.0,0.0,0.0,1.0,0.0,0.0
Max Strus,CLE,2025,8,0.9375,4.0,4.0,0.0,0.0,1.0,0.0,0.0
Max Strus,CLE,2026,5,0.3,5.0,0.0,0.0,0.0,1.0,0.0,0.0
Maxime Raynaud,SAC,2026,48,0.6570615384615385,19.0,4.0,25.0,0.0,0.4792,0.5208333333333334,0.5208
Micah Peavy,NOP,2026,3,0.0,0.0,3.0,0.0,0.0,1.0,0.0,0.0
Micah Potter,IND,2026,23,0.7708333333333334,0.0,19.0,4.0,0.0,0.8261,0.17391304347826086,0.1739
Micah Potter,UTA,2025,7,0.625,0.0,7.0,0.0,0.0,1.0,0.0,0.0
Michael Porter Jr.,BKN,2026,158,0.5824083333333333,29.0,0.0,129.0,0.0,0.1835,0.8164556962025317,0.8165
Michael Porter Jr.,DEN,2025,74,0.7412210526315789,21.0,6.0,47.0,0.0,0.3649,0.6351351351351351,0.6351
Mikal Bridges,NYK,2025,87,0.64345,64.0,15.0,8.0,0.0,0.908,0.09195402298850575,0.092
Mikal Bridges,NYK,2026,50,0.5601071428571428,38.0,0.0,12.0,0.0,0.76,0.24,0.24
Mike Conley,MIN,2025,3,0.5,0.0,3.0,0.0,0.0,1.0,0.0,0.0
Mike Conley,MIN,2026,7,0.8125,0.0,7.0,0.0,0.0,1.0,0.0,0.0
Miles Bridges,CHA,2025,39,0.5075818181818182,4.0,11.0,24.0,0.0,0.3846,0.6153846153846154,0.6154
Miles Bridges,CHA,2026,33,0.6,6.0,21.0,6.0,0.0,0.8182,0.18181818181818182,0.1818
Miles Kelly,DAL,2026,4,0.375,0.0,4.0,0.0,0.0,1.0,0.0,0.0
Miles McBride,NYK,2025,4,0.75,4.0,0.0,0.0,0.0,1.0,0.0,0.0
Miles McBride,NYK,2026,8,0.6875,4.0,4.0,0.0,0.0,1.0,0.0,0.0
Mitchell Robinson,NYK,2025,4,0.5,0.0,0.0,4.0,0.0,0.0,1.0,1.0
Mo Bamba,LAC,2025,7,0.1875,0.0,7.0,0.0,0.0,1.0,0.0,0.0
Mohamed Diawara,NYK,2026,14,0.708325,0.0,11.0,3.0,0.0,0.7857,0.21428571428571427,0.2143
Monte Morris,PHX,2025,3,0.0,0.0,3.0,0.0,0.0,1.0,0.0,0.0
Monté Morris,PHX,2025,3,0.0,0.0,3.0,0.0,0.0,1.0,0.0,0.0
Moses Moody,GSW,2025,24,0.2791666666666667,17.0,4.0,3.0,0.0,0.875,0.125,0.125
Moses Moody,GSW,2026,39,0.8574999999999999,24.0,12.0,3.0,0.0,0.9231,0.07692307692307693,0.0769
Mouhamed Gueye,ATL,2025,4,0.625,0.0,4.0,0.0,0.0,1.0,0.0,0.0
Mouhamed Gueye,ATL,2026,4,0.75,0.0,4.0,0.0,0.0,1.0,0.0,0.0
Moussa Cisse,DAL,2026,6,0.5,0.0,0.0,6.0,0.0,0.0,1.0,1.0
Moussa Diabate,CHA,2025,4,0.5,0.0,0.0,4.0,0.0,0.0,1.0,1.0
Moussa Diabate,CHA,2026,6,0.83335,0.0,0.0,6.0,0.0,0.0,1.0,1.0
Moussa Diabaté,CHA,2025,4,0.5,0.0,0.0,4.0,0.0,0.0,1.0,1.0
Moussa Diabaté,CHA,2026,6,0.83335,0.0,0.0,6.0,0.0,0.0,1.0,1.0
Myles Turner,IND,2025,91,0.4895833333333333,25.0,60.0,6.0,0.0,0.9341,0.06593406593406594,0.0659
Myles Turner,MIL,2026,91,0.6510375,16.0,71.0,4.0,0.0,0.956,0.04395604395604396,0.044
Nae'Qwan Tomlin,CLE,2026,10,0.6875,0.0,10.0,0.0,0.0,1.0,0.0,0.0
Naji Marshall,DAL,2025,23,0.60334,3.0,15.0,5.0,0.0,0.7826,0.21739130434782608,0.2174
Naji Marshall,DAL,2026,17,0.4375,0.0,3.0,14.0,0.0,0.1765,0.8235294117647058,0.8235
Naz Reid,MIN,2025,67,0.4611133333333333,11.0,48.0,8.0,0.0,0.8806,0.11940298507462686,0.1194
Naz Reid,MIN,2026,51,0.60278,6.0,38.0,7.0,0.0,0.8627,0.13725490196078433,0.1373
Neemias Queta,BOS,2025,14,0.8611,0.0,0.0,14.0,0.0,0.0,1.0,1.0
Neemias Queta,BOS,2026,33,0.7148222222222222,3.0,0.0,30.0,0.0,0.0909,0.9090909090909091,0.9091
Nic Claxton,BKN,2025,8,0.625,0.0,0.0,8.0,0.0,0.0,1.0,1.0
Nic Claxton,BKN,2026,6,1.0,0.0,0.0,6.0,0.0,0.0,1.0,1.0
Nick Richards,CHA,2025,15,0.804175,0.0,0.0,15.0,0.0,0.0,1.0,1.0
Nick Richards,CHI,2026,8,0.25,0.0,0.0,8.0,0.0,0.0,1.0,1.0
Nick Richards,PHX,2025,16,0.43333333333333335,0.0,0.0,16.0,0.0,0.0,1.0,1.0
Nick Smith Jr.,CHA,2025,26,0.49583333333333335,5.0,21.0,0.0,0.0,1.0,0.0,0.0
Nick Smith Jr.,LAL,2026,15,0.714575,3.0,8.0,4.0,0.0,0.7333,0.26666666666666666,0.2667
Nickeil Alexander-Walker,ATL,2026,50,0.6785714285714286,30.0,13.0,7.0,0.0,0.86,0.14,0.14
Nickeil Alexander-Walker,MIN,2025,25,0.7083333333333334,15.0,10.0,0.0,0.0,1.0,0.0,0.0
Nicolas Batum,LAC,2025,5,0.3,0.0,5.0,0.0,0.0,1.0,0.0,0.0
Nicolas Batum,LAC,2026,16,0.8375,0.0,16.0,0.0,0.0,1.0,0.0,0.0
Nikola Jokić,DEN,2025,156,0.6485076923076922,35.0,39.0,82.0,0.0,0.4744,0.5256410256410257,0.5256
Nikola Jokić,DEN,2026,114,0.6339692307692307,32.0,7.0,75.0,0.0,0.3421,0.6578947368421053,0.6579
Nikola Jović,MIA,2025,12,0.6166666666666667,0.0,12.0,0.0,0.0,1.0,0.0,0.0
Nikola Jović,MIA,2026,16,0.6,6.0,10.0,0.0,0.0,1.0,0.0,0.0
Nikola Vucevic,CHI,2025,106,0.4758892857142857,23.0,70.0,13.0,0.0,0.8774,0.12264150943396226,0.1226
Nikola Vucevic,CHI,2026,59,0.6985294117647058,7.0,36.0,16.0,0.0,0.7288,0.2711864406779661,0.2712
Nikola Vučević,CHI,2025,106,0.4997,20.0,73.0,13.0,0.0,0.8774,0.12264150943396226,0.1226
Nikola Vučević,CHI,2026,59,0.6985294117647058,7.0,36.0,16.0,0.0,0.7288,0.2711864406779661,0.2712
Nique Clifford,SAC,2026,4,0.375,0.0,4.0,0.0,0.0,1.0,0.0,0.0
Noah Clowney,BKN,2025,47,0.7181818181818183,14.0,33.0,0.0,0.0,1.0,0.0,0.0
Noah Clowney,BKN,2026,57,0.6566666666666666,21.0,28.0,8.0,0.0,0.8596,0.14035087719298245,0.1404
Nolan Traore,BKN,2026,8,0.625,4.0,0.0,4.0,0.0,0.5,0.5,0.5
Norman Powell,LAC,2025,41,0.6704545454545454,4.0,8.0,29.0,0.0,0.2927,0.7073170731707317,0.7073
Norman Powell,MIA,2026,42,0.5865384615384616,10.0,4.0,28.0,0.0,0.3333,0.6666666666666666,0.6667
OG Anunoby,NYK,2025,75,0.575878947368421,36.0,35.0,4.0,0.0,0.9467,0.05333333333333334,0.0533
OG Anunoby,NYK,2026,63,0.49611333333333335,17.0,42.0,4.0,0.0,0.9365,0.06349206349206349,0.0635
Obi Toppin,IND,2025,36,0.8111111111111111,0.0,32.0,4.0,0.0,0.8889,0.1111111111111111,0.1111
Obi Toppin,IND,2026,12,0.875,0.0,12.0,0.0,0.0,1.0,0.0,0.0
Ochai Agbaji,BKN,2026,8,0.5625,0.0,8.0,0.0,0.0,1.0,0.0,0.0
Ochai Agbaji,TOR,2025,28,0.7678571428571429,4.0,24.0,0.0,0.0,1.0,0.0,0.0
Ochai Agbaji,TOR,2026,7,0.4375,0.0,7.0,0.0,0.0,1.0,0.0,0.0
Olivier-Maxence Prosper,DAL,2025,4,0.0,0.0,4.0,0.0,0.0,1.0,0.0,0.0
Olivier-Maxence Prosper,MEM,2026,32,0.9117285714285713,0.0,32.0,0.0,0.0,1.0,0.0,0.0
Onyeka Okongwu,ATL,2025,24,0.5237999999999999,0.0,10.0,14.0,0.0,0.4167,0.5833333333333334,0.5833
Onyeka Okongwu,ATL,2026,74,0.7044941176470588,0.0,55.0,19.0,0.0,0.7432,0.25675675675675674,0.2568
Orlando Robinson,TOR,2025,4,0.75,0.0,0.0,4.0,0.0,0.0,1.0,1.0
Oscar Tshiebwe,UTA,2025,4,1.0,0.0,0.0,4.0,0.0,0.0,1.0,1.0
Oscar Tshiebwe,UTA,2026,4,0.5,0.0,0.0,4.0,0.0,0.0,1.0,1.0
Oso Ighodaro,PHX,2025,9,0.525,0.0,0.0,9.0,0.0,0.0,1.0,1.0
Oso Ighodaro,PHX,2026,3,0.3333,0.0,0.0,3.0,0.0,0.0,1.0,1.0
Ousmane Dieng,MIL,2026,13,0.6416666666666667,0.0,8.0,5.0,0.0,0.6154,0.38461538461538464,0.3846
Ousmane Dieng,OKC,2025,10,0.5833333333333334,0.0,10.0,0.0,0.0,1.0,0.0,0.0
P.J. Washington,DAL,2025,24,0.5309428571428572,3.0,12.0,9.0,0.0,0.625,0.375,0.375
P.J. Washington,DAL,2026,39,0.6125,0.0,11.0,28.0,0.0,0.2821,0.717948717948718,0.7179
PJ Hall,CHA,2026,4,1.0,0.0,0.0,4.0,0.0,0.0,1.0,1.0
Pacôme Dadiet,NYK,2025,4,1.125,0.0,4.0,0.0,0.0,1.0,0.0,0.0
Paolo Banchero,ORL,2025,31,0.6197875,12.0,0.0,19.0,0.0,0.3871,0.6129032258064516,0.6129
Paolo Banchero,ORL,2026,38,0.42273636363636363,10.0,3.0,25.0,0.0,0.3421,0.6578947368421053,0.6579
Pascal Siakam,IND,2025,40,0.7325,4.0,36.0,0.0,0.0,1.0,0.0,0.0
Pascal Siakam,IND,2026,50,0.6047642857142856,14.0,10.0,26.0,0.0,0.48,0.52,0.52
Pat Spencer,GSW,2026,6,0.5,0.0,0.0,6.0,0.0,0.0,1.0,1.0
Patrick Williams,CHI,2025,25,0.4940428571428571,4.0,18.0,3.0,0.0,0.88,0.12,0.12
Patrick Williams,CHI,2026,13,0.71875,0.0,13.0,0.0,0.0,1.0,0.0,0.0
Paul George,PHI,2025,19,0.7013833333333332,3.0,10.0,6.0,0.0,0.6842,0.3157894736842105,0.3158
Paul George,PHI,2026,23,0.8541666666666666,19.0,0.0,4.0,0.0,0.8261,0.17391304347826086,0.1739
Paul Reed,DET,2025,4,0.5,4.0,0.0,0.0,0.0,1.0,0.0,0.0
Payton Pritchard,BOS,2025,50,0.6557692307692308,10.0,40.0,0.0,0.0,1.0,0.0,0.0
Payton Pritchard,BOS,2026,41,0.6492454545454546,14.0,24.0,3.0,0.0,0.9268,0.07317073170731707,0.0732
Pelle Larsson,MIA,2025,8,0.375,0.0,8.0,0.0,0.0,1.0,0.0,0.0
Pelle Larsson,MIA,2026,9,0.3375,0.0,9.0,0.0,0.0,1.0,0.0,0.0
Pete Nance,MIL,2025,6,1.0,0.0,6.0,0.0,0.0,1.0,0.0,0.0
Pete Nance,MIL,2026,7,0.625,0.0,7.0,0.0,0.0,1.0,0.0,0.0
Peyton Watson,DEN,2025,8,0.1875,0.0,8.0,0.0,0.0,1.0,0.0,0.0
Peyton Watson,DEN,2026,29,0.6062857142857142,4.0,19.0,6.0,0.0,0.7931,0.20689655172413793,0.2069
Precious Achiuwa,NYK,2025,12,0.5499999999999999,0.0,3.0,9.0,0.0,0.25,0.75,0.75
Precious Achiuwa,SAC,2026,20,0.66666,7.0,0.0,13.0,0.0,0.35,0.65,0.65
Quentin Grimes,DAL,2025,10,0.9722,7.0,0.0,3.0,0.0,0.7,0.3,0.3
Quentin Grimes,PHI,2025,9,0.25,5.0,0.0,4.0,0.0,0.5556,0.4444444444444444,0.4444
Quentin Grimes,PHI,2026,15,1.05625,8.0,3.0,4.0,0.0,0.7333,0.26666666666666666,0.2667
Quenton Jackson,IND,2026,3,1.0,0.0,3.0,0.0,0.0,1.0,0.0,0.0
Quinten Post,GSW,2025,22,0.6900000000000001,0.0,22.0,0.0,0.0,1.0,0.0,0.0
Quinten Post,GSW,2026,38,0.6738111111111111,8.0,30.0,0.0,0.0,1.0,0.0,0.0
RJ Barrett,TOR,2025,24,0.6071428571428571,0.0,0.0,21.0,3.0,0.0,1.0,1.0
RJ Barrett,TOR,2026,34,0.625,0.0,21.0,13.0,0.0,0.6176,0.38235294117647056,0.3824
Rasheer Fleming,PHX,2026,7,0.3125,4.0,3.0,0.0,0.0,1.0,0.0,0.0
RayJ Dennis,IND,2025,4,0.375,0.0,4.0,0.0,0.0,1.0,0.0,0.0
RayJ Dennis,IND,2026,3,0.5,0.0,3.0,0.0,0.0,1.0,0.0,0.0
Rayan Rupert,MEM,2026,4,0.375,0.0,4.0,0.0,0.0,1.0,0.0,0.0
Reece Beekman,BKN,2025,4,0.0,0.0,4.0,0.0,0.0,1.0,0.0,0.0
Reed Sheppard,HOU,2025,3,0.5,3.0,0.0,0.0,0.0,1.0,0.0,0.0
Reed Sheppard,HOU,2026,35,0.55583,7.0,25.0,3.0,0.0,0.9143,0.08571428571428572,0.0857
Ricky Council IV,PHI,2025,8,0.3125,0.0,8.0,0.0,0.0,1.0,0.0,0.0
Rob Dillingham,CHI,2026,4,0.75,0.0,4.0,0.0,0.0,1.0,0.0,0.0
Rob Dillingham,MIN,2025,8,0.25,0.0,0.0,8.0,0.0,0.0,1.0,1.0
Robert Williams III,POR,2026,9,0.675,0.0,0.0,9.0,0.0,0.0,1.0,1.0
Ron Harper Jr.,BOS,2026,4,0.0,0.0,4.0,0.0,0.0,1.0,0.0,0.0
Ron Harper Jr.,DET,2025,4,0.0,0.0,4.0,0.0,0.0,1.0,0.0,0.0
Ronald Holland II,DET,2025,7,0.375,0.0,7.0,0.0,0.0,1.0,0.0,0.0
Ronald Holland II,DET,2026,26,0.33571428571428574,0.0,26.0,0.0,0.0,1.0,0.0,0.0
Royce O'Neale,PHX,2025,83,0.5904777777777778,0.0,83.0,0.0,0.0,1.0,0.0,0.0
Royce O'Neale,PHX,2026,77,0.75,0.0,77.0,0.0,0.0,1.0,0.0,0.0
Rudy Gobert,MIN,2025,80,0.7665294117647059,4.0,0.0,76.0,0.0,0.05,0.95,0.95
Rudy Gobert,MIN,2026,42,0.6166699999999999,0.0,0.0,42.0,0.0,0.0,1.0,1.0
Rui Hachimura,LAL,2025,21,0.5347166666666666,11.0,10.0,0.0,0.0,1.0,0.0,0.0
Rui Hachimura,LAL,2026,38,0.6694444444444445,0.0,38.0,0.0,0.0,1.0,0.0,0.0
Russell Westbrook,DEN,2025,49,0.584025,0.0,34.0,15.0,0.0,0.6939,0.30612244897959184,0.3061
Russell Westbrook,SAC,2026,82,0.45952857142857145,21.0,52.0,9.0,0.0,0.8902,0.10975609756097561,0.1098
Ryan Dunn,PHX,2025,28,0.6821428571428572,3.0,25.0,0.0,0.0,1.0,0.0,0.0
Ryan Dunn,PHX,2026,7,0.25,0.0,7.0,0.0,0.0,1.0,0.0,0.0
Ryan Kalkbrenner,CHA,2026,11,0.9166666666666666,0.0,0.0,11.0,0.0,0.0,1.0,1.0
Ryan Nembhard,DAL,2026,4,0.0,0.0,4.0,0.0,0.0,1.0,0.0,0.0
Ryan Rollins,MIL,2025,8,0.85,0.0,8.0,0.0,0.0,1.0,0.0,0.0
Ryan Rollins,MIL,2026,41,0.42045454545454547,16.0,13.0,12.0,0.0,0.7073,0.2926829268292683,0.2927
Saddiq Bey,NOP,2026,27,0.6093625,11.0,10.0,6.0,0.0,0.7778,0.2222222222222222,0.2222
Sam Hauser,BOS,2025,11,0.4166666666666667,0.0,11.0,0.0,0.0,1.0,0.0,0.0
Sam Hauser,BOS,2026,31,0.75,0.0,31.0,0.0,0.0,1.0,0.0,0.0
Sam Merrill,CLE,2025,10,0.7916666666666666,3.0,7.0,0.0,0.0,1.0,0.0,0.0
Sam Merrill,CLE,2026,27,0.5892857142857143,20.0,7.0,0.0,0.0,1.0,0.0,0.0
Sandro Mamukelashvili,SAS,2025,8,0.75,0.0,8.0,0.0,0.0,1.0,0.0,0.0
Sandro Mamukelashvili,TOR,2026,32,0.5851777777777778,0.0,25.0,7.0,0.0,0.7812,0.21875,0.2188
Santi Aldama,MEM,2025,23,0.3541666666666667,7.0,16.0,0.0,0.0,1.0,0.0,0.0
Santi Aldama,MEM,2026,27,0.8095285714285715,10.0,13.0,4.0,0.0,0.8519,0.14814814814814814,0.1481
Scoot Henderson,POR,2025,14,0.489575,3.0,4.0,7.0,0.0,0.5,0.5,0.5
Scoot Henderson,POR,2026,4,0.75,0.0,4.0,0.0,0.0,1.0,0.0,0.0
Scottie Barnes,TOR,2025,27,0.5714285714285714,7.0,4.0,16.0,0.0,0.4074,0.5925925925925926,0.5926
Scottie Barnes,TOR,2026,44,0.6826416666666666,18.0,5.0,21.0,0.0,0.5227,0.4772727272727273,0.4773
Scotty Pippen Jr.,MEM,2025,25,0.8571428571428571,3.0,9.0,13.0,0.0,0.48,0.52,0.52
Seth Curry,CHA,2025,4,0.375,0.0,4.0,0.0,0.0,1.0,0.0,0.0
Shaedon Sharpe,POR,2025,15,0.25,4.0,4.0,7.0,0.0,0.5333,0.4666666666666667,0.4667
Shaedon Sharpe,POR,2026,29,0.2927,12.0,4.0,13.0,0.0,0.5517,0.4482758620689655,0.4483
Shai Gilgeous-Alexander,OKC,2025,191,0.5499978723404255,86.0,0.0,105.0,0.0,0.4503,0.5497382198952879,0.5497
Shai Gilgeous-Alexander,OKC,2026,201,0.6040895833333334,110.0,7.0,84.0,0.0,0.5821,0.417910447761194,0.4179
Sidy Cissoko,POR,2026,13,0.425,0.0,13.0,0.0,0.0,1.0,0.0,0.0
Simone Fontecchio,DET,2025,9,0.675,9.0,0.0,0.0,0.0,1.0,0.0,0.0
Simone Fontecchio,MIA,2026,21,0.575,18.0,3.0,0.0,0.0,1.0,0.0,0.0
Sion James,CHA,2026,4,0.75,0.0,4.0,0.0,0.0,1.0,0.0,0.0
Spencer Dinwiddie,DAL,2025,8,0.4375,4.0,0.0,4.0,0.0,0.5,0.5,0.5
Spencer Jones,DEN,2026,18,0.8,10.0,8.0,0.0,0.0,1.0,0.0,0.0
Stephen Curry,GSW,2025,57,0.6226142857142857,43.0,7.0,7.0,0.0,0.8772,0.12280701754385964,0.1228
Stephen Curry,GSW,2026,50,0.6743538461538462,21.0,11.0,18.0,0.0,0.64,0.36,0.36
Stephon Castle,SAS,2025,25,0.5277833333333334,4.0,18.0,3.0,0.0,0.88,0.12,0.12
Stephon Castle,SAS,2026,47,0.5775615384615385,0.0,29.0,18.0,0.0,0.617,0.3829787234042553,0.383
Steven Adams,HOU,2025,4,0.5,0.0,0.0,4.0,0.0,0.0,1.0,1.0
Svi Mykhailiuk,UTA,2025,7,0.97915,4.0,3.0,0.0,0.0,1.0,0.0,0.0
Svi Mykhailiuk,UTA,2026,12,0.5027666666666667,5.0,4.0,3.0,0.0,0.75,0.25,0.25
T.J. McConnell,IND,2025,7,0.375,0.0,0.0,7.0,0.0,0.0,1.0,1.0
T.J. McConnell,IND,2026,9,0.5555666666666667,9.0,0.0,0.0,0.0,1.0,0.0,0.0
Taelon Peter,IND,2026,20,0.675,0.0,20.0,0.0,0.0,1.0,0.0,0.0
Talen Horton-Tucker,CHI,2025,4,0.5,0.0,0.0,4.0,0.0,0.0,1.0,1.0
Tari Eason,HOU,2025,30,0.6142857142857142,5.0,21.0,4.0,0.0,0.8667,0.13333333333333333,0.1333
Tari Eason,HOU,2026,20,0.55,4.0,12.0,4.0,0.0,0.8,0.2,0.2
Taurean Prince,MIL,2026,5,0.3,5.0,0.0,0.0,0.0,1.0,0.0,0.0
Taylor Hendricks,UTA,2026,3,1.5,0.0,3.0,0.0,0.0,1.0,0.0,0.0
Terance Mann,BKN,2026,3,0.0,0.0,3.0,0.0,0.0,1.0,0.0,0.0
Terance Mann,LAC,2025,3,0.3333,0.0,0.0,3.0,0.0,0.0,1.0,1.0
Terrence Shannon Jr.,MIN,2026,3,1.0,0.0,3.0,0.0,0.0,1.0,0.0,0.0
Terry Rozier,MIA,2025,16,0.575,8.0,0.0,8.0,0.0,0.5,0.5,0.5
Thomas Bryant,CLE,2026,16,0.625,0.0,12.0,4.0,0.0,0.75,0.25,0.25
Thomas Bryant,IND,2025,14,0.78125,0.0,11.0,3.0,0.0,0.7857,0.21428571428571427,0.2143
Tidjane Salaün,CHA,2025,11,0.4583333333333333,4.0,7.0,0.0,0.0,1.0,0.0,0.0
Tidjane Salaün,CHA,2026,13,0.78125,0.0,13.0,0.0,0.0,1.0,0.0,0.0
Tim Hardaway Jr.,DEN,2026,36,0.5375,18.0,18.0,0.0,0.0,1.0,0.0,0.0
Tim Hardaway Jr.,DET,2025,30,0.9375,12.0,18.0,0.0,0.0,1.0,0.0,0.0
Tobias Harris,DET,2025,16,0.302075,3.0,9.0,4.0,0.0,0.75,0.25,0.25
Tobias Harris,DET,2026,30,0.5625,4.0,26.0,0.0,0.0,1.0,0.0,0.0
Toby Okani,MEM,2026,4,0.75,0.0,4.0,0.0,0.0,1.0,0.0,0.0
Tolu Smith,DET,2025,4,0.5,0.0,0.0,4.0,0.0,0.0,1.0,1.0
Torrey Craig,CHI,2025,6,0.75,0.0,6.0,0.0,0.0,1.0,0.0,0.0
Toumani Camara,POR,2025,44,0.5875,0.0,44.0,0.0,0.0,1.0,0.0,0.0
Toumani Camara,POR,2026,104,0.6544384615384615,11.0,90.0,3.0,0.0,0.9712,0.028846153846153848,0.0288
Trae Young,ATL,2025,69,0.6115722222222222,21.0,11.0,37.0,0.0,0.4638,0.5362318840579711,0.5362
Trae Young,ATL,2026,8,0.5625,8.0,0.0,0.0,0.0,1.0,0.0,0.0
Trayce Jackson-Davis,GSW,2025,31,0.5980166666666666,0.0,0.0,31.0,0.0,0.0,1.0,1.0
Trayce Jackson-Davis,GSW,2026,7,0.70835,0.0,0.0,7.0,0.0,0.0,1.0,1.0
Tre Johnson,WAS,2026,10,0.40276666666666666,3.0,4.0,3.0,0.0,0.7,0.3,0.3
Tre Jones,CHI,2025,4,0.5,0.0,0.0,4.0,0.0,0.0,1.0,1.0
Tre Jones,CHI,2026,3,0.3333,0.0,0.0,3.0,0.0,0.0,1.0,1.0
Tre Mann,CHA,2025,11,0.6666666666666666,4.0,3.0,4.0,0.0,0.6364,0.36363636363636365,0.3636
Tre Mann,CHA,2026,3,1.0,0.0,3.0,0.0,0.0,1.0,0.0,0.0
Trendon Watford,BKN,2025,4,1.125,0.0,4.0,0.0,0.0,1.0,0.0,0.0
Trendon Watford,PHI,2026,4,0.25,0.0,0.0,4.0,0.0,0.0,1.0,1.0
Trevon Scott,BKN,2026,8,0.6875,0.0,4.0,4.0,0.0,0.5,0.5,0.5
Trey Lyles,SAC,2025,16,0.71875,0.0,16.0,0.0,0.0,1.0,0.0,0.0
Trey Murphy III,NOP,2025,45,0.5388833333333333,5.0,31.0,9.0,0.0,0.8,0.2,0.2
Trey Murphy III,NOP,2026,59,0.7666642857142857,24.0,27.0,8.0,0.0,0.8644,0.13559322033898305,0.1356
Tristan Vukcevic,WAS,2025,12,0.75,0.0,12.0,0.0,0.0,1.0,0.0,0.0
Tristan Vukcevic,WAS,2026,19,0.22666,0.0,19.0,0.0,0.0,1.0,0.0,0.0
Tristan da Silva,ORL,2025,24,0.5277833333333334,3.0,18.0,3.0,0.0,0.875,0.125,0.125
Tristan da Silva,ORL,2026,22,0.6083333333333333,7.0,15.0,0.0,0.0,1.0,0.0,0.0
Ty Jerome,CLE,2025,4,0.5,0.0,0.0,4.0,0.0,0.0,1.0,1.0
TyTy Washington Jr.,PHX,2025,4,0.0,0.0,4.0,0.0,0.0,1.0,0.0,0.0
Tyler Herro,MIA,2025,31,0.5157333333333334,10.0,6.0,15.0,0.0,0.5161,0.4838709677419355,0.4839
Tyler Herro,MIA,2026,9,0.225,0.0,0.0,9.0,0.0,0.0,1.0,1.0
Tyler Kolek,NYK,2026,7,0.5,0.0,3.0,4.0,0.0,0.4286,0.5714285714285714,0.5714
Tyler Smith,MIL,2025,4,0.0,0.0,4.0,0.0,0.0,1.0,0.0,0.0
Tyrese Haliburton,IND,2025,17,0.8166599999999999,11.0,3.0,3.0,0.0,0.8235,0.17647058823529413,0.1765
Tyrese Martin,BKN,2025,21,0.6736,7.0,11.0,3.0,0.0,0.8571,0.14285714285714285,0.1429
Tyrese Martin,BKN,2026,5,1.2,0.0,5.0,0.0,0.0,1.0,0.0,0.0
Tyrese Maxey,PHI,2025,60,0.5023000000000001,18.0,6.0,36.0,0.0,0.4,0.6,0.6
Tyrese Maxey,PHI,2026,73,0.4912263157894737,15.0,30.0,28.0,0.0,0.6164,0.3835616438356164,0.3836
Tyrese Proctor,CLE,2026,7,0.6875,0.0,7.0,0.0,0.0,1.0,0.0,0.0
Tyus Jones,ORL,2026,6,1.0,0.0,6.0,0.0,0.0,1.0,0.0,0.0
Tyus Jones,PHX,2025,32,0.7638888888888888,0.0,26.0,6.0,0.0,0.8125,0.1875,0.1875
VJ Edgecombe,PHI,2026,28,0.71875,16.0,8.0,4.0,0.0,0.8571,0.14285714285714285,0.1429
Victor Wembanyama,SAS,2025,83,0.5841857142857143,52.0,11.0,20.0,0.0,0.759,0.24096385542168675,0.241
Victor Wembanyama,SAS,2026,32,0.564811111111111,19.0,7.0,6.0,0.0,0.8125,0.1875,0.1875
Vince Williams Jr.,MEM,2025,5,0.3,0.0,5.0,0.0,0.0,1.0,0.0,0.0
Vince Williams Jr.,MEM,2026,7,0.70835,4.0,0.0,3.0,0.0,0.5714,0.42857142857142855,0.4286
Vit Krejci,ATL,2025,4,0.75,4.0,0.0,0.0,0.0,1.0,0.0,0.0
Vit Krejci,ATL,2026,23,0.6368999999999999,10.0,10.0,3.0,0.0,0.8696,0.13043478260869565,0.1304
Vít Krejčí,ATL,2025,4,0.75,4.0,0.0,0.0,0.0,1.0,0.0,0.0
Vít Krejčí,ATL,2026,23,0.6368999999999999,10.0,10.0,3.0,0.0,0.8696,0.13043478260869565,0.1304
Walker Kessler,UTA,2025,40,0.4333375,0.0,12.0,28.0,0.0,0.3,0.7,0.7
Walter Clayton Jr.,UTA,2026,3,1.0,3.0,0.0,0.0,0.0,1.0,0.0,0.0
Wendell Carter Jr.,ORL,2025,14,0.47915,7.0,7.0,0.0,0.0,1.0,0.0,0.0
Wendell Carter Jr.,ORL,2026,30,0.5740777777777777,3.0,17.0,10.0,0.0,0.6667,0.3333333333333333,0.3333
Will Richard,GSW,2026,16,0.25,0.0,16.0,0.0,0.0,1.0,0.0,0.0
Will Riley,WAS,2026,13,0.35000000000000003,0.0,13.0,0.0,0.0,1.0,0.0,0.0
Xavier Tillman,BOS,2025,3,1.0,0.0,3.0,0.0,0.0,1.0,0.0,0.0
Yves Missi,NOP,2025,31,0.4875,0.0,0.0,31.0,0.0,0.0,1.0,1.0
Zaccharie Risacher,ATL,2025,66,0.74375,4.0,55.0,7.0,0.0,0.8939,0.10606060606060606,0.1061
Zaccharie Risacher,ATL,2026,15,0.65625,0.0,11.0,4.0,0.0,0.7333,0.26666666666666666,0.2667
Zach Collins,CHI,2026,9,0.7222333333333334,3.0,6.0,0.0,0.0,1.0,0.0,0.0
Zach Edey,MEM,2025,26,0.6881,0.0,0.0,26.0,0.0,0.0,1.0,1.0
Zach Edey,MEM,2026,10,0.7619,0.0,0.0,10.0,0.0,0.0,1.0,1.0
Zach LaVine,CHI,2025,27,0.5,13.0,4.0,10.0,0.0,0.6296,0.37037037037037035,0.3704
Zach LaVine,SAC,2025,17,0.4875,4.0,4.0,9.0,0.0,0.4706,0.5294117647058824,0.5294
Zach LaVine,SAC,2026,3,1.0,3.0,0.0,0.0,0.0,1.0,0.0,0.0
Zeke Nnaji,DEN,2026,3,0.5,0.0,3.0,0.0,0.0,1.0,0.0,0.0
Ziaire Williams,BKN,2025,8,0.5625,8.0,0.0,0.0,0.0,1.0,0.0,0.0
Ziaire Williams,BKN,2026,31,0.41875,23.0,4.0,4.0,0.0,0.871,0.12903225806451613,0.129
Zion Williamson,NOP,2025,24,0.6805500000000001,0.0,0.0,24.0,0.0,0.0,1.0,1.0
Zion Williamson,NOP,2026,52,0.6273928571428572,0.0,0.0,48.0,4.0,0.0,1.0,1.0
