iapi_rank,player,position,season,sfposs,rapm_raw,rapm_shrunk,se,tau,lam,ci90_lo,ci90_hi,ci95_lo,ci95_hi,cri80_lo,cri80_hi,cri95_lo,cri95_hi,pi80_lo,pi80_hi,pi95_lo,pi95_hi,ii_lo,ii_hi,ci95_width,cri95_width,pi95_width,p_replacement,p_rotation,p_starter,p_all_star,p_all_nba,p_mvp_tier,n_seasons,career_std,sigma_game_est,p_top5,p_top10,p_top25,median_rank,rank_90_lo,rank_90_hi,uncertainty_grade,portability_grade,iapi
1,Nikola Jokic,big,2024,24792.0,7.61,7.034,0.376,0.366,0.925,6.99,8.23,6.87,8.35,6.57,7.5,6.32,7.75,6.36,7.71,6.01,8.06,6.28,7.78,1.48,1.43,2.06,1.0,1.0,1.0,1.0,1.0,0.538,10,1.397,4.192,0.001,0.001,0.07,125,17,173,A,B,7.232
2,Kawhi Leonard,wing,2024,15411.0,7.9,7.004,0.785,0.745,0.885,6.61,9.19,6.36,9.44,6.05,7.96,5.54,8.46,5.62,8.39,4.88,9.12,6.25,7.75,3.08,2.92,4.24,1.0,1.0,1.0,1.0,0.996,0.502,13,2.296,6.888,0.068,0.17,0.261,91,4,174,B,D,6.743
3,Jayson Tatum,wing,2024,25315.0,6.67,6.189,0.3,0.291,0.927,6.18,7.16,6.08,7.26,5.82,6.56,5.62,6.76,5.67,6.71,5.39,6.99,5.44,6.94,1.18,1.14,1.59,1.0,1.0,1.0,1.0,1.0,0.003,8,1.064,3.191,0.001,0.001,0.082,124,17,168,A,B,6.524
4,Joel Embiid,big,2024,18012.0,6.89,6.191,0.467,0.449,0.9,6.12,7.66,5.97,7.81,5.62,6.77,5.31,7.07,5.36,7.02,4.92,7.46,5.44,6.94,1.83,1.76,2.54,1.0,1.0,1.0,1.0,0.996,0.036,10,1.479,4.436,0.014,0.051,0.161,97,10,177,A,B,6.323
5,LeBron James,wing,2024,21205.0,6.75,6.177,0.735,0.708,0.914,5.54,7.96,5.31,8.19,5.27,7.08,4.79,7.56,4.87,7.49,4.18,8.18,5.43,6.93,2.88,2.77,4.0,1.0,1.0,1.0,1.0,0.952,0.122,23,2.524,7.572,0.006,0.006,0.061,125,17,173,B,D,5.866
6,Giannis Antetokounmpo,big,2024,22434.0,6.78,6.217,0.782,0.754,0.918,5.49,8.07,5.25,8.31,5.25,7.18,4.74,7.69,4.82,7.61,4.09,8.34,5.47,6.97,3.06,2.95,4.26,1.0,1.0,1.0,1.0,0.947,0.149,13,2.76,8.279,0.0,0.002,0.061,96,23,170,B,D,5.812
7,Paul George,wing,2024,17535.0,5.93,5.333,0.549,0.525,0.898,5.03,6.83,4.85,7.01,4.66,6.01,4.3,6.36,4.36,6.31,3.84,6.82,4.58,6.08,2.15,2.06,2.98,1.0,1.0,1.0,1.0,0.737,0.001,15,1.713,5.138,0.041,0.084,0.153,105,6,178,B,C,5.357
8,Rudy Gobert,big,2024,22620.0,5.47,5.018,0.5,0.483,0.919,4.65,6.29,4.49,6.45,4.4,5.64,4.07,5.96,4.13,5.91,3.66,6.38,4.27,5.77,1.96,1.89,2.72,1.0,1.0,1.0,0.999,0.514,0.0,12,1.771,5.313,0.02,0.069,0.163,93,9,177,A,C,5.044
9,Franz Wagner,big,2024,14838.0,5.41,4.756,0.403,0.385,0.881,4.75,6.07,4.62,6.2,4.26,5.25,4.0,5.51,4.04,5.47,3.66,5.85,4.01,5.51,1.58,1.51,2.19,1.0,1.0,1.0,0.999,0.263,0.0,5,1.157,3.471,0.024,0.092,0.161,93,6,177,A,B,5.016
10,Damian Lillard,guard,2024,21785.0,4.36,4.01,0.337,0.327,0.916,3.81,4.91,3.7,5.02,3.59,4.43,3.37,4.65,3.41,4.61,3.09,4.93,3.26,4.76,1.32,1.28,1.84,1.0,1.0,1.0,0.941,0.001,0.0,13,1.173,3.518,0.009,0.009,0.064,124,17,173,A,B,4.247
11,Jimmy Butler,wing,2024,19375.0,4.46,4.052,0.412,0.397,0.906,3.78,5.14,3.65,5.27,3.54,4.56,3.27,4.83,3.32,4.79,2.93,5.17,3.3,4.8,1.62,1.56,2.24,1.0,1.0,1.0,0.918,0.008,0.0,12,1.352,4.056,0.0,0.0,0.062,98,18,158,A,B,4.182
12,Kevin Durant,wing,2024,15647.0,5.38,4.782,1.062,1.008,0.887,3.63,7.13,3.3,7.46,3.49,6.07,2.81,6.76,2.9,6.66,1.91,7.65,4.03,5.53,4.16,3.95,5.74,1.0,1.0,0.999,0.898,0.414,0.014,18,3.132,9.395,0.0,0.0,0.086,115,17,167,C,D,4.096
13,Derrick White,guard,2024,19540.0,4.11,3.747,0.3,0.284,0.907,3.62,4.6,3.52,4.7,3.38,4.11,3.19,4.3,3.26,4.23,3.0,4.49,3.0,4.5,1.18,1.12,1.49,1.0,1.0,1.0,0.807,0.0,0.0,8,0.74,2.5,0.072,0.113,0.181,86,2,174,A,A,4.029
14,Jrue Holiday,guard,2024,22034.0,4.45,4.096,0.596,0.574,0.917,3.47,5.43,3.28,5.62,3.36,4.83,2.97,5.22,3.04,5.16,2.47,5.72,3.35,4.85,2.33,2.25,3.24,1.0,1.0,1.0,0.85,0.058,0.0,17,2.084,6.251,0.0,0.003,0.067,92,23,170,B,D,3.864
15,Draymond Green,big,2024,17402.0,4.3,3.846,0.448,0.43,0.897,3.56,5.04,3.42,5.18,3.3,4.4,3.0,4.69,3.05,4.64,2.63,5.06,3.1,4.6,1.76,1.69,2.43,1.0,1.0,1.0,0.79,0.004,0.0,13,1.393,4.18,0.0,0.0,0.0,60,27,154,A,B,3.845
16,Alex Caruso,guard,2024,14343.0,4.2,3.71,0.375,0.359,0.878,3.58,4.82,3.47,4.93,3.25,4.17,3.01,4.41,3.05,4.38,2.69,4.73,2.96,4.46,1.47,1.41,2.03,1.0,1.0,1.0,0.721,0.0,0.0,8,1.058,3.174,0.025,0.09,0.157,94,6,177,A,B,3.79
17,Devin Booker,guard,2024,23271.0,4.5,4.16,0.689,0.665,0.921,3.37,5.63,3.15,5.85,3.31,5.01,2.86,5.46,2.93,5.39,2.28,6.04,3.41,4.91,2.7,2.61,3.75,1.0,1.0,1.0,0.839,0.103,0.0,11,2.476,7.429,0.047,0.091,0.161,105,6,178,B,D,3.756
18,Stephen Curry,guard,2024,18557.0,4.51,4.091,0.872,0.835,0.903,3.07,5.95,2.8,6.22,3.02,5.16,2.45,5.73,2.54,5.64,1.72,6.46,3.34,4.84,3.42,3.27,4.73,1.0,1.0,0.999,0.76,0.138,0.0,16,2.801,8.404,0.0,0.006,0.119,90,14,170,B,D,3.441
19,Og Anunoby,wing,2024,18663.0,3.76,3.406,0.404,0.389,0.903,3.1,4.42,2.97,4.55,2.91,3.9,2.64,4.17,2.69,4.12,2.31,4.5,2.66,4.16,1.58,1.52,2.2,1.0,1.0,1.0,0.404,0.0,0.0,8,1.301,3.902,0.023,0.084,0.147,97,6,177,A,B,3.144
20,Chris Paul,guard,2024,19971.0,3.93,3.59,0.617,0.593,0.909,2.91,4.95,2.72,5.14,2.83,4.35,2.43,4.75,2.49,4.69,1.91,5.27,2.84,4.34,2.42,2.33,3.36,1.0,1.0,1.0,0.561,0.009,0.0,20,2.056,6.169,0.0,0.001,0.049,96,30,170,B,D,3.125
21,Kyrie Irving,guard,2024,16065.0,3.76,3.366,0.629,0.599,0.889,2.73,4.79,2.53,4.99,2.6,4.13,2.19,4.54,2.25,4.48,1.66,5.07,2.62,4.12,2.47,2.35,3.41,1.0,1.0,0.999,0.411,0.003,0.0,14,1.879,5.637,0.0,0.0,0.085,116,17,168,B,C,2.832
22,Shai Gilgeous-Alexander,guard,2024,21681.0,3.99,3.67,1.014,0.975,0.916,2.32,5.66,2.0,5.98,2.42,4.92,1.76,5.58,1.87,5.47,0.91,6.43,2.92,4.42,3.97,3.82,5.51,1.0,1.0,0.987,0.569,0.086,0.0,8,3.518,10.554,0.0,0.0,0.065,102,18,158,C,D,2.738
23,Isaiah Hartenstein,big,2024,11100.0,3.44,2.9,0.355,0.338,0.847,2.86,4.02,2.74,4.14,2.47,3.33,2.24,3.56,2.27,3.53,1.94,3.86,2.15,3.65,1.39,1.33,1.92,1.0,1.0,1.0,0.038,0.0,0.0,6,0.882,2.646,0.092,0.187,0.284,78,4,172,A,A,2.497
24,Myles Turner,big,2024,17104.0,3.59,3.204,0.698,0.667,0.895,2.44,4.74,2.22,4.96,2.35,4.06,1.9,4.51,1.97,4.44,1.31,5.1,2.45,3.95,2.74,2.61,3.79,1.0,1.0,0.995,0.328,0.004,0.0,11,2.153,6.459,0.047,0.047,0.061,61,11,135,B,D,2.487
25,Luka Doncic,guard,2024,23309.0,3.24,3.0,0.397,0.385,0.921,2.59,3.89,2.46,4.02,2.51,3.49,2.25,3.75,2.29,3.71,1.92,4.08,2.25,3.75,1.56,1.51,2.17,1.0,1.0,1.0,0.097,0.0,0.0,7,1.43,4.289,0.0,0.004,0.1,92,15,170,A,B,2.456
26,Clint Capela,guard,2024,18080.0,3.2,2.901,0.353,0.341,0.9,2.62,3.78,2.51,3.89,2.46,3.34,2.23,3.57,2.27,3.53,1.94,3.86,2.15,3.65,1.38,1.34,1.92,1.0,1.0,1.0,0.039,0.0,0.0,10,1.119,3.358,0.018,0.019,0.21,72,22,150,A,B,2.426
27,Jarrett Allen,big,2024,20235.0,3.01,2.73,0.3,0.284,0.91,2.52,3.5,2.42,3.6,2.37,3.09,2.17,3.29,2.25,3.21,1.99,3.47,1.98,3.48,1.18,1.11,1.48,1.0,1.0,1.0,0.003,0.0,0.0,8,0.717,2.5,0.025,0.081,0.145,100,6,178,A,A,2.375
28,Aaron Gordon,big,2024,20334.0,3.24,2.941,0.469,0.452,0.91,2.47,4.01,2.32,4.16,2.36,3.52,2.05,3.83,2.11,3.78,1.66,4.22,2.19,3.69,1.84,1.77,2.55,1.0,1.0,0.999,0.108,0.0,0.0,12,1.577,4.731,0.069,0.083,0.194,78,2,164,A,C,2.328
29,James Harden,guard,2024,22324.0,3.11,2.871,0.406,0.393,0.918,2.44,3.78,2.31,3.91,2.37,3.37,2.1,3.64,2.15,3.59,1.76,3.98,2.12,3.62,1.59,1.54,2.21,1.0,1.0,1.0,0.054,0.0,0.0,17,1.429,4.287,0.021,0.084,0.148,99,6,177,A,B,2.289
30,Immanuel Quickley,guard,2024,14517.0,2.96,2.626,0.3,0.283,0.879,2.47,3.45,2.37,3.55,2.26,2.99,2.07,3.18,2.1,3.15,1.83,3.42,1.88,3.38,1.18,1.11,1.6,1.0,1.0,1.0,0.001,0.0,0.0,6,0.688,2.5,0.004,0.025,0.185,90,13,176,A,A,2.279
31,Jalen Brunson,guard,2024,20362.0,2.98,2.731,0.346,0.335,0.911,2.41,3.55,2.3,3.66,2.3,3.16,2.07,3.39,2.11,3.35,1.79,3.68,1.98,3.48,1.36,1.31,1.89,1.0,1.0,1.0,0.011,0.0,0.0,8,1.165,3.494,0.074,0.092,0.191,83,2,164,A,B,2.223
32,Chet Holmgren,big,2024,4970.0,3.63,2.56,0.502,0.411,0.713,2.81,4.45,2.65,4.61,2.03,3.09,1.75,3.36,1.73,3.39,1.29,3.83,1.81,3.31,1.97,1.61,2.54,1.0,1.0,0.995,0.011,0.0,0.0,2,0.495,2.5,0.0,0.0,0.077,115,18,158,A,C,2.215
33,Pascal Siakam,wing,2024,24166.0,3.2,2.963,0.56,0.542,0.924,2.28,4.12,2.1,4.3,2.27,3.66,1.9,4.03,1.96,3.96,1.43,4.49,2.21,3.71,2.2,2.13,3.06,1.0,1.0,0.997,0.161,0.0,0.0,10,2.053,6.16,0.005,0.03,0.176,96,13,176,B,D,2.205
34,Fred Vanvleet,guard,2024,23031.0,2.52,2.335,0.3,0.282,0.92,2.03,3.01,1.93,3.11,1.97,2.7,1.78,2.89,1.87,2.8,1.62,3.05,1.58,3.08,1.18,1.11,1.43,1.0,1.0,0.998,0.0,0.0,0.0,8,0.545,2.5,0.09,0.09,0.13,61,5,163,A,A,2.03
35,Karlanthony Towns,guard,2024,17145.0,2.76,2.493,0.377,0.363,0.896,2.14,3.38,2.02,3.5,2.03,2.96,1.78,3.2,1.82,3.16,1.47,3.52,1.74,3.24,1.48,1.42,2.05,1.0,1.0,0.997,0.003,0.0,0.0,11,1.165,3.494,0.019,0.065,0.164,94,9,177,A,B,1.964
36,Marcus Smart,guard,2024,17065.0,2.53,2.286,0.3,0.281,0.895,2.04,3.02,1.94,3.12,1.93,2.65,1.73,2.84,1.79,2.79,1.52,3.05,1.54,3.04,1.18,1.1,1.53,1.0,1.0,0.997,0.0,0.0,0.0,12,0.622,2.5,0.116,0.189,0.283,93,1,181,A,A,1.959
37,Mikal Bridges,wing,2024,26329.0,2.56,2.386,0.3,0.29,0.929,2.07,3.05,1.97,3.15,2.01,2.76,1.82,2.96,1.88,2.9,1.61,3.16,1.64,3.14,1.18,1.14,1.56,1.0,1.0,0.999,0.0,0.0,0.0,8,1.035,3.105,0.0,0.0,0.084,115,17,158,A,B,1.93
38,Robert Covington,big,2024,15467.0,2.6,2.291,0.351,0.337,0.885,2.02,3.18,1.91,3.29,1.86,2.72,1.63,2.95,1.67,2.92,1.34,3.25,1.54,3.04,1.38,1.32,1.91,1.0,1.0,0.99,0.0,0.0,0.0,10,1.029,3.088,0.104,0.159,0.243,99,1,181,A,B,1.814
39,Anthony Davis,big,2024,19244.0,2.63,2.373,0.424,0.409,0.906,1.93,3.33,1.8,3.46,1.85,2.9,1.57,3.17,1.62,3.13,1.22,3.53,1.62,3.12,1.66,1.6,2.31,1.0,1.0,0.984,0.003,0.0,0.0,14,1.388,4.164,0.078,0.124,0.201,105,4,178,A,B,1.755
40,Jakob Poeltl,big,2024,16726.0,2.6,2.312,0.433,0.415,0.893,1.89,3.31,1.75,3.45,1.78,2.84,1.5,3.13,1.54,3.08,1.14,3.49,1.56,3.06,1.7,1.63,2.35,1.0,1.0,0.975,0.002,0.0,0.0,9,1.32,3.961,0.085,0.134,0.213,103,4,180,A,B,1.71
41,Obi Toppin,big,2024,9422.0,2.41,1.97,0.364,0.338,0.825,1.81,3.01,1.7,3.12,1.54,2.4,1.31,2.63,1.33,2.61,1.0,2.94,1.22,2.72,1.43,1.33,1.95,1.0,1.0,0.918,0.0,0.0,0.0,5,0.734,2.5,0.005,0.028,0.178,90,13,176,A,A,1.581
42,Bam Adebayo,big,2024,22459.0,2.27,2.076,0.362,0.351,0.918,1.67,2.87,1.56,2.98,1.63,2.53,1.39,2.76,1.43,2.72,1.09,3.06,1.33,2.83,1.42,1.37,1.98,1.0,1.0,0.95,0.0,0.0,0.0,8,1.278,3.834,0.024,0.084,0.145,100,6,178,A,B,1.517
43,Lauri Markkanen,big,2024,17734.0,2.56,2.29,0.559,0.535,0.899,1.64,3.48,1.46,3.66,1.6,2.98,1.24,3.34,1.3,3.28,0.77,3.81,1.54,3.04,2.19,2.1,3.03,1.0,1.0,0.93,0.012,0.0,0.0,8,1.755,5.264,0.108,0.195,0.293,78,1,174,B,C,1.506
44,Kevon Looney,big,2024,12768.0,2.42,2.079,0.45,0.427,0.865,1.68,3.16,1.54,3.3,1.53,2.63,1.24,2.92,1.28,2.87,0.86,3.3,1.33,2.83,1.77,1.68,2.43,1.0,1.0,0.912,0.0,0.0,0.0,6,1.2,3.599,0.095,0.147,0.23,100,3,181,A,B,1.506
45,De'Anthony Melton,guard,2024,14423.0,2.21,1.965,0.355,0.34,0.878,1.63,2.79,1.51,2.91,1.53,2.4,1.3,2.63,1.33,2.6,1.0,2.93,1.22,2.72,1.39,1.33,1.93,1.0,1.0,0.914,0.0,0.0,0.0,7,1.005,3.014,0.068,0.114,0.19,105,4,178,A,B,1.494
46,Jamal Murray,guard,2024,15036.0,1.97,1.762,0.3,0.288,0.883,1.48,2.46,1.38,2.56,1.39,2.13,1.2,2.33,1.24,2.28,0.96,2.56,1.01,2.51,1.18,1.13,1.6,1.0,1.0,0.819,0.0,0.0,0.0,7,0.817,2.5,0.0,0.001,0.044,96,30,170,A,A,1.373
47,Kristaps Porzingis,big,2024,17024.0,1.91,1.699,0.3,0.286,0.895,1.42,2.4,1.32,2.5,1.33,2.07,1.14,2.26,1.19,2.2,0.93,2.47,0.95,2.45,1.18,1.12,1.54,1.0,1.0,0.756,0.0,0.0,0.0,8,0.798,2.5,0.011,0.045,0.16,97,13,177,A,A,1.317
48,Donovan Mitchell,guard,2024,21531.0,2.22,2.048,0.502,0.485,0.915,1.39,3.05,1.24,3.2,1.43,2.67,1.1,3.0,1.15,2.94,0.68,3.42,1.3,2.8,1.97,1.9,2.74,1.0,1.0,0.871,0.001,0.0,0.0,8,1.738,5.213,0.0,0.0,0.054,98,18,158,A,C,1.285
49,Gordon Hayward,guard,2024,15697.0,2.37,2.125,0.698,0.664,0.887,1.22,3.52,1.0,3.74,1.27,2.98,0.82,3.43,0.89,3.36,0.24,4.01,1.37,2.87,2.73,2.6,3.77,1.0,0.999,0.827,0.019,0.0,0.0,13,2.06,6.18,0.024,0.09,0.16,93,6,177,B,D,1.19
50,Joe Ingles,guard,2024,14785.0,2.34,2.085,0.683,0.648,0.881,1.22,3.46,1.0,3.68,1.25,2.92,0.81,3.36,0.88,3.29,0.24,3.93,1.34,2.84,2.68,2.54,3.69,1.0,0.999,0.817,0.014,0.0,0.0,10,1.958,5.873,0.001,0.008,0.148,87,14,170,B,C,1.185
51,Domantas Sabonis,big,2024,24570.0,1.68,1.546,0.3,0.287,0.925,1.19,2.17,1.09,2.27,1.18,1.91,0.98,2.11,1.08,2.02,0.83,2.27,0.8,2.3,1.18,1.13,1.44,1.0,1.0,0.564,0.0,0.0,0.0,10,0.844,2.531,0.003,0.003,0.063,125,18,173,A,A,1.149
52,Zion Williamson,guard,2024,11926.0,1.68,1.467,0.324,0.301,0.856,1.15,2.21,1.05,2.31,1.08,1.85,0.88,2.06,0.9,2.03,0.6,2.33,0.72,2.22,1.27,1.18,1.73,1.0,1.0,0.457,0.0,0.0,0.0,6,0.644,2.5,0.031,0.08,0.144,105,6,178,A,A,1.123
53,Evan Mobley,big,2024,12876.0,1.74,1.493,0.312,0.297,0.866,1.23,2.25,1.13,2.35,1.11,1.87,0.91,2.08,0.94,2.04,0.65,2.34,0.74,2.24,1.22,1.17,1.69,1.0,1.0,0.49,0.0,0.0,0.0,5,0.786,2.5,0.022,0.089,0.153,94,6,177,A,A,1.109
54,Mitchell Robinson,guard,2024,12653.0,1.62,1.426,0.314,0.291,0.864,1.1,2.14,1.0,2.24,1.05,1.8,0.86,2.0,0.88,1.98,0.59,2.27,0.68,2.18,1.23,1.14,1.68,1.0,1.0,0.4,0.0,0.0,0.0,8,0.591,2.5,0.004,0.023,0.184,90,13,176,A,A,1.103
55,Kevin Huerter,guard,2024,19991.0,1.6,1.473,0.3,0.286,0.909,1.11,2.09,1.01,2.19,1.11,1.84,0.91,2.03,0.99,1.96,0.73,2.22,0.72,2.22,1.18,1.12,1.49,1.0,1.0,0.462,0.0,0.0,0.0,8,0.787,2.5,0.016,0.056,0.162,97,10,177,A,A,1.094
56,Desmond Bane,guard,2024,14461.0,1.97,1.755,0.549,0.522,0.879,1.07,2.87,0.89,3.05,1.09,2.42,0.73,2.78,0.78,2.73,0.27,3.24,1.0,2.5,2.15,2.04,2.97,1.0,1.0,0.688,0.0,0.0,0.0,6,1.556,4.668,0.0,0.001,0.043,96,30,170,B,C,1.027
57,Josh Hart,wing,2024,20158.0,1.37,1.255,0.3,0.28,0.91,0.88,1.86,0.78,1.96,0.9,1.61,0.71,1.81,0.77,1.74,0.52,1.99,0.51,2.01,1.18,1.1,1.47,1.0,1.0,0.192,0.0,0.0,0.0,8,0.511,2.5,0.0,0.002,0.053,96,23,170,A,A,0.962
58,Julius Randle,guard,2024,23113.0,2.1,1.949,0.661,0.638,0.92,1.01,3.19,0.8,3.4,1.13,2.77,0.7,3.2,0.77,3.13,0.15,3.75,1.2,2.7,2.59,2.5,3.6,1.0,0.999,0.759,0.008,0.0,0.0,11,2.369,7.108,0.083,0.083,0.126,65,5,163,B,D,0.926
59,Sam Hauser,guard,2024,6399.0,1.89,1.488,0.555,0.505,0.762,0.98,2.8,0.8,2.98,0.84,2.13,0.5,2.48,0.53,2.45,0.02,2.96,0.74,2.24,2.18,1.98,2.94,1.0,0.998,0.49,0.0,0.0,0.0,4,1.046,3.139,0.001,0.001,0.077,124,17,168,A,B,0.922
60,Matisse Thybulle,wing,2024,13933.0,1.53,1.35,0.336,0.323,0.874,0.98,2.08,0.87,2.19,0.94,1.76,0.72,1.98,0.75,1.95,0.44,2.26,0.6,2.1,1.32,1.27,1.83,1.0,1.0,0.322,0.0,0.0,0.0,7,0.936,2.807,0.06,0.16,0.245,91,4,174,A,A,0.908
61,Brook Lopez,big,2024,18376.0,1.86,1.668,0.544,0.521,0.902,0.97,2.75,0.79,2.93,1.0,2.34,0.65,2.69,0.7,2.63,0.19,3.14,0.92,2.42,2.13,2.04,2.95,1.0,0.999,0.626,0.0,0.0,0.0,17,1.737,5.212,0.003,0.004,0.196,50,25,133,B,C,0.886
62,Delon Wright,guard,2024,13462.0,1.27,1.132,0.305,0.281,0.871,0.77,1.77,0.67,1.87,0.77,1.49,0.58,1.68,0.6,1.66,0.32,1.94,0.38,1.88,1.19,1.1,1.63,1.0,1.0,0.095,0.0,0.0,0.0,9,0.516,2.5,0.0,0.0,0.098,116,17,167,A,A,0.837
63,Mike Conley,guard,2024,18118.0,1.83,1.668,0.62,0.594,0.901,0.81,2.85,0.61,3.05,0.91,2.43,0.5,2.83,0.57,2.77,-0.02,3.35,0.92,2.42,2.43,2.33,3.37,1.0,0.998,0.611,0.001,0.0,0.0,19,1.968,5.904,0.001,0.011,0.172,81,13,171,B,C,0.781
64,Gary Payton,guard,2024,5593.0,1.65,1.268,0.499,0.454,0.737,0.83,2.47,0.67,2.63,0.69,1.85,0.38,2.16,0.4,2.13,-0.05,2.59,0.52,2.02,1.96,1.78,2.64,1.0,0.997,0.305,0.0,0.0,0.0,9,0.879,2.638,0.015,0.053,0.16,97,10,177,A,A,0.777
65,Luguentz Dort,guard,2024,17561.0,1.26,1.152,0.3,0.288,0.898,0.77,1.75,0.67,1.85,0.78,1.52,0.59,1.72,0.64,1.66,0.37,1.94,0.4,1.9,1.18,1.13,1.57,1.0,1.0,0.113,0.0,0.0,0.0,7,0.868,2.603,0.055,0.062,0.197,78,2,164,A,A,0.748
66,Anthony Edwards,guard,2024,21181.0,1.72,1.589,0.567,0.546,0.914,0.79,2.65,0.61,2.83,0.89,2.29,0.52,2.66,0.58,2.6,0.05,3.13,0.84,2.34,2.22,2.14,3.09,1.0,0.998,0.565,0.0,0.0,0.0,6,1.946,5.837,0.024,0.092,0.164,90,6,177,B,C,0.732
67,Tj Mcconnell,guard,2024,13576.0,1.54,1.368,0.539,0.511,0.872,0.65,2.43,0.48,2.6,0.71,2.02,0.37,2.37,0.42,2.32,-0.09,2.82,0.62,2.12,2.11,2.0,2.91,1.0,0.996,0.398,0.0,0.0,0.0,11,1.48,4.44,0.055,0.139,0.214,91,4,174,B,B,0.669
68,Cameron Payne,guard,2024,9756.0,1.91,1.619,0.881,0.815,0.83,0.46,3.36,0.18,3.64,0.58,2.66,0.02,3.22,0.08,3.16,-0.73,3.97,0.87,2.37,3.45,3.19,4.7,1.0,0.977,0.558,0.01,0.0,0.0,9,2.051,6.153,0.007,0.035,0.17,97,13,176,B,D,0.604
69,Ben Simmons,guard,2024,10946.0,0.96,0.843,0.338,0.301,0.846,0.4,1.52,0.3,1.62,0.46,1.23,0.25,1.43,0.26,1.42,-0.04,1.73,0.09,1.59,1.32,1.18,1.77,1.0,0.997,0.015,0.0,0.0,0.0,6,0.361,2.5,0.082,0.082,0.108,58,5,163,A,A+,0.584
70,Victor Wembanyama,big,2024,4354.0,2.51,1.688,1.311,1.115,0.685,0.35,4.67,-0.06,5.08,0.26,3.12,-0.5,3.87,-0.52,3.89,-1.68,5.06,0.94,2.44,5.14,4.37,6.74,1.0,0.935,0.567,0.052,0.001,0.0,3,2.038,6.115,0.058,0.15,0.233,91,4,174,C,D,0.561
71,Patrick Beverley,guard,2024,13960.0,1.09,0.978,0.338,0.325,0.875,0.53,1.65,0.43,1.75,0.56,1.39,0.34,1.61,0.38,1.58,0.06,1.9,0.23,1.73,1.33,1.27,1.84,1.0,0.999,0.054,0.0,0.0,0.0,12,0.942,2.827,0.027,0.027,0.088,116,11,173,A,A,0.533
72,Al Horford,big,2024,16977.0,1.0,0.884,0.3,0.287,0.895,0.51,1.49,0.41,1.59,0.52,1.25,0.32,1.45,0.38,1.39,0.11,1.66,0.13,1.63,1.18,1.12,1.55,1.0,0.999,0.016,0.0,0.0,0.0,19,0.818,2.5,0.027,0.08,0.143,100,6,178,A,A,0.495
73,Trae Young,guard,2024,23685.0,0.96,0.901,0.3,0.292,0.922,0.47,1.45,0.37,1.55,0.53,1.27,0.33,1.47,0.37,1.44,0.08,1.72,0.15,1.65,1.18,1.14,1.64,1.0,0.999,0.02,0.0,0.0,0.0,8,1.083,3.25,0.0,0.0,0.096,116,17,167,A,B,0.43
74,Brandon Ingram,guard,2024,19645.0,0.87,0.808,0.3,0.288,0.908,0.38,1.36,0.28,1.46,0.44,1.18,0.24,1.37,0.31,1.31,0.05,1.57,0.06,1.56,1.18,1.13,1.53,1.0,0.998,0.008,0.0,0.0,0.0,10,0.867,2.6,0.025,0.09,0.164,89,6,177,A,A,0.404
75,Demar Derozan,guard,2024,25615.0,0.99,0.933,0.334,0.325,0.928,0.44,1.54,0.34,1.64,0.52,1.35,0.3,1.57,0.34,1.53,0.02,1.85,0.18,1.68,1.31,1.27,1.83,1.0,0.998,0.04,0.0,0.0,0.0,17,1.26,3.779,0.089,0.089,0.12,58,5,163,A,B,0.393
76,Tre Jones,guard,2024,11374.0,1.02,0.897,0.481,0.454,0.85,0.23,1.81,0.08,1.96,0.32,1.48,0.01,1.79,0.05,1.75,-0.4,2.19,0.15,1.65,1.89,1.78,2.59,1.0,0.976,0.092,0.0,0.0,0.0,5,1.21,3.631,0.078,0.101,0.191,83,2,169,A,B,0.307
77,Aaron Wiggins,guard,2024,7524.0,0.8,0.674,0.408,0.368,0.79,0.13,1.47,0.0,1.6,0.2,1.15,-0.05,1.39,-0.03,1.38,-0.4,1.75,-0.08,1.42,1.6,1.44,2.15,1.0,0.967,0.012,0.0,0.0,0.0,5,0.68,2.5,0.003,0.022,0.188,90,13,176,A,A,0.286
78,Darius Garland,guard,2024,20523.0,1.08,1.002,0.487,0.469,0.911,0.28,1.88,0.13,2.03,0.4,1.6,0.08,1.92,0.13,1.87,-0.32,2.33,0.25,1.75,1.91,1.84,2.65,1.0,0.984,0.144,0.0,0.0,0.0,7,1.644,4.933,0.0,0.001,0.043,92,30,166,A,C,0.274
79,Kentavious Caldwellpope,guard,2024,21749.0,0.86,0.804,0.403,0.39,0.916,0.2,1.52,0.07,1.65,0.3,1.3,0.04,1.57,0.09,1.52,-0.3,1.9,0.05,1.55,1.58,1.53,2.2,1.0,0.98,0.037,0.0,0.0,0.0,13,1.402,4.206,0.0,0.0,0.071,102,18,158,A,B,0.188
80,De'Aaron Fox,guard,2024,22301.0,0.71,0.668,0.364,0.352,0.918,0.11,1.31,-0.0,1.42,0.22,1.12,-0.02,1.36,0.02,1.32,-0.32,1.66,-0.08,1.42,1.43,1.38,1.99,1.0,0.971,0.009,0.0,0.0,0.0,8,1.28,3.841,0.0,0.0,0.092,115,17,167,A,B,0.108
81,Bradley Beal,guard,2024,18619.0,0.64,0.597,0.338,0.327,0.903,0.08,1.2,-0.02,1.3,0.18,1.02,-0.04,1.24,-0.01,1.2,-0.33,1.52,-0.15,1.35,1.33,1.28,1.84,1.0,0.966,0.003,0.0,0.0,0.0,13,1.089,3.266,0.093,0.093,0.13,61,5,163,A,B,0.107
82,Nicolas Batum,guard,2024,14063.0,0.65,0.594,0.424,0.405,0.875,-0.05,1.35,-0.18,1.48,0.08,1.11,-0.2,1.39,-0.16,1.35,-0.56,1.74,-0.16,1.34,1.66,1.59,2.3,1.0,0.929,0.013,0.0,0.0,0.0,18,1.186,3.559,0.114,0.193,0.288,91,1,178,A,B,0.036
83,Ausar Thompson,guard,2024,3240.0,0.69,0.503,0.621,0.533,0.618,-0.33,1.71,-0.53,1.91,-0.18,1.19,-0.54,1.55,-0.55,1.55,-1.1,2.11,-0.25,1.25,2.43,2.09,3.21,1.0,0.827,0.031,0.0,0.0,0.0,3,0.829,2.5,0.017,0.064,0.164,97,10,177,B,B,-0.012
84,Isaiah Stewart,guard,2024,12328.0,0.37,0.346,0.318,0.302,0.86,-0.15,0.89,-0.25,0.99,-0.04,0.73,-0.25,0.94,-0.22,0.91,-0.51,1.21,-0.4,1.1,1.25,1.19,1.72,1.0,0.874,0.0,0.0,0.0,0.0,6,0.769,2.5,0.054,0.099,0.169,105,4,178,A,A,-0.036
85,Andre Drummond,guard,2024,13409.0,0.32,0.304,0.323,0.31,0.87,-0.21,0.85,-0.31,0.95,-0.09,0.7,-0.3,0.91,-0.27,0.88,-0.57,1.18,-0.45,1.05,1.27,1.22,1.76,1.0,0.837,0.0,0.0,0.0,0.0,13,0.882,2.646,0.028,0.08,0.143,100,6,178,A,A,-0.116
86,Pj Tucker,guard,2024,16516.0,0.21,0.209,0.3,0.284,0.892,-0.28,0.7,-0.38,0.8,-0.15,0.57,-0.35,0.77,-0.3,0.72,-0.57,0.98,-0.54,0.96,1.18,1.11,1.55,1.0,0.769,0.0,0.0,0.0,0.0,12,0.722,2.5,0.067,0.118,0.186,91,2,174,A,A,-0.15
87,Cj Mccollum,guard,2024,22334.0,0.37,0.356,0.334,0.324,0.918,-0.18,0.92,-0.29,1.03,-0.06,0.77,-0.28,0.99,-0.24,0.95,-0.56,1.27,-0.39,1.11,1.31,1.27,1.83,1.0,0.864,0.0,0.0,0.0,0.0,12,1.178,3.534,0.0,0.007,0.144,87,14,170,A,B,-0.159
88,Cason Wallace,guard,2024,3445.0,0.16,0.175,0.602,0.445,0.633,-0.83,1.15,-1.02,1.34,-0.4,0.74,-0.7,1.05,-0.79,1.13,-1.29,1.64,-0.58,0.92,2.36,1.74,2.94,1.0,0.653,0.001,0.0,0.0,0.0,3,0.376,2.5,0.093,0.093,0.124,58,5,163,A,B,-0.16
89,Khris Middleton,wing,2024,17945.0,0.62,0.568,0.524,0.503,0.9,-0.24,1.48,-0.41,1.65,-0.08,1.21,-0.42,1.55,-0.36,1.5,-0.86,1.99,-0.18,1.32,2.06,1.97,2.85,1.0,0.871,0.032,0.0,0.0,0.0,14,1.656,4.968,0.009,0.041,0.165,97,13,177,A,C,-0.18
90,Amen Thompson,guard,2024,2848.0,0.52,0.388,0.737,0.614,0.587,-0.69,1.73,-0.93,1.97,-0.4,1.17,-0.81,1.59,-0.84,1.62,-1.49,2.27,-0.36,1.14,2.89,2.41,3.76,1.0,0.736,0.035,0.0,0.0,0.0,3,0.927,2.782,0.0,0.0,0.006,79,50,127,B,B,-0.197
91,Cameron Johnson,guard,2024,14564.0,0.12,0.13,0.3,0.283,0.879,-0.37,0.61,-0.47,0.71,-0.23,0.49,-0.42,0.68,-0.39,0.65,-0.67,0.93,-0.62,0.88,1.18,1.11,1.6,1.0,0.677,0.0,0.0,0.0,0.0,7,0.683,2.5,0.004,0.004,0.06,125,18,173,A,A,-0.216
92,Miles Mcbride,guard,2024,4741.0,0.32,0.284,0.569,0.508,0.703,-0.62,1.26,-0.8,1.44,-0.37,0.93,-0.71,1.28,-0.69,1.26,-1.21,1.78,-0.47,1.03,2.23,1.99,2.99,1.0,0.712,0.008,0.0,0.0,0.0,3,0.924,2.772,0.11,0.168,0.252,99,1,181,A,B,-0.247
93,Dejounte Murray,guard,2024,23907.0,0.11,0.117,0.3,0.285,0.923,-0.38,0.6,-0.48,0.7,-0.25,0.48,-0.44,0.68,-0.35,0.59,-0.6,0.83,-0.63,0.87,1.18,1.12,1.43,1.0,0.659,0.0,0.0,0.0,0.0,8,0.744,2.5,0.062,0.062,0.116,85,5,168,A,A,-0.249
94,Jaime Jaquez,guard,2024,4161.0,0.21,0.207,0.548,0.48,0.675,-0.69,1.11,-0.86,1.28,-0.41,0.82,-0.73,1.15,-0.73,1.14,-1.22,1.63,-0.54,0.96,2.15,1.88,2.86,1.0,0.667,0.004,0.0,0.0,0.0,3,0.797,2.5,0.001,0.002,0.159,50,25,133,A,B,-0.272
95,Coby White,guard,2024,20289.0,0.21,0.209,0.367,0.354,0.91,-0.39,0.81,-0.51,0.93,-0.25,0.66,-0.49,0.9,-0.44,0.86,-0.79,1.21,-0.54,0.96,1.44,1.39,2.0,1.0,0.722,0.0,0.0,0.0,0.0,7,1.231,3.694,0.001,0.013,0.183,87,13,175,A,B,-0.337
96,Tobias Harris,guard,2024,23528.0,0.27,0.265,0.388,0.376,0.922,-0.37,0.91,-0.49,1.03,-0.22,0.75,-0.47,1.0,-0.43,0.96,-0.79,1.32,-0.49,1.01,1.52,1.47,2.12,1.0,0.759,0.001,0.0,0.0,0.0,14,1.402,4.207,0.061,0.107,0.179,105,4,178,A,B,-0.344
97,Alec Burks,guard,2024,15206.0,0.46,0.43,0.578,0.55,0.884,-0.49,1.41,-0.67,1.59,-0.27,1.13,-0.65,1.51,-0.59,1.45,-1.13,1.99,-0.32,1.18,2.26,2.15,3.13,1.0,0.783,0.026,0.0,0.0,0.0,14,1.679,5.037,0.015,0.053,0.158,97,10,177,B,C,-0.349
98,Jaylen Brown,wing,2024,22009.0,0.13,0.128,0.318,0.309,0.917,-0.39,0.65,-0.49,0.75,-0.27,0.52,-0.48,0.73,-0.44,0.7,-0.74,1.0,-0.62,0.88,1.25,1.21,1.74,1.0,0.66,0.0,0.0,0.0,0.0,10,1.113,3.339,0.086,0.186,0.28,86,4,174,A,B,-0.36
99,Larry Nance,guard,2024,12271.0,-0.16,-0.11,0.319,0.29,0.86,-0.69,0.37,-0.79,0.47,-0.48,0.26,-0.68,0.46,-0.66,0.44,-0.95,0.74,-0.86,0.64,1.25,1.14,1.69,1.0,0.353,0.0,0.0,0.0,0.0,10,0.449,2.5,0.055,0.147,0.224,91,4,174,A,A+,-0.39
100,Jordan Clarkson,guard,2024,18746.0,0.37,0.354,0.515,0.494,0.904,-0.48,1.22,-0.64,1.38,-0.28,0.99,-0.62,1.32,-0.56,1.27,-1.04,1.75,-0.4,1.1,2.02,1.94,2.8,1.0,0.763,0.01,0.0,0.0,0.0,12,1.661,4.983,0.057,0.134,0.206,91,4,174,A,C,-0.391
101,Tyrese Haliburton,guard,2024,17616.0,0.1,0.11,0.398,0.383,0.898,-0.55,0.75,-0.68,0.88,-0.38,0.6,-0.64,0.86,-0.6,0.82,-0.97,1.19,-0.64,0.86,1.56,1.5,2.16,1.0,0.613,0.0,0.0,0.0,0.0,5,1.244,3.733,0.022,0.089,0.152,94,6,177,A,B,-0.455
102,Derrick Rose,guard,2024,7950.0,0.4,0.36,0.805,0.734,0.799,-0.92,1.72,-1.18,1.98,-0.58,1.3,-1.08,1.8,-1.04,1.76,-1.78,2.5,-0.39,1.11,3.16,2.88,4.27,0.999,0.688,0.06,0.0,0.0,0.0,14,1.692,5.075,0.0,0.0,0.0,106,79,114,B,C,-0.515
103,Jaren Jackson,guard,2024,16339.0,0.22,0.218,0.544,0.519,0.891,-0.67,1.11,-0.85,1.29,-0.45,0.88,-0.8,1.24,-0.75,1.18,-1.26,1.69,-0.53,0.97,2.13,2.04,2.95,1.0,0.663,0.007,0.0,0.0,0.0,8,1.638,4.915,0.011,0.011,0.016,104,27,135,B,C,-0.533
104,Kevin Love,guard,2024,12441.0,0.1,0.114,0.519,0.49,0.862,-0.75,0.95,-0.92,1.12,-0.51,0.74,-0.85,1.08,-0.8,1.03,-1.29,1.51,-0.64,0.86,2.03,1.92,2.8,1.0,0.592,0.002,0.0,0.0,0.0,17,1.365,4.094,0.0,0.0,0.042,96,30,166,A,B,-0.54
105,Dyson Daniels,guard,2024,4843.0,0.33,0.292,0.969,0.841,0.708,-1.26,1.92,-1.57,2.23,-0.79,1.37,-1.36,1.94,-1.35,1.94,-2.22,2.81,-0.46,1.04,3.8,3.3,5.03,0.997,0.636,0.075,0.0,0.0,0.0,4,1.589,4.767,0.024,0.089,0.17,89,6,177,B,C,-0.605
106,Kyle Lowry,guard,2024,18575.0,0.45,0.426,0.718,0.687,0.903,-0.73,1.63,-0.96,1.86,-0.46,1.31,-0.92,1.77,-0.85,1.7,-1.52,2.37,-0.32,1.18,2.81,2.69,3.9,1.0,0.732,0.059,0.0,0.0,0.0,19,2.306,6.917,0.024,0.091,0.157,94,6,177,B,D,-0.609
107,Tyrese Maxey,guard,2024,16284.0,-0.02,0.004,0.453,0.433,0.891,-0.76,0.72,-0.91,0.87,-0.55,0.56,-0.84,0.85,-0.8,0.81,-1.22,1.23,-0.75,0.75,1.77,1.7,2.46,1.0,0.504,0.0,0.0,0.0,0.0,6,1.361,4.084,0.003,0.003,0.059,125,18,173,A,B,-0.621
108,Buddy Hield,guard,2024,24104.0,-0.16,-0.132,0.317,0.308,0.923,-0.68,0.36,-0.78,0.46,-0.53,0.26,-0.74,0.47,-0.7,0.43,-1.0,0.73,-0.88,0.62,1.24,1.21,1.73,1.0,0.334,0.0,0.0,0.0,0.0,10,1.159,3.478,0.001,0.001,0.066,125,17,173,A,B,-0.634
109,Daniel Theis,guard,2024,10489.0,-0.39,-0.296,0.345,0.323,0.84,-0.96,0.18,-1.07,0.29,-0.71,0.12,-0.93,0.34,-0.9,0.31,-1.22,0.63,-1.05,0.45,1.35,1.26,1.85,1.0,0.18,0.0,0.0,0.0,0.0,5,0.727,2.5,0.116,0.18,0.268,99,1,181,A,A,-0.676
110,Scottie Barnes,guard,2024,14629.0,-0.52,-0.433,0.3,0.282,0.88,-1.01,-0.03,-1.11,0.07,-0.79,-0.07,-0.99,0.12,-0.95,0.09,-1.23,0.36,-1.18,0.32,1.18,1.1,1.59,1.0,0.062,0.0,0.0,0.0,0.0,5,0.647,2.5,0.023,0.086,0.17,89,9,176,A,A,-0.768
111,Jalen Smith,guard,2024,7007.0,-0.45,-0.306,0.449,0.416,0.778,-1.19,0.29,-1.33,0.43,-0.84,0.23,-1.12,0.51,-1.09,0.48,-1.5,0.89,-1.06,0.44,1.76,1.63,2.4,1.0,0.231,0.0,0.0,0.0,0.0,5,0.885,2.655,0.0,0.0,0.046,96,30,166,A,A,-0.78
112,Alperen Sengun,guard,2024,11567.0,-0.21,-0.15,0.54,0.508,0.853,-1.1,0.68,-1.27,0.85,-0.8,0.5,-1.15,0.85,-1.1,0.8,-1.6,1.3,-0.9,0.6,2.12,1.99,2.91,1.0,0.384,0.001,0.0,0.0,0.0,5,1.369,4.107,0.0,0.0,0.097,71,25,127,A,B,-0.815
113,Taylor Hendricks,guard,2024,1745.0,-1.0,-0.359,0.846,0.579,0.466,-2.39,0.39,-2.66,0.66,-1.1,0.38,-1.49,0.77,-1.67,0.96,-2.37,1.65,-1.11,0.39,3.32,2.27,4.02,0.998,0.267,0.001,0.0,0.0,0.0,2,0.615,2.5,0.04,0.045,0.197,74,22,161,B,C,-0.833
114,Deandre Ayton,big,2024,17876.0,-0.55,-0.505,0.3,0.282,0.899,-1.04,-0.06,-1.14,0.04,-0.87,-0.14,-1.06,0.05,-1.0,-0.01,-1.26,0.25,-1.25,0.25,1.18,1.1,1.51,1.0,0.037,0.0,0.0,0.0,0.0,8,0.629,2.5,0.0,0.003,0.074,93,18,170,A,A,-0.835
115,Cade Cunningham,guard,2024,9251.0,-0.38,-0.277,0.515,0.48,0.822,-1.23,0.47,-1.39,0.63,-0.89,0.34,-1.22,0.66,-1.18,0.63,-1.66,1.1,-1.03,0.47,2.02,1.88,2.76,1.0,0.282,0.0,0.0,0.0,0.0,5,1.169,3.506,0.0,0.0,0.0,43,27,154,A,B,-0.868
116,Markelle Fultz,guard,2024,10694.0,-0.81,-0.651,0.342,0.302,0.842,-1.37,-0.25,-1.48,-0.14,-1.04,-0.26,-1.24,-0.06,-1.24,-0.07,-1.55,0.24,-1.4,0.1,1.34,1.18,1.79,1.0,0.016,0.0,0.0,0.0,0.0,5,0.288,2.5,0.079,0.107,0.189,86,2,174,A,A+,-0.888
117,Anthony Black,guard,2024,2333.0,-1.09,-0.495,0.732,0.506,0.538,-2.29,0.11,-2.52,0.34,-1.14,0.15,-1.49,0.5,-1.64,0.65,-2.24,1.25,-1.24,0.26,2.87,1.98,3.49,0.999,0.164,0.0,0.0,0.0,0.0,3,0.47,2.5,0.073,0.073,0.124,67,5,167,A,B,-0.889
118,Malcolm Brogdon,guard,2024,15446.0,-0.55,-0.464,0.323,0.312,0.885,-1.08,-0.02,-1.18,0.08,-0.86,-0.06,-1.07,0.15,-1.04,0.11,-1.34,0.42,-1.21,0.29,1.27,1.22,1.76,1.0,0.068,0.0,0.0,0.0,0.0,9,0.947,2.842,0.0,0.0,0.0,60,27,134,A,A,-0.904
119,Payton Pritchard,guard,2024,9278.0,-0.76,-0.59,0.367,0.331,0.823,-1.36,-0.16,-1.48,-0.04,-1.01,-0.17,-1.24,0.06,-1.22,0.04,-1.56,0.38,-1.34,0.16,1.44,1.3,1.94,1.0,0.037,0.0,0.0,0.0,0.0,4,0.571,2.5,0.011,0.046,0.158,97,13,177,A,A,-0.927
120,Luke Kornet,big,2024,5592.0,-0.45,-0.358,0.61,0.547,0.737,-1.45,0.55,-1.65,0.75,-1.06,0.34,-1.43,0.71,-1.41,0.69,-1.96,1.25,-1.11,0.39,2.39,2.14,3.21,0.999,0.257,0.0,0.0,0.0,0.0,5,1.075,3.225,0.026,0.026,0.035,104,26,135,B,B,-0.954
121,Kyle Anderson,guard,2024,17215.0,-0.68,-0.588,0.3,0.288,0.896,-1.17,-0.19,-1.27,-0.09,-0.96,-0.22,-1.15,-0.02,-1.1,-0.08,-1.37,0.19,-1.34,0.16,1.18,1.13,1.56,1.0,0.02,0.0,0.0,0.0,0.0,11,0.855,2.565,0.023,0.08,0.165,90,9,177,A,A,-0.988
122,Bruce Brown,guard,2024,18111.0,-0.53,-0.457,0.382,0.368,0.901,-1.16,0.1,-1.28,0.22,-0.93,0.01,-1.18,0.26,-1.14,0.22,-1.5,0.58,-1.21,0.29,1.5,1.44,2.08,1.0,0.107,0.0,0.0,0.0,0.0,8,1.212,3.636,0.002,0.017,0.191,87,13,175,A,B,-1.005
123,Tyler Herro,guard,2024,17906.0,-0.36,-0.304,0.528,0.506,0.9,-1.23,0.51,-1.39,0.67,-0.95,0.34,-1.3,0.69,-1.24,0.63,-1.74,1.13,-1.05,0.45,2.07,1.98,2.87,1.0,0.274,0.0,0.0,0.0,0.0,6,1.665,4.996,0.0,0.007,0.13,90,14,170,A,C,-1.056
124,Thaddeus Young,guard,2024,10690.0,-0.69,-0.55,0.451,0.425,0.842,-1.43,0.05,-1.57,0.19,-1.09,-0.0,-1.38,0.28,-1.34,0.25,-1.77,0.67,-1.3,0.2,1.77,1.67,2.43,1.0,0.098,0.0,0.0,0.0,0.0,16,1.1,3.301,0.0,0.001,0.046,96,30,170,A,B,-1.092
125,Keldon Johnson,guard,2024,18006.0,-0.65,-0.565,0.37,0.357,0.9,-1.26,-0.04,-1.38,0.08,-1.02,-0.11,-1.26,0.13,-1.22,0.09,-1.57,0.44,-1.32,0.18,1.45,1.4,2.02,1.0,0.057,0.0,0.0,0.0,0.0,7,1.171,3.514,0.009,0.04,0.167,97,13,177,A,B,-1.095
126,Richaun Holmes,guard,2024,10135.0,-0.85,-0.677,0.363,0.345,0.835,-1.45,-0.25,-1.56,-0.14,-1.12,-0.23,-1.35,-0.0,-1.32,-0.03,-1.66,0.3,-1.43,0.07,1.42,1.35,1.96,1.0,0.025,0.0,0.0,0.0,0.0,8,0.862,2.586,0.017,0.06,0.162,97,10,177,A,A,-1.108
127,Nikola Vucevic,guard,2024,24264.0,-0.5,-0.447,0.424,0.411,0.924,-1.2,0.2,-1.33,0.33,-0.97,0.08,-1.25,0.36,-1.2,0.31,-1.61,0.71,-1.2,0.3,1.66,1.61,2.32,1.0,0.139,0.0,0.0,0.0,0.0,13,1.558,4.675,0.023,0.09,0.152,94,6,177,A,C,-1.12
128,Zach Lavine,guard,2024,20410.0,-0.12,-0.091,0.692,0.666,0.911,-1.26,1.02,-1.48,1.24,-0.94,0.76,-1.4,1.21,-1.32,1.14,-1.97,1.79,-0.84,0.66,2.71,2.61,3.76,0.998,0.445,0.008,0.0,0.0,0.0,12,2.332,6.995,0.0,0.005,0.11,90,14,170,B,D,-1.124
129,Harrison Barnes,guard,2024,24905.0,-0.77,-0.698,0.3,0.29,0.926,-1.26,-0.28,-1.36,-0.18,-1.07,-0.33,-1.27,-0.13,-1.21,-0.19,-1.48,0.08,-1.45,0.05,1.18,1.14,1.56,1.0,0.008,0.0,0.0,0.0,0.0,14,1.017,3.051,0.023,0.079,0.166,90,9,177,A,B,-1.148
130,D'Angelo Russell,guard,2024,19644.0,-0.42,-0.363,0.537,0.517,0.908,-1.3,0.46,-1.47,0.63,-1.02,0.3,-1.38,0.65,-1.32,0.59,-1.82,1.1,-1.11,0.39,2.11,2.03,2.92,0.999,0.241,0.0,0.0,0.0,0.0,11,1.776,5.327,0.0,0.001,0.042,96,30,170,B,C,-1.154
131,Andrew Wiggins,guard,2024,19923.0,-0.91,-0.809,0.3,0.283,0.909,-1.4,-0.42,-1.5,-0.32,-1.17,-0.45,-1.36,-0.25,-1.29,-0.32,-1.55,-0.07,-1.56,-0.06,1.18,1.11,1.48,1.0,0.002,0.0,0.0,0.0,0.0,12,0.677,2.5,0.0,0.0,0.036,79,41,127,A,A,-1.154
132,Jae Crowder,guard,2024,14174.0,-0.71,-0.597,0.47,0.448,0.876,-1.48,0.06,-1.63,0.21,-1.17,-0.02,-1.47,0.28,-1.43,0.23,-1.87,0.68,-1.35,0.15,1.84,1.75,2.55,0.999,0.091,0.0,0.0,0.0,0.0,12,1.32,3.959,0.069,0.069,0.089,61,5,135,A,B,-1.217
133,Paolo Banchero,guard,2024,10539.0,-1.28,-1.044,0.344,0.301,0.84,-1.85,-0.71,-1.96,-0.6,-1.43,-0.66,-1.63,-0.45,-1.63,-0.46,-1.94,-0.15,-1.79,-0.29,1.35,1.18,1.79,0.999,0.0,0.0,0.0,0.0,0.0,4,0.138,2.5,0.021,0.073,0.163,90,9,177,A,A,-1.236
134,Eric Gordon,guard,2024,15097.0,-0.72,-0.612,0.466,0.445,0.883,-1.49,0.05,-1.63,0.19,-1.18,-0.04,-1.48,0.26,-1.44,0.21,-1.87,0.65,-1.36,0.14,1.83,1.74,2.52,0.999,0.084,0.0,0.0,0.0,0.0,16,1.349,4.048,0.0,0.003,0.08,92,18,170,A,B,-1.239
135,Bobby Portis,wing,2024,17565.0,-0.91,-0.807,0.343,0.331,0.898,-1.47,-0.35,-1.58,-0.24,-1.23,-0.38,-1.46,-0.16,-1.42,-0.2,-1.74,0.13,-1.56,-0.06,1.35,1.3,1.87,1.0,0.007,0.0,0.0,0.0,0.0,11,1.072,3.217,0.06,0.125,0.191,91,2,174,A,B,-1.294
136,Quentin Grimes,guard,2024,7638.0,-1.22,-0.925,0.405,0.378,0.792,-1.89,-0.55,-2.01,-0.43,-1.41,-0.44,-1.67,-0.18,-1.64,-0.22,-2.01,0.16,-1.68,-0.18,1.59,1.48,2.17,0.998,0.007,0.0,0.0,0.0,0.0,5,0.825,2.5,0.023,0.083,0.168,89,9,177,A,A,-1.362
137,Kelly Olynyk,guard,2024,15789.0,-1.19,-1.034,0.3,0.288,0.888,-1.68,-0.7,-1.78,-0.6,-1.4,-0.66,-1.6,-0.47,-1.55,-0.52,-1.82,-0.24,-1.78,-0.28,1.18,1.13,1.58,1.0,0.0,0.0,0.0,0.0,0.0,12,0.831,2.5,0.112,0.195,0.289,91,1,178,A,A,-1.427
138,Russell Westbrook,guard,2024,22529.0,-0.48,-0.425,0.664,0.641,0.918,-1.57,0.61,-1.78,0.82,-1.25,0.4,-1.68,0.83,-1.61,0.76,-2.23,1.38,-1.17,0.33,2.6,2.51,3.62,0.993,0.254,0.001,0.0,0.0,0.0,18,2.349,7.048,0.075,0.176,0.27,86,4,174,B,D,-1.45
139,Moritz Wagner,guard,2024,10371.0,-1.08,-0.873,0.515,0.483,0.838,-1.93,-0.23,-2.09,-0.07,-1.49,-0.25,-1.82,0.07,-1.78,0.03,-2.26,0.51,-1.62,-0.12,2.02,1.89,2.77,0.99,0.035,0.0,0.0,0.0,0.0,6,1.236,3.709,0.0,0.0,0.087,116,17,168,A,B,-1.485
140,Patrick Williams,guard,2024,11844.0,-1.49,-1.246,0.325,0.298,0.856,-2.02,-0.96,-2.13,-0.85,-1.63,-0.86,-1.83,-0.66,-1.81,-0.68,-2.11,-0.38,-2.0,-0.5,1.27,1.17,1.73,0.994,0.0,0.0,0.0,0.0,0.0,6,0.538,2.5,0.0,0.0,0.0,114,106,114,A,A,-1.556
141,Georges Niang,guard,2024,14259.0,-1.54,-1.326,0.3,0.275,0.877,-2.03,-1.05,-2.13,-0.95,-1.68,-0.97,-1.87,-0.79,-1.84,-0.81,-2.12,-0.53,-2.08,-0.58,1.18,1.08,1.58,0.993,0.0,0.0,0.0,0.0,0.0,5,0.422,2.5,0.0,0.0,0.0,60,27,154,A,A+,-1.59
142,Isaiah Livers,guard,2024,4095.0,-1.82,-1.157,0.552,0.468,0.672,-2.73,-0.91,-2.9,-0.74,-1.76,-0.56,-2.07,-0.24,-2.09,-0.23,-2.58,0.26,-1.91,-0.41,2.17,1.84,2.84,0.964,0.007,0.0,0.0,0.0,0.0,3,0.711,2.5,0.119,0.187,0.278,93,1,181,A,B,-1.604
143,Jalen Johnson,guard,2024,6293.0,-1.73,-1.265,0.446,0.388,0.759,-2.46,-1.0,-2.6,-0.86,-1.76,-0.77,-2.02,-0.5,-2.02,-0.51,-2.42,-0.11,-2.01,-0.51,1.75,1.52,2.32,0.971,0.001,0.0,0.0,0.0,0.0,3,0.609,2.5,0.017,0.059,0.162,97,10,177,A,B,-1.642
144,Josh Giddey,guard,2024,12414.0,-1.74,-1.471,0.317,0.284,0.861,-2.26,-1.22,-2.36,-1.12,-1.83,-1.11,-2.03,-0.91,-2.02,-0.92,-2.31,-0.64,-2.22,-0.72,1.24,1.11,1.67,0.969,0.0,0.0,0.0,0.0,0.0,5,0.236,2.5,0.0,0.004,0.089,92,18,170,A,A+,-1.684
145,Jerami Grant,guard,2024,18578.0,-1.54,-1.371,0.3,0.283,0.903,-2.03,-1.05,-2.13,-0.95,-1.73,-1.01,-1.92,-0.82,-1.86,-0.88,-2.12,-0.62,-2.12,-0.62,1.18,1.11,1.5,0.987,0.0,0.0,0.0,0.0,0.0,12,0.664,2.5,0.025,0.088,0.167,89,6,177,A,A,-1.712
146,Devin Vassell,guard,2024,13272.0,-1.46,-1.243,0.382,0.365,0.869,-2.09,-0.83,-2.21,-0.71,-1.71,-0.78,-1.96,-0.53,-1.92,-0.57,-2.28,-0.21,-1.99,-0.49,1.5,1.43,2.07,0.981,0.0,0.0,0.0,0.0,0.0,6,1.038,3.114,0.029,0.032,0.203,74,22,150,A,B,-1.737
147,Tre Mann,guard,2024,7054.0,-2.02,-1.53,0.421,0.347,0.779,-2.71,-1.33,-2.85,-1.19,-1.97,-1.08,-2.21,-0.85,-2.23,-0.83,-2.6,-0.46,-2.28,-0.78,1.65,1.36,2.14,0.912,0.0,0.0,0.0,0.0,0.0,4,0.117,2.5,0.001,0.001,0.002,104,27,134,A,A,-1.739
148,Ivica Zubac,guard,2024,17440.0,-1.55,-1.37,0.309,0.298,0.897,-2.06,-1.04,-2.15,-0.95,-1.75,-0.99,-1.95,-0.79,-1.92,-0.82,-2.21,-0.53,-2.12,-0.62,1.21,1.17,1.68,0.983,0.0,0.0,0.0,0.0,0.0,9,0.961,2.882,0.0,0.0,0.0,43,27,154,A,A,-1.807
149,Saddiq Bey,guard,2024,17916.0,-1.83,-1.626,0.3,0.278,0.9,-2.32,-1.34,-2.42,-1.24,-1.98,-1.27,-2.17,-1.08,-2.12,-1.13,-2.38,-0.88,-2.38,-0.88,1.18,1.09,1.5,0.911,0.0,0.0,0.0,0.0,0.0,5,0.412,2.5,0.001,0.015,0.19,87,13,175,A,A+,-1.889
150,Andrew Nembhard,guard,2024,7778.0,-1.95,-1.51,0.401,0.375,0.795,-2.61,-1.29,-2.74,-1.16,-1.99,-1.03,-2.25,-0.77,-2.21,-0.81,-2.59,-0.43,-2.26,-0.76,1.57,1.47,2.15,0.904,0.0,0.0,0.0,0.0,0.0,4,0.828,2.5,0.019,0.019,0.079,120,11,173,A,A,-1.946
151,Grayson Allen,guard,2024,16951.0,-1.7,-1.499,0.376,0.361,0.894,-2.32,-1.08,-2.44,-0.96,-1.96,-1.04,-2.21,-0.79,-2.17,-0.83,-2.52,-0.48,-2.25,-0.75,1.47,1.42,2.04,0.917,0.0,0.0,0.0,0.0,0.0,7,1.153,3.458,0.062,0.073,0.199,78,2,164,A,B,-2.025
152,Grant Williams,guard,2024,16518.0,-1.92,-1.691,0.3,0.282,0.892,-2.41,-1.43,-2.51,-1.33,-2.05,-1.33,-2.24,-1.14,-2.2,-1.19,-2.46,-0.92,-2.44,-0.94,1.18,1.11,1.55,0.863,0.0,0.0,0.0,0.0,0.0,7,0.665,2.5,0.02,0.065,0.162,96,10,177,A,A,-2.032
153,Tyus Jones,guard,2024,16342.0,-1.74,-1.528,0.437,0.419,0.891,-2.46,-1.02,-2.6,-0.88,-2.07,-0.99,-2.35,-0.71,-2.3,-0.75,-2.72,-0.34,-2.28,-0.78,1.71,1.64,2.37,0.87,0.0,0.0,0.0,0.0,0.0,10,1.317,3.952,0.051,0.051,0.111,85,5,168,A,B,-2.133
154,Jordan Hawkins,guard,2024,2329.0,-2.76,-1.392,1.099,0.858,0.538,-4.57,-0.95,-4.91,-0.61,-2.49,-0.29,-3.07,0.29,-3.18,0.39,-4.13,1.34,-2.14,-0.64,4.31,3.36,5.47,0.761,0.052,0.0,0.0,0.0,0.0,2,1.25,3.75,0.011,0.044,0.158,97,13,177,B,C,-2.196
155,Jaden Ivey,guard,2024,9238.0,-2.28,-1.839,0.368,0.339,0.822,-2.89,-1.67,-3.0,-1.56,-2.27,-1.4,-2.5,-1.17,-2.48,-1.2,-2.82,-0.86,-2.59,-1.09,1.44,1.33,1.96,0.683,0.0,0.0,0.0,0.0,0.0,4,0.704,2.5,0.063,0.121,0.187,91,2,174,A,A,-2.22
156,Evan Fournier,guard,2024,13454.0,-2.05,-1.759,0.378,0.361,0.871,-2.67,-1.43,-2.79,-1.31,-2.22,-1.3,-2.47,-1.05,-2.43,-1.09,-2.78,-0.73,-2.51,-1.01,1.48,1.41,2.05,0.748,0.0,0.0,0.0,0.0,0.0,11,1.033,3.099,0.004,0.004,0.006,104,27,135,A,B,-2.249
157,Anfernee Simons,guard,2024,15990.0,-1.87,-1.64,0.454,0.434,0.889,-2.62,-1.12,-2.76,-0.98,-2.2,-1.08,-2.49,-0.79,-2.44,-0.83,-2.87,-0.41,-2.39,-0.89,1.78,1.7,2.46,0.797,0.0,0.0,0.0,0.0,0.0,7,1.352,4.057,0.0,0.0,0.094,116,17,168,A,B,-2.263
158,Pat Connaughton,guard,2024,15802.0,-2.32,-2.037,0.3,0.285,0.888,-2.81,-1.83,-2.91,-1.73,-2.4,-1.67,-2.6,-1.48,-2.55,-1.52,-2.82,-1.25,-2.79,-1.29,1.18,1.12,1.57,0.449,0.0,0.0,0.0,0.0,0.0,7,0.755,2.5,0.009,0.01,0.218,71,25,133,A,A,-2.406
159,Precious Achiuwa,guard,2024,10168.0,-2.57,-2.115,0.351,0.314,0.836,-3.15,-1.99,-3.26,-1.88,-2.52,-1.71,-2.73,-1.5,-2.72,-1.51,-3.04,-1.19,-2.86,-1.36,1.37,1.23,1.85,0.358,0.0,0.0,0.0,0.0,0.0,5,0.479,2.5,0.1,0.193,0.287,78,3,174,A,A+,-2.416
160,Bismack Biyombo,guard,2024,9017.0,-2.48,-1.993,0.398,0.375,0.818,-3.13,-1.83,-3.26,-1.7,-2.47,-1.51,-2.73,-1.26,-2.69,-1.29,-3.06,-0.92,-2.74,-1.24,1.56,1.47,2.14,0.507,0.0,0.0,0.0,0.0,0.0,10,0.89,2.671,0.01,0.044,0.163,97,13,177,A,A,-2.448
161,Josh Richardson,guard,2024,15417.0,-2.35,-2.057,0.318,0.306,0.885,-2.87,-1.83,-2.97,-1.73,-2.45,-1.66,-2.66,-1.46,-2.62,-1.49,-2.92,-1.19,-2.81,-1.31,1.24,1.2,1.73,0.426,0.0,0.0,0.0,0.0,0.0,9,0.929,2.788,0.024,0.093,0.16,93,6,177,A,A,-2.489
162,Ayo Dosunmu,guard,2024,12867.0,-2.63,-2.249,0.312,0.282,0.865,-3.14,-2.12,-3.24,-2.02,-2.61,-1.89,-2.8,-1.7,-2.79,-1.71,-3.07,-1.43,-3.0,-1.5,1.22,1.1,1.65,0.188,0.0,0.0,0.0,0.0,0.0,5,0.333,2.5,0.0,0.0,0.0,32,27,154,A,A+,-2.49
163,Cole Anthony,guard,2024,13396.0,-2.46,-2.114,0.337,0.323,0.87,-3.01,-1.91,-3.12,-1.8,-2.53,-1.7,-2.75,-1.48,-2.71,-1.52,-3.03,-1.2,-2.86,-1.36,1.32,1.27,1.83,0.362,0.0,0.0,0.0,0.0,0.0,6,0.919,2.757,0.03,0.08,0.142,105,6,178,A,A,-2.551
164,Terry Rozier,guard,2024,22661.0,-2.47,-2.253,0.3,0.284,0.919,-2.96,-1.98,-3.06,-1.88,-2.62,-1.89,-2.81,-1.7,-2.73,-1.78,-2.98,-1.53,-3.0,-1.5,1.18,1.11,1.44,0.186,0.0,0.0,0.0,0.0,0.0,9,0.664,2.5,0.006,0.032,0.171,96,13,176,A,A,-2.594
165,Jalen Green,guard,2024,15011.0,-2.77,-2.421,0.3,0.284,0.882,-3.26,-2.28,-3.36,-2.18,-2.79,-2.06,-2.98,-1.86,-2.94,-1.9,-3.21,-1.63,-3.17,-1.67,1.18,1.11,1.59,0.069,0.0,0.0,0.0,0.0,0.0,5,0.73,2.5,0.001,0.012,0.178,87,13,171,A,A,-2.782
166,Bennedict Mathurin,guard,2024,7833.0,-3.02,-2.365,0.399,0.37,0.797,-3.68,-2.36,-3.8,-2.24,-2.84,-1.89,-3.09,-1.64,-3.06,-1.67,-3.43,-1.3,-3.12,-1.62,1.57,1.45,2.14,0.162,0.0,0.0,0.0,0.0,0.0,4,0.786,2.5,0.037,0.085,0.153,105,6,178,A,A,-2.786
167,Keyonte George,guard,2024,4116.0,-3.73,-2.445,0.551,0.43,0.673,-4.64,-2.82,-4.81,-2.65,-3.0,-1.89,-3.29,-1.6,-3.34,-1.55,-3.81,-1.08,-3.19,-1.69,2.16,1.68,2.74,0.15,0.0,0.0,0.0,0.0,0.0,3,0.435,2.5,0.002,0.018,0.192,87,13,175,A,B,-2.79
168,Klay Thompson,guard,2024,11392.0,-2.13,-1.782,0.836,0.781,0.851,-3.5,-0.76,-3.77,-0.49,-2.78,-0.78,-3.31,-0.25,-3.25,-0.32,-4.02,0.46,-2.53,-1.03,3.28,3.06,4.48,0.61,0.011,0.0,0.0,0.0,0.0,13,2.102,6.307,0.0,0.0,0.096,116,17,167,B,D,-2.803
169,Rj Barrett,guard,2024,21884.0,-2.7,-2.457,0.3,0.286,0.916,-3.19,-2.21,-3.29,-2.11,-2.82,-2.09,-3.02,-1.9,-2.94,-1.98,-3.19,-1.73,-3.21,-1.71,1.18,1.12,1.46,0.055,0.0,0.0,0.0,0.0,0.0,7,0.804,2.5,0.036,0.036,0.096,102,11,168,A,A,-2.841
170,Kyle Kuzma,guard,2024,20812.0,-2.6,-2.355,0.324,0.314,0.912,-3.13,-2.07,-3.23,-1.97,-2.76,-1.95,-2.97,-1.74,-2.93,-1.78,-3.24,-1.47,-3.1,-1.6,1.27,1.23,1.77,0.129,0.0,0.0,0.0,0.0,0.0,8,1.101,3.302,0.001,0.011,0.168,87,13,170,A,B,-2.842
171,Bilal Coulibaly,guard,2024,3583.0,-4.18,-2.611,0.591,0.453,0.642,-5.15,-3.21,-5.34,-3.02,-3.19,-2.03,-3.5,-1.72,-3.57,-1.66,-4.07,-1.15,-3.36,-1.86,2.32,1.78,2.92,0.089,0.0,0.0,0.0,0.0,0.0,3,0.478,2.5,0.004,0.026,0.182,90,13,176,A,B,-2.981
172,Scoot Henderson,guard,2024,3549.0,-4.39,-2.736,0.593,0.462,0.64,-5.37,-3.41,-5.55,-3.23,-3.33,-2.14,-3.64,-1.83,-3.7,-1.77,-4.21,-1.26,-3.49,-1.99,2.33,1.81,2.95,0.056,0.0,0.0,0.0,0.0,0.0,3,0.536,2.5,0.001,0.009,0.157,87,14,170,A,B,-3.128
173,Brandon Miller,guard,2024,4751.0,-3.26,-2.235,1.06,0.916,0.704,-5.0,-1.52,-5.34,-1.18,-3.41,-1.06,-4.03,-0.44,-4.03,-0.44,-4.98,0.51,-2.98,-1.48,4.16,3.59,5.49,0.399,0.007,0.0,0.0,0.0,0.0,3,1.722,5.167,0.079,0.115,0.188,86,2,174,C,C,-3.21
174,Gradey Dick,guard,2024,2590.0,-5.46,-2.994,0.695,0.478,0.564,-6.6,-4.32,-6.82,-4.1,-3.61,-2.38,-3.93,-2.06,-4.07,-1.91,-4.65,-1.34,-3.74,-2.24,2.72,1.87,3.31,0.019,0.0,0.0,0.0,0.0,0.0,2,0.38,2.5,0.024,0.082,0.143,100,6,178,A,C,-3.347
175,Gary Trent,guard,2024,19475.0,-3.33,-3.001,0.3,0.286,0.907,-3.82,-2.84,-3.92,-2.74,-3.37,-2.63,-3.56,-2.44,-3.49,-2.51,-3.75,-2.25,-3.75,-2.25,1.18,1.12,1.5,0.0,0.0,0.0,0.0,0.0,0.0,7,0.798,2.5,0.013,0.013,0.069,124,11,173,A,A,-3.383
176,Lonnie Walker,guard,2024,13097.0,-3.67,-3.157,0.337,0.323,0.868,-4.22,-3.12,-4.33,-3.01,-3.57,-2.74,-3.79,-2.52,-3.76,-2.56,-4.07,-2.24,-3.91,-2.41,1.32,1.27,1.83,0.0,0.0,0.0,0.0,0.0,0.0,6,0.91,2.73,0.0,0.0,0.095,116,17,167,A,A,-3.592
177,Norman Powell,guard,2024,17729.0,-3.6,-3.215,0.476,0.457,0.899,-4.38,-2.82,-4.53,-2.67,-3.8,-2.63,-4.11,-2.32,-4.06,-2.37,-4.51,-1.92,-3.96,-2.46,1.87,1.79,2.59,0.004,0.0,0.0,0.0,0.0,0.0,10,1.495,4.484,0.0,0.0,0.047,96,30,158,A,B,-3.892
178,Aleksej Pokusevski,guard,2024,6987.0,-4.57,-3.508,0.514,0.472,0.777,-5.42,-3.72,-5.58,-3.56,-4.11,-2.9,-4.43,-2.58,-4.4,-2.61,-4.88,-2.14,-4.26,-2.76,2.02,1.85,2.74,0.001,0.0,0.0,0.0,0.0,0.0,4,1.013,3.039,0.007,0.036,0.166,97,13,176,A,B,-4.048
179,Killian Hayes,guard,2024,11113.0,-4.56,-3.834,0.335,0.31,0.847,-5.11,-4.01,-5.22,-3.9,-4.23,-3.44,-4.44,-3.23,-4.42,-3.25,-4.73,-2.94,-4.58,-3.08,1.31,1.22,1.79,0.0,0.0,0.0,0.0,0.0,0.0,5,0.64,2.5,0.002,0.021,0.191,87,13,176,A,A,-4.181
180,Jordan Nwora,guard,2024,6960.0,-5.84,-4.492,0.57,0.521,0.777,-6.78,-4.9,-6.96,-4.72,-5.16,-3.82,-5.51,-3.47,-5.48,-3.5,-6.01,-2.98,-5.24,-3.74,2.24,2.04,3.03,0.0,0.0,0.0,0.0,0.0,0.0,3,1.121,3.363,0.021,0.075,0.167,90,9,177,B,B,-5.089
181,James Wiseman,guard,2024,5777.0,-6.68,-4.911,0.465,0.407,0.743,-7.45,-5.91,-7.59,-5.77,-5.43,-4.39,-5.71,-4.11,-5.7,-4.12,-6.12,-3.7,-5.66,-4.16,1.82,1.59,2.42,0.0,0.0,0.0,0.0,0.0,0.0,3,0.669,2.5,0.024,0.089,0.161,90,6,177,A,B,-5.315
